MachineID,Age,OperatingHours,Temperature,VibrationLevel,Pressure,MaintenanceHours,Failures,ShiftPattern,OperatorSkill,EnergyConsumption,DowntimeHours
M100000,8.2,435.0,49.8,2.002,8.15,1.5,3,Day,Medium,1177.4,5.81
M100001,2.8,496.4,77.8,3.242,7.61,0.0,3,Night,Medium,1352.9,6.96
M100002,10.0,294.9,67.4,1.694,10.0,4.3,0,Rotational,Low,1187.0,3.19
M100003,10.8,395.7,61.4,2.322,9.73,3.5,2,Night,High,1160.0,4.18
M100004,0.0,490.5,65.2,2.939,6.16,2.9,0,Rotational,Medium,1225.4,4.13
M100005,1.8,425.6,79.4,2.689,7.55,0.0,0,Night,Medium,1369.7,7.18
M100006,7.5,544.7,76.0,4.775,9.88,0.7,2,Day,Medium,1446.3,8.02
M100007,5.7,286.0,66.6,2.296,9.39,4.1,0,Rotational,Medium,1134.7,3.47
M100008,6.9,276.3,55.5,0.966,8.9,0.2,0,Day,,1031.7,4.18
M100009,3.6,485.4,56.2,1.429,10.41,1.9,0,Rotational,Low,1312.5,5.72
M100010,10.5,493.6,76.3,3.291,7.34,2.7,0,Day,Medium,1342.6,3.68
M100011,10.1,403.6,53.9,2.476,8.61,1.7,1,Day,Medium,1140.0,5.24
M100012,7.3,454.0,66.7,1.789,10.28,5.3,0,Night,Medium,1326.3,4.97
M100013,11.5,483.3,97.5,8.839,8.53,3.7,3,Night,High,1669.2,21.65
M100014,8.9,350.8,73.1,5.025,9.97,3.4,2,Night,,1200.0,7.83
M100015,3.6,359.9,76.2,3.225,7.78,,1,Day,High,1222.2,5.19
M100016,8.5,436.1,56.3,3.731,8.26,0.7,1,Day,Low,,8.63
M100017,3.2,496.8,54.5,2.908,6.83,,2,Night,Low,1083.6,9.31
M100018,10.5,320.9,76.8,1.774,6.41,1.3,1,Day,Low,1224.4,3.6
M100019,6.8,403.2,64.9,5.559,8.79,4.3,2,Day,,1229.3,7.77
M100020,6.3,399.2,80.9,5.082,10.18,1.5,1,Day,High,1442.7,7.82
M100021,4.3,455.5,69.6,1.235,9.33,2.6,1,Night,Low,1347.1,4.95
M100022,11.9,419.3,107.1,3.718,11.24,0.2,2,Day,High,1846.3,20.6
M100023,6.4,373.6,62.8,3.929,8.91,4.4,1,Day,Low,1230.1,4.48
M100024,5.3,526.1,72.3,2.827,6.32,0.3,2,Night,Medium,1388.2,7.55
M100025,5.6,374.2,59.3,,10.02,1.7,1,Day,Low,1170.0,14.28
M100026,9.1,395.2,80.5,8.974,7.88,1.7,3,Night,Medium,1456.4,15.26
M100027,8.5,284.7,73.9,2.749,9.69,2.2,2,Day,Medium,1220.5,4.89
M100028,8.7,359.3,58.5,2.97,6.07,0.5,1,Day,Medium,1095.2,6.44
M100029,8.7,463.9,65.6,2.801,9.09,1.3,3,Day,Medium,1281.9,5.17
M100030,15.6,447.3,84.2,2.446,10.55,3.4,2,Rotational,Medium,1522.5,8.01
M100031,5.4,471.0,82.9,2.095,10.37,3.3,4,Day,Low,1542.5,7.92
M100032,5.0,466.8,53.5,4.278,9.12,0.8,2,Day,Medium,1238.1,6.21
M100033,3.7,597.5,64.0,8.853,9.42,2.6,3,Rotational,Medium,1350.0,13.31
M100034,9.5,356.4,89.1,7.207,8.75,2.6,2,Rotational,Low,1439.8,14.33
M100035,11.5,282.3,67.3,4.926,9.05,0.8,2,Day,Medium,1095.6,6.38
M100036,6.5,330.7,71.1,0.996,10.44,1.5,3,Rotational,High,1248.7,3.41
M100037,3.6,360.2,80.4,1.307,8.38,1.2,2,Night,,1343.6,6.25
M100038,3.7,337.2,54.4,5.652,8.52,2.1,1,Day,Low,1077.7,7.18
M100039,9.6,428.0,58.8,,7.13,1.9,3,Night,Low,1149.2,13.14
M100040,10.0,526.5,65.5,4.379,10.47,4.2,3,Day,High,1333.4,6.4
M100041,9.2,550.9,82.4,2.85,9.02,0.4,2,Night,Medium,1592.2,8.71
M100042,4.3,462.9,80.3,6.528,7.61,3.7,0,Day,Medium,,10.13
M100043,7.9,602.0,77.0,4.839,10.73,2.3,1,Day,High,1598.8,6.4
M100044,7.5,389.7,67.6,5.863,9.35,0.0,2,Rotational,Low,1267.8,11.67
M100045,7.9,281.2,81.5,1.312,8.3,4.9,1,Rotational,High,1279.3,3.57
M100046,10.5,509.5,67.4,3.942,10.76,1.5,0,Night,Medium,1482.4,7.98
M100047,7.9,263.7,75.5,8.063,8.91,3.2,5,Day,High,1227.8,11.63
M100048,9.7,355.8,79.1,4.322,7.06,6.0,1,Day,Medium,1394.3,8.19
M100049,7.3,464.2,,5.334,10.86,2.7,0,Night,High,1655.5,12.33
M100050,8.2,411.3,68.5,3.381,8.16,1.4,1,Rotational,Medium,1224.1,5.89
M100051,9.5,403.8,65.1,3.501,13.95,3.7,2,Day,Low,1365.0,5.91
M100052,1.2,319.6,83.3,6.694,8.75,0.5,4,Rotational,High,1313.5,9.99
M100053,5.7,419.1,84.2,2.375,6.4,2.6,4,Day,Medium,1457.0,6.25
M100054,5.1,505.3,,2.262,12.05,0.0,3,Day,Medium,1420.1,4.15
M100055,4.4,421.7,56.9,2.614,9.33,0.0,1,Night,High,1117.0,3.97
M100056,5.9,349.4,82.5,3.359,9.8,2.3,2,Rotational,Medium,1437.2,7.14
M100057,13.0,314.0,51.0,1.484,9.99,4.7,1,Day,Medium,1049.2,3.39
M100058,3.5,351.2,50.5,4.785,7.38,1.8,2,Rotational,High,1059.7,8.31
M100059,10.9,453.3,66.1,3.058,6.17,3.9,1,Day,Medium,1147.1,5.12
M100060,0.3,449.2,,5.088,12.35,0.8,0,Rotational,Medium,1399.0,5.7
M100061,5.7,352.0,56.3,1.151,7.07,2.0,0,Night,High,1081.7,1.85
M100062,7.7,232.1,70.4,5.098,11.88,1.5,2,Day,Medium,1176.7,5.83
M100063,9.3,455.7,70.9,6.478,10.21,0.1,1,Night,Low,1403.4,12.18
M100064,9.8,343.7,62.7,4.134,9.68,4.1,1,Rotational,Low,1148.1,4.92
M100065,10.2,478.6,90.4,3.37,8.72,1.2,3,Rotational,Medium,1564.6,13.96
M100066,5.6,355.7,72.7,5.117,12.88,1.9,1,Rotational,Medium,1418.2,7.82
M100067,5.2,336.0,80.4,6.27,8.38,1.1,6,Day,Low,1337.6,12.2
M100068,10.4,433.0,52.0,4.312,8.42,4.5,1,Day,High,1035.6,4.62
M100069,6.2,620.4,51.9,4.476,10.43,0.5,0,Day,Medium,1424.9,8.68
M100070,1.9,483.7,73.1,,8.41,1.5,1,Day,Low,1428.2,10.72
M100071,2.5,431.6,88.4,4.858,7.9,1.6,4,Rotational,Low,1489.8,11.54
M100072,3.3,450.5,56.9,2.225,9.33,0.2,0,Night,Low,1320.2,6.27
M100073,9.0,271.2,69.6,6.255,10.45,0.3,4,Rotational,Medium,1198.7,10.27
M100074,7.6,324.6,54.4,3.121,12.24,3.4,0,Day,Low,1189.7,5.8
M100075,9.8,206.6,60.1,3.376,12.55,2.2,2,Night,,989.3,7.15
M100076,5.3,567.0,70.1,3.502,6.73,0.7,0,Rotational,Medium,1470.9,5.59
M100077,7.6,549.8,62.6,5.389,10.98,1.7,2,Day,Low,1440.6,8.42
M100078,9.5,453.4,53.6,7.96,7.94,3.4,2,Day,High,1236.3,10.29
M100079,5.8,431.5,53.4,3.361,8.02,2.5,2,Day,High,1087.7,4.35
M100080,8.8,288.1,47.3,7.89,8.61,4.7,1,Night,Medium,1076.3,13.61
M100081,4.4,401.4,73.2,3.605,8.52,1.0,4,Day,Medium,1354.1,5.57
M100082,5.5,572.4,74.6,6.693,7.82,1.8,2,Night,Low,1508.8,11.75
M100083,5.5,431.2,74.5,3.666,5.93,2.0,1,Day,Medium,1230.3,5.68
M100084,2.2,372.0,58.0,2.596,11.59,2.2,2,Day,Medium,1236.9,4.4
M100085,8.9,270.6,79.1,8.68,10.77,1.6,3,Night,Medium,1324.3,12.98
M100086,5.1,537.3,75.8,2.475,9.4,0.2,2,Day,Low,1485.7,6.81
M100087,7.0,414.0,68.1,2.393,7.97,2.5,2,Day,Low,1281.5,6.21
M100088,8.9,270.7,66.3,1.772,11.28,0.0,0,Night,High,1095.5,4.93
M100089,8.8,341.4,60.9,6.257,9.33,0.6,2,Day,Low,1209.2,10.95
M100090,9.7,311.4,70.1,,8.56,1.3,5,Day,High,1146.6,9.09
M100091,6.6,408.8,85.8,4.001,6.96,3.3,3,Day,Medium,1399.9,8.87
M100092,5.3,437.6,80.5,2.03,10.23,0.0,0,Day,Medium,1441.4,5.84
M100093,6.7,377.2,65.2,3.309,8.92,1.3,1,Night,Medium,1215.5,6.39
M100094,0.3,486.0,73.9,2.854,9.82,0.1,2,Rotational,Low,1340.7,7.19
M100095,1.2,426.7,55.9,1.983,9.68,1.0,0,Rotational,Medium,1096.5,2.96
M100096,1.7,510.3,76.0,2.6,10.38,2.1,0,Day,Medium,1457.6,4.81
M100097,3.0,389.6,58.9,4.275,9.75,2.8,0,Night,Medium,1084.3,6.75
M100098,8.6,678.9,75.6,2.453,8.97,1.3,1,Rotational,High,1531.3,5.24
M100099,3.4,372.0,100.7,3.842,10.26,2.6,3,Day,Low,1631.7,17.47
M100100,5.5,343.2,61.7,1.366,10.85,2.7,0,Rotational,Medium,1176.6,3.28
M100101,12.2,332.8,100.2,7.687,11.74,3.1,4,Day,Medium,1579.5,18.87
M100102,5.6,402.1,73.4,2.73,7.74,1.9,0,Rotational,Medium,1377.4,5.22
M100103,10.0,273.8,59.8,5.13,11.09,1.1,0,Night,Low,972.0,10.18
M100104,3.3,445.0,59.2,3.649,7.04,0.3,2,Night,Medium,1139.6,7.72
M100105,6.2,258.0,94.0,4.06,10.95,0.0,2,Night,Medium,1455.1,14.35
M100106,3.2,433.7,73.4,1.885,8.54,1.0,0,Rotational,High,1362.9,2.66
M100107,5.6,305.1,61.8,2.27,10.69,3.6,0,Day,Medium,1077.9,2.19
M100108,10.4,387.6,65.8,2.296,11.66,3.2,4,Day,Medium,1319.4,4.81
M100109,0.1,471.4,72.7,3.362,9.77,1.5,0,Night,Low,1370.6,7.58
M100110,8.7,615.8,67.9,6.444,9.43,1.8,1,,Low,1551.9,9.78
M100111,8.0,328.4,71.8,4.123,9.35,4.0,1,Rotational,Medium,1298.9,6.13
M100112,4.6,407.2,87.5,2.117,8.79,4.5,0,Day,Medium,1445.3,6.66
M100113,1.2,358.5,55.6,3.468,11.19,2.9,3,Day,Low,1156.6,5.55
M100114,7.3,346.1,75.1,3.189,9.34,0.0,0,Rotational,High,1312.9,5.2
M100115,4.9,359.2,67.2,2.786,6.24,2.3,4,Night,High,1162.2,4.45
M100116,7.9,490.0,62.5,3.295,10.83,2.7,1,Night,Low,1333.7,7.72
M100117,7.1,378.5,79.8,4.864,10.75,2.4,1,Night,High,1393.8,7.5
M100118,13.4,611.2,51.9,,9.56,0.4,1,Day,High,1425.5,5.17
M100119,6.0,455.4,42.0,2.793,8.32,3.5,0,Day,Medium,1089.7,7.55
M100120,2.9,334.1,70.5,5.425,7.76,3.1,3,Day,Medium,1218.2,7.14
M100121,7.7,388.8,66.5,4.197,8.32,2.4,1,Night,Low,1259.3,6.34
M100122,7.9,351.8,53.1,6.294,9.8,3.0,3,Night,Medium,1049.5,11.56
M100123,12.4,488.0,49.2,6.807,6.73,2.0,6,Rotational,Medium,1086.5,15.08
M100124,10.3,280.7,89.2,1.682,10.14,0.6,1,Night,Medium,1330.9,7.97
M100125,8.4,306.0,73.1,3.835,9.61,0.9,2,Night,Medium,1244.4,8.67
M100126,12.9,369.7,68.2,2.575,11.43,1.1,0,Day,Low,1239.7,6.44
M100127,2.2,478.1,92.1,1.823,10.55,2.8,0,Night,Low,1595.7,9.32
M100128,4.4,524.8,79.2,2.238,8.42,0.9,2,Night,Medium,1460.6,6.13
M100129,3.3,537.3,87.5,2.857,6.96,0.9,2,Day,Low,1496.0,11.7
M100130,5.4,465.0,55.0,2.865,8.27,0.3,2,Night,Low,1226.0,7.84
M100131,1.5,413.0,54.6,2.451,11.57,2.5,0,Day,Medium,1346.6,2.93
M100132,9.5,487.5,74.8,3.298,9.94,0.9,1,Rotational,High,1344.6,6.18
M100133,6.1,322.7,72.6,11.283,10.4,0.7,5,Rotational,,1323.5,15.4
M100134,1.1,263.2,81.7,1.401,8.56,0.8,0,Day,Medium,1262.8,4.1
M100135,2.9,457.1,50.1,5.863,10.23,0.8,0,Day,Medium,1099.4,10.73
M100136,8.3,334.5,75.7,3.29,7.22,2.0,0,Rotational,High,1192.9,3.12
M100137,10.4,414.4,78.9,2.667,10.9,5.2,1,Day,Medium,1442.4,5.24
M100138,15.0,430.2,78.3,1.21,7.77,1.6,2,Day,High,1368.1,3.12
M100139,18.7,441.1,63.5,4.862,6.54,4.8,4,Rotational,High,1216.0,8.64
M100140,8.7,499.7,73.7,1.615,12.89,0.7,0,Day,High,1459.6,2.98
M100141,3.0,490.7,59.5,5.023,9.7,1.0,2,Day,High,1170.1,6.86
M100142,0.0,436.6,64.8,7.93,9.66,0.8,1,Day,High,1288.3,8.53
M100143,8.1,382.4,56.5,1.748,6.7,0.7,0,Rotational,High,1139.9,4.13
M100144,3.7,429.2,59.7,5.955,10.43,1.8,0,Day,Medium,1172.9,5.97
M100145,5.3,369.3,65.3,3.363,10.83,1.9,2,Day,Low,1298.8,6.77
M100146,4.6,403.3,62.6,1.165,9.2,0.0,1,Day,Medium,1229.5,4.05
M100147,6.4,642.5,59.7,1.818,10.83,3.0,3,Rotational,Medium,1527.8,6.65
M100148,11.3,435.5,53.7,,11.26,0.8,0,Day,Low,1239.0,8.57
M100149,7.6,458.3,89.6,4.058,10.29,3.0,1,Rotational,High,1675.6,9.39
M100150,6.4,360.0,62.5,1.506,6.25,2.6,2,Day,Low,1176.2,4.45
M100151,2.9,506.7,71.6,3.373,7.77,1.0,0,Day,Medium,1256.4,6.74
M100152,0.3,484.6,48.7,5.012,12.03,3.7,1,Night,Low,1189.9,12.21
M100153,5.1,485.2,82.9,5.47,9.62,0.0,1,Day,Medium,1402.6,11.18
M100154,6.8,438.3,69.8,2.701,9.63,1.3,3,Day,Low,,6.7
M100155,14.1,507.9,63.1,,8.25,2.6,4,Rotational,Medium,1280.4,6.25
M100156,7.5,528.1,63.2,5.676,8.54,1.6,3,Day,Medium,1342.5,5.98
M100157,10.9,444.1,77.6,5.085,11.29,3.4,0,Rotational,Low,1352.8,10.43
M100158,5.0,410.3,35.5,5.185,11.75,0.6,3,Rotational,Low,917.7,15.82
M100159,2.3,496.0,58.9,3.514,10.7,0.3,2,Night,Low,1275.2,9.36
M100160,3.1,343.1,66.7,3.167,10.33,1.1,2,Day,High,1226.2,3.19
M100161,4.1,359.0,66.6,3.804,10.44,1.7,0,Day,,1198.8,4.17
M100162,15.5,415.5,95.6,2.266,9.39,2.0,1,Rotational,Medium,1553.4,11.4
M100163,3.7,272.0,,5.79,7.69,,1,Day,High,1088.3,4.15
M100164,10.4,490.3,78.9,1.545,7.37,1.0,2,Day,Medium,1438.5,7.53
M100165,3.4,338.2,87.9,2.58,11.47,0.8,0,Rotational,Medium,1451.4,7.89
M100166,10.7,379.9,75.4,3.26,9.45,2.2,2,Day,High,1382.2,4.98
M100167,8.5,401.9,,4.199,10.22,0.7,2,Day,Low,1268.4,9.03
M100168,6.4,423.3,53.9,4.612,9.82,1.7,1,Night,Medium,1258.1,9.93
M100169,6.8,390.8,76.2,6.99,9.89,0.4,3,Night,Medium,1456.8,11.67
M100170,4.4,414.3,,3.452,10.02,1.1,0,Day,Medium,1461.6,7.79
M100171,8.8,414.9,74.0,2.319,10.55,3.2,2,Day,Low,,5.32
M100172,5.2,382.0,81.6,3.088,8.35,0.0,2,Day,Low,1350.5,8.02
M100173,2.1,354.3,96.5,2.83,11.27,2.2,0,Night,Medium,1592.1,12.8
M100174,1.9,511.9,77.2,4.306,8.39,0.0,2,Day,Medium,1427.1,7.89
M100175,7.7,241.1,55.9,1.947,9.86,1.8,0,Night,Low,1009.3,6.43
M100176,13.3,402.5,68.6,3.041,7.73,0.7,1,Day,High,1247.5,3.41
M100177,7.6,380.1,83.1,7.473,9.25,2.5,3,Day,High,1379.3,10.67
M100178,6.5,455.6,65.3,3.633,8.51,3.9,2,Day,High,1233.8,3.38
M100179,8.1,296.4,84.6,1.961,9.54,0.0,1,Day,Medium,1291.7,7.19
M100180,12.2,377.5,67.3,2.801,10.6,4.4,1,Day,High,1333.9,2.91
M100181,7.9,411.3,71.7,1.087,9.61,0.0,2,Day,Medium,1318.1,4.98
M100182,5.4,511.0,64.1,3.224,12.44,,2,Rotational,Medium,,6.16
M100183,11.4,448.2,69.8,7.567,10.69,2.8,2,Day,Low,,12.95
M100184,8.7,319.4,70.3,,9.16,2.9,2,Day,Low,1177.5,5.45
M100185,13.1,378.6,50.3,,9.37,4.2,2,Night,High,1053.0,5.28
M100186,7.7,495.3,63.1,2.395,10.07,1.2,2,Rotational,High,1235.6,4.42
M100187,2.1,317.9,54.4,,10.56,0.6,3,Day,Medium,1110.0,7.15
M100188,1.5,413.3,63.5,7.786,7.65,1.2,4,Day,Medium,1303.3,9.86
M100189,13.6,419.2,59.3,4.154,10.45,1.1,2,Night,High,1245.8,7.02
M100190,13.9,387.2,79.1,1.746,7.69,6.0,0,Day,Medium,1383.1,4.28
M100191,6.3,649.1,79.3,3.283,10.31,0.0,2,Day,Low,1561.9,8.63
M100192,5.5,384.9,74.2,8.123,11.15,0.3,4,Day,Low,,13.3
M100193,12.8,458.2,54.1,2.842,9.95,1.4,1,Rotational,Low,1179.2,6.8
M100194,2.6,354.9,66.9,3.562,6.01,5.5,3,Day,Medium,1291.2,5.29
M100195,3.4,464.9,53.2,3.744,6.83,0.1,0,Night,Low,1016.5,8.0
M100196,9.6,494.0,66.4,1.533,10.34,2.8,1,Rotational,Medium,1433.8,4.95
M100197,5.4,370.0,75.1,5.468,5.82,0.4,1,Day,Medium,,7.09
M100198,7.0,415.4,,,10.41,0.7,3,Night,Low,1456.5,12.35
M100199,6.3,343.9,73.2,1.225,10.98,2.0,1,Night,Medium,1328.4,4.29
M100200,8.4,322.7,95.6,5.044,11.2,0.6,3,Night,High,1914.6,14.7
M100201,12.6,508.1,70.9,2.044,9.14,0.0,2,Day,High,1372.1,3.87
M100202,7.4,372.9,65.4,4.827,10.16,3.5,2,Rotational,High,1288.9,6.53
M100203,9.6,214.8,77.6,2.281,9.81,2.8,4,Rotational,Medium,1267.6,4.89
M100204,0.0,570.1,78.0,4.058,7.29,0.5,3,Day,Low,1383.7,8.63
M100205,6.8,351.8,62.2,3.032,10.62,2.3,2,Day,Medium,1208.2,6.48
M100206,3.6,399.1,72.2,3.44,11.59,3.7,0,Night,Medium,1351.9,7.49
M100207,2.1,559.5,64.8,4.254,10.53,2.3,0,Rotational,Medium,1338.9,6.69
M100208,3.5,408.0,45.9,3.804,8.75,0.0,1,Rotational,High,1119.3,7.72
M100209,5.7,406.1,72.8,3.289,10.61,3.4,2,Day,Low,1336.7,7.14
M100210,10.7,315.6,53.8,3.91,11.45,1.3,2,Night,High,1116.2,6.35
M100211,1.7,281.0,71.6,3.701,11.25,2.9,3,Day,Medium,1322.3,6.78
M100212,7.1,405.9,51.1,2.99,11.04,0.0,3,Day,Medium,1204.4,8.75
M100213,5.1,450.8,60.1,2.676,7.11,,1,Day,High,1263.5,4.41
M100214,5.7,446.0,63.2,8.501,10.1,0.4,4,Day,Medium,1220.9,12.26
M100215,11.0,379.1,81.2,2.661,10.47,2.8,2,Day,Low,1508.9,6.7
M100216,9.2,421.7,62.1,6.576,11.06,3.1,2,Night,High,1242.6,7.79
M100217,12.3,263.8,56.2,2.357,10.27,1.6,3,Night,Medium,1002.4,7.02
M100218,6.4,459.1,72.0,4.978,11.83,0.0,0,Rotational,Low,1460.9,9.21
M100219,4.2,433.7,65.6,8.1,6.76,1.5,4,Night,Medium,1190.2,14.34
M100220,6.1,587.8,76.7,2.805,10.34,3.5,1,Day,Low,1599.9,7.2
M100221,8.0,420.6,56.9,2.378,10.22,1.1,1,Night,High,1157.0,6.65
M100222,7.7,339.9,80.3,9.048,10.85,0.4,2,Day,Medium,2064.9,14.83
M100223,2.7,415.7,95.2,3.288,11.81,3.1,5,Day,Low,1721.0,13.06
M100224,7.4,392.1,65.4,3.9,8.17,0.0,2,Rotational,High,1241.2,5.01
M100225,7.9,457.0,70.1,3.254,11.76,4.4,3,Day,Medium,1400.7,6.79
M100226,17.1,422.3,49.7,2.691,10.72,3.0,1,Day,Low,1164.3,7.71
M100227,14.5,312.9,58.6,8.822,9.22,0.7,6,Rotational,High,959.2,13.86
M100228,3.6,281.0,73.1,3.004,8.14,0.9,3,Night,High,1174.0,4.18
M100229,5.9,442.3,64.4,2.435,9.79,2.6,4,Day,Medium,1212.1,4.12
M100230,1.1,537.6,74.8,5.029,9.93,0.5,4,Day,Medium,1462.4,11.15
M100231,4.6,426.7,72.7,5.069,10.01,0.0,2,Day,Medium,1292.1,8.44
M100232,8.3,489.1,53.5,6.728,8.56,0.3,0,Rotational,Medium,1204.9,11.58
M100233,11.8,506.1,79.2,8.705,10.41,1.0,4,Rotational,Low,1388.1,15.52
M100234,4.1,442.7,54.3,3.948,8.89,0.3,2,Rotational,High,1158.6,5.53
M100235,4.4,350.8,59.6,2.874,11.32,0.9,2,Rotational,Low,1273.2,6.22
M100236,0.0,436.6,70.5,1.283,12.07,0.0,1,Day,Low,1456.7,4.5
M100237,6.3,522.6,85.2,2.077,8.28,1.0,1,Day,High,1523.9,5.67
M100238,2.8,465.0,57.0,3.685,9.59,2.4,0,Rotational,Medium,1288.0,5.58
M100239,4.9,483.6,69.6,1.84,10.96,1.4,3,Day,,1399.2,4.5
M100240,3.5,380.7,69.7,1.503,9.91,1.5,2,Day,Low,1289.0,2.97
M100241,6.6,402.8,75.2,3.431,7.47,2.9,0,Night,Medium,1245.7,7.03
M100242,0.0,409.9,81.0,4.896,10.8,0.4,2,Rotational,Medium,1436.2,8.11
M100243,1.1,415.6,63.6,2.935,8.59,2.0,0,Rotational,Low,1286.7,6.3
M100244,15.5,519.3,79.1,5.199,9.8,6.0,0,Day,High,1542.6,6.48
M100245,1.9,220.5,82.6,4.519,8.01,1.1,2,Day,Low,1330.2,7.53
M100246,2.6,422.6,87.6,5.898,10.69,4.6,2,Day,High,1575.7,8.63
M100247,14.3,413.2,73.5,9.843,8.87,4.6,1,Rotational,Medium,1268.3,11.76
M100248,18.6,303.4,69.7,12.0,10.85,5.6,4,Day,Low,1119.4,15.79
M100249,2.3,477.1,62.8,4.787,9.18,0.5,0,Night,Medium,1319.0,7.07
M100250,5.5,358.4,52.0,2.638,8.78,5.2,3,Day,Medium,1101.0,5.98
M100251,8.4,389.7,64.9,,10.12,0.0,0,Night,Medium,1254.7,3.95
M100252,13.9,577.1,69.2,7.291,7.89,4.7,4,Night,Medium,1503.8,11.11
M100253,3.1,505.8,66.8,2.124,12.2,0.0,1,Night,High,1441.0,6.21
M100254,6.0,468.8,74.6,6.847,9.78,2.2,9,Day,Low,1470.9,12.75
M100255,10.1,452.4,52.0,3.05,8.65,0.1,1,Night,Medium,1161.4,8.31
M100256,8.7,406.0,66.0,3.719,8.9,1.7,2,Day,Medium,,5.99
M100257,5.5,589.9,89.9,2.217,9.53,3.4,0,Day,Medium,1739.4,7.94
M100258,6.5,488.2,79.0,1.713,10.99,1.2,0,Rotational,Medium,1632.2,5.05
M100259,1.5,356.3,74.8,2.888,8.16,2.3,0,Night,High,1269.3,5.32
M100260,6.0,301.0,72.3,,8.95,2.5,1,Rotational,High,1256.4,9.34
M100261,5.9,468.2,64.0,2.337,9.43,0.0,1,Rotational,Medium,1325.5,3.52
M100262,7.9,415.3,48.7,7.435,11.81,1.3,4,Night,Low,1142.5,17.11
M100263,4.8,298.5,73.0,2.493,11.0,0.8,2,Day,High,1227.4,1.59
M100264,8.9,456.4,41.1,1.946,11.89,1.5,1,Night,Low,1184.9,11.7
M100265,11.1,397.1,,3.769,9.55,1.4,2,Rotational,Medium,1331.2,7.5
M100266,7.6,465.1,68.0,4.662,11.65,0.0,0,Night,Medium,1393.5,8.17
M100267,8.4,457.5,63.1,3.648,11.4,0.0,2,Day,Medium,1304.1,5.81
M100268,7.2,368.3,91.9,3.58,10.55,2.7,0,Day,Medium,1579.5,11.34
M100269,7.0,473.8,88.1,7.4,10.67,2.7,1,Day,Medium,1521.5,13.19
M100270,4.1,377.7,79.4,3.481,8.61,1.3,0,Rotational,High,1374.9,5.83
M100271,8.3,383.2,57.8,,12.24,4.6,1,Rotational,,1254.2,3.93
M100272,6.6,374.8,89.1,1.884,9.13,,0,Rotational,High,1464.2,7.76
M100273,15.4,516.1,74.8,6.277,10.34,2.9,2,Day,Medium,1537.3,9.84
M100274,13.3,396.2,57.6,2.684,10.52,1.9,0,Day,High,1218.8,3.92
M100275,8.5,536.7,68.4,2.818,7.44,1.1,2,Rotational,Medium,1355.1,3.87
M100276,3.9,571.6,78.5,5.618,9.42,1.9,1,Day,High,1505.0,7.56
M100277,2.6,357.2,61.4,9.273,9.81,0.4,3,Night,Low,1172.9,13.96
M100278,11.8,171.7,69.5,3.765,9.33,4.6,1,Rotational,Low,1060.5,5.1
M100279,8.1,508.8,71.5,3.1,9.44,1.9,0,,Low,1395.8,8.16
M100280,8.9,390.9,55.9,3.311,11.74,3.9,2,Day,Low,1248.8,5.48
M100281,0.0,346.4,65.0,2.644,8.26,0.8,0,Day,High,1131.2,2.09
M100282,10.7,370.0,56.7,2.779,7.6,0.7,2,Rotational,Medium,1138.9,7.91
M100283,8.8,384.7,77.6,2.786,8.62,0.0,0,Night,Low,1395.7,7.94
M100284,2.6,530.3,58.0,5.235,10.62,1.4,2,Rotational,Low,1417.1,8.07
M100285,5.1,433.6,71.2,3.177,10.76,2.1,2,Day,Low,1409.6,7.31
M100286,8.1,529.1,52.7,6.551,10.41,3.9,4,Day,Medium,1286.1,10.12
M100287,7.2,462.0,55.5,3.133,10.87,4.7,1,Night,Medium,1292.7,6.18
M100288,5.8,393.7,55.0,2.763,9.88,6.2,3,Day,Low,1190.7,4.47
M100289,6.6,386.8,64.8,6.29,8.72,1.2,5,Night,Low,1266.2,14.0
M100290,6.0,467.7,70.0,3.356,8.08,1.4,3,Day,High,1248.5,6.0
M100291,7.6,489.7,72.0,3.117,7.61,1.8,1,Day,Low,1295.4,7.05
M100292,12.9,504.7,48.5,3.376,9.16,2.3,3,Day,Medium,1124.0,9.67
M100293,0.0,397.8,66.1,6.912,10.68,0.7,2,Night,Medium,1377.3,10.98
M100294,6.1,434.9,59.7,3.869,9.86,0.3,0,Day,Medium,1102.6,4.5
M100295,7.7,469.6,73.9,6.201,9.53,0.1,3,Night,Medium,1469.8,10.04
M100296,8.2,387.4,65.1,2.953,7.92,4.1,3,Day,Medium,1193.1,4.48
M100297,5.5,323.5,67.1,,13.37,2.8,2,Day,Low,1302.3,8.36
M100298,0.0,351.5,59.8,3.739,8.26,3.4,0,Rotational,Medium,1137.0,4.6
M100299,8.3,399.5,87.0,5.162,9.68,2.1,1,Rotational,High,1350.9,8.02
M100300,13.9,476.3,53.9,5.383,11.0,3.1,1,Day,Medium,1208.4,8.66
M100301,0.9,527.0,63.6,2.073,9.56,0.3,0,Rotational,Medium,1378.3,3.06
M100302,10.5,304.7,69.2,3.442,8.29,4.0,2,Day,Low,1224.7,6.66
M100303,5.7,369.2,65.2,5.358,10.71,1.5,2,,Medium,1303.9,5.59
M100304,6.8,389.6,59.6,5.802,7.49,2.3,3,Day,Medium,1139.9,9.35
M100305,2.8,487.6,48.1,6.213,12.11,3.5,1,Night,Low,1305.0,12.87
M100306,5.7,375.1,60.4,3.499,9.92,4.3,0,Day,Medium,1186.5,3.16
M100307,12.2,383.5,57.4,7.171,9.12,3.0,0,Rotational,Medium,1168.8,10.46
M100308,9.3,300.0,86.5,2.39,7.38,2.7,0,Day,Medium,1356.3,7.69
M100309,13.9,461.1,92.9,1.572,7.77,3.4,4,Rotational,Medium,1506.7,11.58
M100310,11.7,406.3,67.4,2.89,9.42,2.9,0,Day,Medium,1302.9,3.06
M100311,8.8,364.4,52.5,6.037,12.34,1.5,0,Rotational,High,1149.2,7.77
M100312,14.0,397.9,76.1,1.929,9.85,1.8,1,Day,Medium,1354.1,4.32
M100313,8.8,515.8,57.2,1.592,10.02,3.2,3,Day,High,1313.7,2.78
M100314,10.3,334.6,62.0,1.405,10.08,4.0,3,Day,Medium,1211.0,1.62
M100315,5.8,348.5,61.1,4.797,13.05,2.7,2,Day,Medium,1257.9,8.25
M100316,7.3,526.4,62.5,1.61,8.84,2.0,1,Day,High,1318.9,1.93
M100317,4.2,426.4,64.1,4.369,11.85,0.0,1,Rotational,High,1350.0,3.93
M100318,11.0,476.9,53.6,2.818,8.9,3.1,2,Night,Low,1200.5,7.27
M100319,2.3,454.1,60.3,2.259,8.44,2.4,2,Rotational,Medium,1175.9,3.86
M100320,10.1,417.0,79.2,2.015,9.38,2.5,1,Night,Low,1462.1,5.13
M100321,6.2,390.4,67.6,3.681,9.37,1.3,2,Night,Low,1220.9,8.81
M100322,11.7,490.7,69.4,2.277,10.34,2.1,0,Day,Medium,1459.6,4.39
M100323,10.0,518.8,43.4,3.312,6.01,,0,Night,Medium,1087.8,10.0
M100324,14.3,512.2,78.4,4.058,9.72,2.9,1,Night,High,1521.7,6.74
M100325,9.9,319.2,60.5,4.51,8.6,4.0,2,Day,High,1179.0,5.65
M100326,0.7,530.9,80.4,5.297,8.41,0.7,2,Day,,1516.1,8.98
M100327,6.7,389.6,69.7,3.605,7.56,1.6,0,Day,Low,1377.4,7.07
M100328,2.3,355.8,61.8,1.964,8.95,1.9,0,Night,Low,1162.4,3.59
M100329,4.9,405.6,49.5,4.191,8.73,,2,Night,Medium,962.3,8.37
M100330,13.0,490.6,91.9,4.609,8.86,1.2,5,Day,Medium,1563.7,12.64
M100331,9.6,465.9,76.8,3.032,7.04,3.4,1,Day,Medium,1453.8,4.38
M100332,4.2,398.3,77.5,2.875,9.65,1.8,2,Day,Low,1509.5,7.22
M100333,2.9,491.2,88.0,11.445,8.31,0.4,3,Day,Medium,1661.3,22.31
M100334,7.1,431.9,70.5,1.739,7.05,3.6,0,Day,Low,1363.2,4.53
M100335,2.1,371.3,82.9,4.25,8.68,1.4,0,Night,Medium,1387.8,8.94
M100336,4.3,359.8,62.7,5.601,8.34,1.6,0,Rotational,High,1151.9,6.49
M100337,8.2,454.9,76.1,2.799,9.56,1.9,0,Night,Medium,1531.9,6.9
M100338,11.6,413.0,61.1,3.052,8.66,2.9,1,Night,High,1238.8,4.23
M100339,9.4,303.1,62.5,,7.33,2.5,0,Day,High,1067.4,2.45
M100340,0.0,492.0,69.1,3.32,8.17,2.3,1,Day,Low,1398.9,5.62
M100341,8.2,379.2,54.1,5.206,6.91,,1,Night,Low,986.4,8.61
M100342,7.3,555.3,71.6,3.007,11.21,2.1,1,Night,Medium,1448.5,8.64
M100343,8.7,300.7,64.6,12.0,11.45,2.2,5,Day,High,1124.7,16.56
M100344,13.5,404.6,46.1,2.648,11.63,6.4,3,Rotational,Medium,1129.2,6.75
M100345,0.0,360.5,77.7,18.971,8.62,2.4,1,Rotational,Low,1837.4,28.67
M100346,4.6,337.1,64.2,4.358,11.45,0.0,0,Rotational,Medium,1258.5,6.44
M100347,9.4,378.6,77.4,3.505,10.11,1.8,4,Rotational,Low,1291.3,9.27
M100348,0.7,570.5,71.1,6.927,8.27,0.9,1,Day,Low,1451.5,10.51
M100349,12.9,432.2,83.9,1.492,8.56,1.8,3,Day,High,1409.8,7.21
M100350,8.5,352.7,73.7,4.107,9.24,2.9,5,,High,1221.1,5.72
M100351,10.4,264.6,61.9,2.321,9.65,1.0,1,Rotational,High,1032.8,3.82
M100352,4.7,273.7,67.4,2.67,10.04,2.3,1,Rotational,Medium,1238.2,4.82
M100353,10.3,374.4,64.2,2.608,9.5,3.4,2,Day,High,1238.7,3.85
M100354,11.3,366.1,73.4,2.051,8.98,0.1,2,Day,Low,1349.6,5.61
M100355,7.9,401.0,68.7,1.453,11.53,0.0,0,Day,Low,1466.9,3.25
M100356,7.9,226.9,61.1,4.033,9.33,0.5,3,Day,Low,1060.8,4.55
M100357,8.1,412.2,68.1,3.213,9.24,4.8,0,Day,Medium,1360.6,3.77
M100358,3.5,507.4,73.1,2.857,9.17,1.0,2,Day,Medium,1399.1,5.56
M100359,6.4,557.9,56.9,4.853,9.33,0.0,2,Day,Medium,,7.21
M100360,6.4,259.0,71.5,4.162,7.46,0.0,5,Rotational,Medium,1157.6,7.74
M100361,8.5,351.9,50.6,2.905,8.0,1.7,0,Day,Low,1032.0,7.38
M100362,11.0,347.4,80.2,12.0,13.17,4.2,8,Day,Low,1471.1,18.86
M100363,2.8,432.4,73.8,5.523,7.02,1.5,1,Day,Low,1227.2,7.95
M100364,6.5,316.3,85.9,11.273,9.91,4.9,5,Day,Low,1458.3,17.06
M100365,12.9,563.0,55.7,2.698,10.01,5.1,3,Day,Medium,1281.8,5.28
M100366,4.0,423.7,91.6,13.282,11.02,2.2,1,Day,Medium,1979.6,24.35
M100367,3.7,409.5,78.3,1.788,10.05,4.2,1,Rotational,Low,1421.1,5.47
M100368,7.8,555.4,66.0,2.814,12.34,1.4,3,Night,Medium,1552.6,6.87
M100369,10.4,418.6,63.9,2.479,9.86,1.2,1,Day,Medium,1313.6,3.1
M100370,7.0,454.0,56.1,12.0,11.52,1.9,2,Day,Low,1238.3,20.49
M100371,12.3,356.2,53.2,2.348,11.06,0.3,2,Day,High,1012.4,5.25
M100372,10.4,303.5,59.7,2.953,11.81,0.2,3,Day,Low,1209.0,5.4
M100373,10.4,368.1,54.2,1.605,9.54,3.4,0,Day,Medium,1195.2,3.43
M100374,9.2,605.9,,4.336,10.1,0.5,1,Day,Medium,1605.5,10.71
M100375,16.3,473.8,51.5,2.117,8.95,3.4,1,Rotational,High,1196.0,6.75
M100376,6.2,443.3,69.6,5.255,9.74,0.7,0,Night,High,1369.9,8.21
M100377,0.0,337.0,72.8,1.358,9.82,1.0,2,Day,Low,1350.2,5.2
M100378,13.4,497.5,71.9,3.124,6.38,1.4,1,Rotational,Low,1298.3,7.42
M100379,5.2,304.6,72.9,1.319,9.29,1.5,1,Day,Medium,1290.2,2.82
M100380,7.4,286.8,,2.598,10.83,3.3,2,Night,Medium,1298.1,6.7
M100381,12.2,372.5,63.1,2.876,7.47,4.7,2,Day,Low,1098.7,4.99
M100382,0.6,586.1,,2.461,8.02,2.7,0,Rotational,Medium,1378.7,5.26
M100383,2.0,581.3,64.8,2.585,11.23,4.7,0,Night,High,1454.7,3.66
M100384,0.6,381.6,82.3,5.396,11.51,2.1,0,Night,Low,,11.54
M100385,3.8,362.7,91.1,9.848,8.57,4.0,1,Rotational,High,1468.2,15.24
M100386,8.8,280.6,54.9,3.934,9.76,0.6,4,Rotational,Low,1027.8,7.76
M100387,9.1,426.6,,2.16,9.38,2.9,2,Day,High,1060.1,5.25
M100388,8.1,433.8,74.3,3.428,11.27,1.7,0,Night,High,1342.0,6.09
M100389,1.3,487.1,79.8,2.781,8.7,2.5,0,Day,Medium,1346.2,6.25
M100390,0.0,497.4,89.5,5.179,8.93,2.0,0,Night,High,1498.5,10.23
M100391,7.2,403.2,76.1,3.834,11.51,0.6,1,Day,Medium,1330.3,5.77
M100392,5.1,467.3,83.4,1.508,8.0,2.0,1,Night,High,1552.3,6.44
M100393,8.8,360.4,86.3,5.749,8.75,3.0,3,Rotational,Medium,1433.6,12.44
M100394,9.8,465.6,84.1,5.384,9.7,1.8,2,Night,Low,1552.5,14.92
M100395,7.6,376.9,77.7,7.011,11.79,1.7,3,Night,Medium,1431.4,13.08
M100396,10.0,459.1,53.9,2.565,7.71,,2,Day,Medium,1112.9,5.16
M100397,7.9,452.2,67.9,3.859,8.43,0.0,3,Rotational,High,1277.5,6.27
M100398,9.1,425.8,71.3,1.836,10.39,2.3,3,Day,Medium,1245.1,5.0
M100399,4.2,487.5,66.9,3.236,10.62,2.9,1,Day,Medium,1336.3,7.27
M100400,6.3,286.5,67.6,4.049,9.82,0.6,3,Day,Medium,1134.6,6.68
M100401,7.8,329.5,85.2,2.416,9.32,2.7,1,Day,Low,1272.5,8.89
M100402,10.3,397.0,59.7,3.94,9.69,2.1,1,Day,Low,1233.4,7.79
M100403,5.4,297.3,76.8,3.611,7.24,0.0,5,Day,Low,,8.48
M100404,9.1,385.4,71.5,,9.65,4.0,1,Day,Medium,1374.1,2.32
M100405,5.9,388.2,58.6,6.677,11.72,1.1,2,Night,Medium,1296.8,10.13
M100406,6.5,531.3,56.2,2.953,7.52,2.6,1,Day,Medium,1341.1,5.24
M100407,10.3,432.1,49.3,3.548,8.32,2.0,2,Night,High,1159.1,8.47
M100408,0.0,507.5,73.3,1.594,8.9,0.5,0,Night,Low,1431.4,6.66
M100409,1.8,445.6,67.3,4.304,9.0,0.9,1,Day,Medium,1293.0,6.4
M100410,1.1,374.5,58.9,2.616,12.26,3.4,1,Day,Low,1200.8,2.51
M100411,0.0,431.4,47.4,5.358,8.1,2.7,4,Day,Medium,1138.5,9.82
M100412,4.3,482.0,72.8,1.724,7.8,0.0,0,Day,Medium,1298.2,3.5
M100413,10.0,521.4,66.1,4.118,10.66,1.3,3,Day,High,1395.0,4.69
M100414,5.9,408.8,60.1,1.115,8.53,0.6,0,Night,Medium,1187.9,4.3
M100415,7.8,280.0,57.4,4.517,10.68,1.6,5,Night,,1094.7,9.38
M100416,11.4,274.0,65.4,,9.2,0.5,0,Rotational,High,1030.9,2.93
M100417,12.3,392.3,73.2,4.054,10.19,1.1,1,,Medium,1338.2,8.66
M100418,6.7,221.3,,2.459,7.15,1.1,3,Night,Medium,1007.6,3.82
M100419,12.4,572.6,54.9,2.065,10.18,3.0,2,Day,Medium,1387.9,4.57
M100420,7.4,470.7,67.4,2.672,9.83,0.4,1,Day,Medium,,5.28
M100421,3.7,366.0,79.5,3.655,9.12,0.0,3,Rotational,Medium,1302.7,8.72
M100422,4.6,325.7,68.4,4.429,7.65,0.8,2,Rotational,Medium,1232.3,7.53
M100423,1.1,507.4,68.8,3.865,9.83,0.0,0,Night,Medium,1348.4,7.22
M100424,3.4,325.3,64.4,2.078,10.59,1.3,1,Day,Low,1171.5,4.09
M100425,5.6,333.5,58.2,8.321,8.7,1.6,2,Day,Medium,1104.3,9.99
M100426,10.2,354.9,57.8,3.921,8.73,3.9,2,Rotational,Medium,1151.3,6.05
M100427,13.9,429.7,49.7,2.432,10.69,4.1,1,Rotational,High,1081.6,6.92
M100428,1.5,472.8,81.0,4.105,12.07,1.6,2,Day,High,1568.2,8.74
M100429,8.6,521.4,73.1,3.773,10.91,2.8,8,Day,Medium,1456.8,8.02
M100430,2.8,508.8,68.9,3.041,9.84,2.3,0,Day,Low,1356.2,6.86
M100431,8.9,420.1,71.3,2.868,9.14,3.2,2,Night,Medium,1253.1,8.72
M100432,6.5,506.7,71.7,5.433,9.46,3.8,1,Night,Low,1430.5,8.57
M100433,0.0,363.0,59.9,7.877,7.51,4.1,1,Day,High,1165.0,8.14
M100434,10.7,265.2,64.4,1.2,9.27,1.3,0,Day,High,1027.0,0.39
M100435,4.6,363.0,62.8,6.143,11.18,2.7,2,Day,Low,1167.9,11.06
M100436,4.9,351.5,95.6,3.353,9.56,1.9,0,Rotational,Medium,1453.6,11.24
M100437,2.7,366.3,,3.737,8.56,2.2,2,Night,Medium,1361.9,7.72
M100438,4.4,338.5,69.8,6.526,8.42,0.5,2,Rotational,High,1241.9,8.72
M100439,8.7,380.8,83.0,0.88,9.45,0.8,0,Day,High,1417.5,3.82
M100440,6.2,472.7,81.6,4.99,7.65,0.6,2,Day,Medium,1345.1,8.22
M100441,8.3,565.8,52.8,6.304,8.14,0.0,2,Rotational,Low,1233.8,11.54
M100442,8.4,273.3,65.5,2.353,11.8,0.8,1,Day,Low,1089.8,4.02
M100443,12.3,310.5,67.8,1.654,7.95,1.1,2,Night,Medium,1168.7,4.02
M100444,5.6,352.7,74.7,7.538,8.3,1.9,0,Night,,1320.3,11.95
M100445,1.1,485.1,65.5,1.38,9.94,0.9,0,Night,High,1208.0,3.48
M100446,11.3,402.6,66.9,4.093,8.84,1.0,1,Rotational,Medium,1154.4,6.13
M100447,5.7,358.5,62.9,5.538,9.63,,2,Day,Low,1146.8,8.18
M100448,11.5,480.9,79.5,4.048,10.79,3.3,4,Day,Medium,1459.2,7.86
M100449,8.5,501.3,52.1,4.403,7.18,3.2,4,Day,Medium,1150.7,6.76
M100450,6.5,418.4,63.3,2.908,10.63,1.0,1,Night,Medium,1371.0,5.87
M100451,8.4,350.6,47.7,4.184,8.63,3.4,1,Rotational,Medium,1013.8,8.65
M100452,14.8,443.0,56.7,2.33,9.07,3.6,4,Rotational,Medium,1128.9,4.83
M100453,15.3,400.2,71.5,2.486,12.38,3.0,2,Night,Low,1197.0,6.7
M100454,7.3,399.5,71.7,3.38,7.4,1.4,0,Rotational,Medium,1330.8,6.7
M100455,7.6,376.4,64.6,1.537,10.39,0.2,1,Night,High,1222.0,4.17
M100456,11.3,498.6,80.4,4.431,11.19,0.7,1,Day,Medium,1587.9,8.5
M100457,3.6,441.2,82.9,0.96,8.47,1.0,1,Night,,1445.3,6.7
M100458,8.3,508.0,67.2,3.981,8.5,0.0,5,Night,,1326.1,8.82
M100459,6.9,533.6,70.8,4.172,8.95,2.4,1,Night,Medium,1375.1,8.65
M100460,8.3,459.0,63.0,2.232,8.47,2.2,0,Rotational,High,1281.0,2.64
M100461,3.7,376.9,74.9,1.791,9.6,1.6,0,Day,High,1382.3,1.89
M100462,0.6,508.4,54.9,2.707,10.84,1.3,1,Day,Low,1335.4,5.85
M100463,0.0,459.6,87.8,,8.96,2.7,2,Night,Low,1542.3,13.12
M100464,2.5,641.3,80.5,3.947,10.89,0.0,1,Day,Low,1650.6,10.82
M100465,5.2,446.4,54.8,1.905,11.6,0.6,1,Day,Low,1286.9,4.11
M100466,5.8,479.3,59.3,3.5,10.15,0.0,2,Rotational,High,1232.8,5.56
M100467,14.7,444.7,72.6,3.785,10.29,2.3,2,Rotational,Medium,1439.5,6.1
M100468,11.4,411.6,64.3,3.705,8.61,4.7,1,Day,Medium,1164.3,5.63
M100469,3.2,398.0,74.0,2.027,5.57,3.0,2,Day,Medium,1281.7,2.97
M100470,8.4,445.0,64.0,3.589,10.38,0.7,4,Rotational,High,1354.5,7.69
M100471,5.4,464.3,84.8,5.253,10.69,1.7,1,Rotational,High,1543.5,10.26
M100472,5.9,518.1,68.1,4.343,9.86,3.8,4,Day,High,1408.0,7.57
M100473,7.7,446.3,94.6,4.079,10.86,3.5,2,Rotational,Low,1632.6,14.51
M100474,9.5,380.7,74.6,7.548,8.68,0.0,2,Day,Medium,1286.2,10.38
M100475,5.6,392.2,53.2,3.611,10.28,3.2,3,Day,Medium,1103.2,6.79
M100476,11.3,307.6,91.0,2.179,11.71,2.2,3,Day,Medium,1501.6,9.31
M100477,2.4,561.2,80.1,2.183,10.5,4.5,1,Rotational,Low,1567.5,7.04
M100478,7.0,374.0,72.2,3.626,11.51,2.2,3,Day,Medium,1360.6,7.24
M100479,17.4,502.2,75.1,1.618,11.52,2.5,0,Day,High,1526.0,2.64
M100480,7.9,443.5,54.9,2.842,7.67,0.7,4,Day,Medium,1196.7,6.91
M100481,12.7,445.8,48.2,4.187,10.58,0.5,4,Day,Low,1128.1,12.05
M100482,7.4,410.0,67.5,5.963,8.55,0.2,1,Day,High,1214.5,6.55
M100483,9.3,353.0,83.2,,7.84,2.6,2,Day,Medium,1342.8,7.21
M100484,6.8,337.7,72.4,3.489,9.07,1.4,4,Day,Medium,1243.2,4.28
M100485,6.3,566.9,86.8,3.209,12.13,0.5,3,Rotational,Medium,1590.5,10.16
M100486,3.9,429.7,82.5,3.383,8.68,0.4,1,Night,High,1407.9,7.05
M100487,8.7,515.6,68.2,3.564,6.86,2.8,1,Rotational,Medium,1273.9,4.21
M100488,3.6,537.7,81.0,3.268,7.33,3.1,0,Rotational,Medium,1457.5,7.75
M100489,9.7,385.1,84.7,6.66,10.22,2.1,4,Night,High,1466.1,14.98
M100490,11.3,456.0,67.1,6.184,8.36,0.0,2,Day,High,1159.0,8.75
M100491,8.5,423.8,65.6,,6.44,5.9,2,Day,High,1209.2,12.71
M100492,5.9,321.6,69.5,3.303,7.39,2.8,1,Rotational,Medium,1215.9,4.94
M100493,8.8,404.2,41.5,2.704,9.75,0.8,1,Rotational,High,1047.5,7.1
M100494,5.8,469.9,71.1,2.046,10.67,3.1,3,Night,Medium,1353.5,5.32
M100495,10.7,377.6,75.9,2.561,8.83,1.3,2,Night,High,1429.1,5.83
M100496,0.0,392.4,69.6,4.746,10.47,0.0,1,Day,Medium,1247.0,5.72
M100497,5.7,405.3,71.8,,10.87,2.7,3,Rotational,Low,1365.8,10.22
M100498,0.0,599.5,,4.654,8.32,2.3,2,Rotational,High,1528.8,4.02
M100499,1.0,264.1,46.0,2.382,9.32,4.2,3,Night,Medium,902.5,10.04
M100500,12.5,462.6,86.3,2.388,8.6,0.0,1,Rotational,High,1480.5,7.33
M100501,10.6,398.5,64.0,8.831,10.31,1.4,7,Rotational,Medium,1263.9,16.07
M100502,4.1,365.5,61.2,2.19,8.58,0.8,0,Rotational,Medium,1189.8,3.79
M100503,1.0,396.4,82.9,6.741,7.68,0.0,4,Night,Medium,1531.6,12.39
M100504,0.0,476.7,78.8,4.064,9.58,1.0,3,Day,Medium,1474.2,7.44
M100505,4.8,481.6,71.0,2.302,11.17,1.4,0,Day,Medium,1423.1,3.96
M100506,16.7,435.8,76.5,1.836,10.27,4.1,0,Day,Low,1440.1,7.34
M100507,8.7,512.9,55.3,2.353,11.01,1.7,2,Night,Medium,1179.7,6.17
M100508,4.8,527.9,67.1,4.091,10.88,2.3,0,Night,Medium,1489.4,6.97
M100509,8.9,489.4,82.2,2.107,9.56,0.3,1,Day,High,1636.2,4.89
M100510,0.8,373.6,60.6,7.223,8.6,2.5,4,Day,High,1297.5,9.59
M100511,5.8,462.0,57.0,2.992,8.2,4.7,0,Day,Medium,1213.5,3.26
M100512,7.4,462.4,68.9,4.713,7.12,0.0,0,Night,Medium,1229.8,8.31
M100513,6.7,350.7,69.1,4.526,11.28,5.1,1,Day,High,1256.5,3.27
M100514,10.2,286.6,75.1,7.47,9.0,0.0,3,Night,High,1230.6,11.7
M100515,8.4,248.1,52.8,2.667,6.94,3.2,1,Rotational,Low,906.7,5.48
M100516,9.7,425.9,40.0,3.501,11.35,,1,Day,High,1034.2,9.14
M100517,4.2,445.3,78.1,1.648,9.64,1.2,0,Rotational,Low,1382.7,5.24
M100518,10.6,319.5,56.1,3.496,10.95,3.4,2,Day,Low,1075.6,8.64
M100519,13.5,508.9,61.3,5.871,9.11,2.4,2,Day,High,1218.4,7.6
M100520,3.1,432.9,44.0,3.705,8.31,1.8,0,Night,Low,1060.0,8.88
M100521,3.4,534.7,79.3,10.552,10.17,4.0,4,Rotational,Low,1602.2,20.69
M100522,12.3,451.5,71.9,4.305,10.29,0.0,0,Rotational,Low,1411.0,7.75
M100523,6.2,329.4,71.4,2.534,9.08,2.9,0,Day,Medium,1336.2,4.48
M100524,12.6,459.0,71.3,4.17,11.47,0.0,2,Day,Medium,1474.9,6.36
M100525,5.2,477.0,45.3,1.597,10.92,0.0,2,Rotational,Medium,1209.4,6.39
M100526,12.8,373.5,,2.227,10.35,0.2,2,Day,High,1094.1,3.5
M100527,7.5,297.4,63.0,1.807,7.84,0.2,1,Day,Low,1039.6,4.4
M100528,8.0,428.5,,3.347,7.62,0.6,5,Rotational,High,1147.5,4.58
M100529,13.3,334.9,65.0,3.221,11.3,3.1,1,Day,Low,1217.6,5.62
M100530,5.6,515.3,70.7,6.065,6.22,1.0,1,Day,Low,1259.0,9.7
M100531,3.2,385.4,79.1,3.16,9.36,3.2,3,Rotational,Low,1457.6,6.88
M100532,5.2,566.6,51.7,2.011,9.72,3.6,1,Night,High,1357.4,4.21
M100533,8.8,239.4,67.9,7.24,8.77,2.8,4,Day,Medium,1063.0,9.55
M100534,0.7,431.5,75.8,0.762,9.45,1.8,0,Night,Medium,1366.2,4.96
M100535,9.5,541.5,57.8,3.385,10.13,3.1,0,Day,Medium,1264.2,4.88
M100536,4.8,344.3,65.9,3.702,8.62,0.0,1,Rotational,Medium,1135.7,6.2
M100537,11.6,406.5,73.1,3.303,10.82,4.5,0,Night,Low,1434.6,7.08
M100538,0.0,385.7,68.1,4.263,10.37,3.9,3,Rotational,High,1232.5,5.4
M100539,3.9,361.9,75.4,3.509,9.23,2.7,2,Rotational,Medium,1323.3,7.48
M100540,0.3,440.8,69.0,4.262,8.26,0.1,4,Day,Medium,1120.9,6.83
M100541,3.7,309.9,64.6,2.457,9.36,0.8,2,Day,Medium,1262.9,4.04
M100542,8.0,410.6,55.1,1.601,12.67,2.5,1,Rotational,High,1242.2,2.06
M100543,6.3,463.9,70.7,3.244,8.36,2.8,1,Day,Medium,1385.6,3.86
M100544,6.0,401.7,69.1,1.987,11.8,3.9,1,Day,Medium,1365.5,1.85
M100545,6.4,335.0,57.1,2.307,6.87,3.8,2,Day,High,1063.5,3.1
M100546,7.8,507.6,74.4,5.934,8.21,0.0,3,Rotational,High,1358.3,8.48
M100547,3.0,482.1,81.9,7.235,8.69,0.3,5,Night,Low,1405.2,16.84
M100548,9.8,331.5,60.7,,10.92,2.0,2,Night,High,1057.7,7.2
M100549,9.7,310.0,60.0,5.359,9.58,1.3,1,Day,High,1228.2,5.2
M100550,8.5,339.1,59.6,,11.47,2.7,0,Day,High,1268.6,3.94
M100551,9.2,466.3,49.5,5.516,9.0,2.1,0,Day,Medium,1216.0,8.97
M100552,8.2,443.4,90.0,3.966,9.42,0.0,5,Day,Low,1514.7,12.97
M100553,15.1,487.2,63.1,8.791,9.01,2.9,3,Night,Medium,1338.6,14.31
M100554,6.7,392.3,58.6,,12.54,3.2,0,Day,Medium,1212.0,3.58
M100555,5.8,341.4,55.6,,7.82,0.0,2,Rotational,Low,1131.2,7.83
M100556,4.0,498.1,63.7,1.764,8.74,0.5,2,Night,High,1296.8,3.83
M100557,2.9,373.0,60.4,4.661,8.03,4.0,0,Night,Medium,1115.3,7.25
M100558,2.0,435.9,83.8,1.406,10.36,1.1,1,Day,Low,1435.2,5.89
M100559,3.4,288.3,54.3,1.81,7.79,1.0,0,Day,Medium,987.1,4.14
M100560,6.7,371.6,51.1,1.748,12.23,0.5,3,Day,Medium,1087.3,5.37
M100561,8.3,505.8,74.1,3.766,9.62,2.5,4,Night,Low,1344.0,9.89
M100562,7.2,359.1,66.8,3.964,10.12,1.1,2,Night,Medium,1216.9,7.91
M100563,3.9,489.2,65.5,11.305,10.19,1.0,4,Day,Medium,1371.0,16.33
M100564,10.6,221.9,74.2,3.172,9.47,0.8,4,Rotational,Medium,1158.0,4.93
M100565,10.0,372.5,69.5,4.885,9.68,2.8,2,Day,High,1219.1,5.45
M100566,6.4,405.4,67.5,3.598,9.63,0.9,0,Night,High,1467.3,5.4
M100567,4.4,568.1,52.5,,10.28,0.2,2,Day,Medium,1267.5,9.33
M100568,9.2,320.6,49.7,3.567,8.27,0.9,0,Day,High,1069.1,4.24
M100569,7.8,477.0,60.3,5.754,8.01,2.6,1,Rotational,Medium,1112.3,7.36
M100570,1.2,509.8,56.1,1.961,10.73,2.0,0,Rotational,High,1121.0,2.27
M100571,6.7,358.7,71.0,0.977,9.5,0.0,1,Day,Medium,1358.3,2.8
M100572,8.0,388.3,48.2,4.091,6.49,1.8,0,Day,High,1010.2,6.06
M100573,3.4,432.0,63.1,1.346,8.79,1.3,1,Rotational,Medium,1293.9,2.81
M100574,7.8,294.1,66.1,6.397,11.79,1.7,4,Night,High,1255.6,9.5
M100575,1.2,381.3,67.6,2.524,9.26,0.6,4,Night,Medium,1156.1,4.09
M100576,12.3,528.5,72.4,1.976,8.7,,3,Rotational,High,1432.8,4.3
M100577,12.0,464.4,64.4,12.0,7.26,3.2,1,Day,High,1309.1,16.31
M100578,6.0,406.7,60.7,3.29,8.65,1.0,3,Rotational,Low,1084.2,8.03
M100579,8.5,429.6,81.7,2.989,7.75,1.4,1,Rotational,,1372.2,8.65
M100580,0.0,469.4,64.5,4.826,10.14,0.4,1,Day,Medium,1357.3,7.33
M100581,2.4,485.7,,4.991,9.57,5.2,1,Rotational,Low,1447.8,10.73
M100582,5.8,372.7,64.4,5.868,8.95,2.2,4,Rotational,Low,1264.0,8.51
M100583,2.7,550.5,67.8,1.705,8.36,1.0,0,Day,High,1331.6,1.88
M100584,9.9,531.9,66.5,4.341,11.79,1.5,2,Rotational,High,1309.8,5.99
M100585,15.0,477.6,70.5,2.867,8.44,6.1,0,Day,Medium,1368.7,5.06
M100586,2.3,348.3,63.4,2.095,8.45,1.6,1,Night,Low,1222.3,6.45
M100587,3.7,333.3,69.1,3.401,9.14,1.5,0,Day,Medium,1304.3,3.14
M100588,7.9,392.2,84.8,1.342,9.35,4.6,0,Day,Medium,1541.2,6.69
M100589,13.4,425.2,79.5,5.267,10.22,1.1,5,Rotational,High,1339.1,9.9
M100590,2.1,269.7,79.6,2.871,10.9,4.8,1,Night,Medium,1310.5,5.42
M100591,8.0,462.0,53.2,2.615,10.78,2.0,0,Rotational,Medium,1287.4,5.14
M100592,14.3,529.4,55.0,3.099,13.14,4.8,1,Day,High,1394.9,3.26
M100593,0.4,469.0,70.4,3.053,6.96,0.0,1,Night,Medium,1280.5,5.54
M100594,1.9,362.5,76.5,5.873,9.85,0.0,3,Day,High,1435.7,10.27
M100595,5.3,352.5,62.3,1.92,8.72,1.5,2,Day,Low,1198.3,5.51
M100596,4.9,445.5,60.3,2.743,12.51,,0,Rotational,High,1390.5,4.03
M100597,10.3,407.0,83.3,2.979,9.76,3.7,0,Night,High,1366.0,7.95
M100598,8.0,457.7,75.5,1.949,6.46,0.5,1,Day,Medium,1305.4,4.38
M100599,0.0,471.1,79.6,3.595,10.15,2.8,0,Night,High,1431.6,6.83
M100600,9.1,512.8,63.1,2.312,9.9,2.6,0,Night,High,1336.5,4.7
M100601,4.7,323.8,82.5,5.513,10.64,0.1,2,Rotational,High,,11.24
M100602,12.1,438.8,78.4,4.319,8.41,4.5,1,Day,Medium,1468.3,7.84
M100603,4.5,389.1,65.1,7.197,9.99,1.1,4,Day,High,1209.2,7.14
M100604,4.5,411.6,61.3,3.401,9.09,2.4,1,Night,Low,1196.4,8.49
M100605,9.2,493.5,58.0,3.153,8.49,0.6,2,Day,Medium,1283.7,5.66
M100606,10.1,502.7,62.4,3.12,10.01,1.4,4,Night,High,1250.5,5.97
M100607,8.8,538.9,77.6,2.565,9.73,4.6,0,Day,High,1495.3,1.77
M100608,0.3,456.2,51.4,5.96,11.08,1.7,1,Night,High,1212.9,7.46
M100609,9.2,410.6,74.9,3.48,9.54,1.1,2,Day,Low,1331.1,7.7
M100610,2.9,398.5,60.2,1.117,10.41,0.0,1,Day,High,1191.6,1.37
M100611,7.9,272.5,65.7,6.046,7.69,0.3,2,Rotational,High,1112.3,6.28
M100612,1.3,533.9,66.4,5.349,11.59,1.2,3,Day,High,1381.8,7.14
M100613,8.8,392.6,65.6,4.485,8.33,2.2,2,Day,Medium,1232.5,6.18
M100614,3.8,463.0,64.8,0.837,10.85,0.0,0,Night,Low,1307.7,4.89
M100615,1.9,477.7,63.1,3.315,9.89,0.2,0,Day,High,1323.0,1.77
M100616,9.9,314.1,61.7,5.19,9.7,0.0,3,Night,Medium,1184.1,8.38
M100617,8.0,341.5,82.5,4.014,10.64,2.8,1,Night,Medium,1425.2,7.65
M100618,4.5,551.5,68.3,3.679,6.29,2.8,0,Rotational,Low,1320.2,7.17
M100619,12.8,444.7,66.6,5.195,8.64,2.9,1,Day,Low,1425.5,7.48
M100620,5.2,370.7,60.9,3.56,10.62,0.4,2,Rotational,Low,1241.5,6.41
M100621,7.1,409.3,63.5,6.061,12.38,0.0,2,Night,Low,1256.5,13.54
M100622,8.1,512.3,60.9,3.6,9.46,4.6,1,Rotational,Medium,1352.0,4.94
M100623,4.5,499.4,76.4,3.459,5.84,1.1,0,Day,Low,1338.1,7.39
M100624,8.9,295.4,59.7,5.187,9.02,4.1,2,Day,,1124.1,4.36
M100625,4.9,558.9,43.3,2.72,9.41,1.8,0,Rotational,Medium,1192.8,8.71
M100626,5.4,502.1,68.6,,11.16,0.0,1,Day,Low,1429.1,5.59
M100627,12.5,407.0,64.9,,9.57,1.5,3,Night,Medium,1282.4,6.31
M100628,2.8,318.7,61.6,4.46,7.58,1.4,0,Day,Medium,1018.6,4.9
M100629,0.0,509.6,78.0,,10.95,1.7,1,Day,Medium,1469.3,8.07
M100630,13.4,460.5,,,10.35,2.3,4,Day,High,1015.2,13.8
M100631,17.2,296.1,85.3,3.208,8.45,5.3,3,Rotational,High,1302.6,8.33
M100632,5.4,400.3,79.6,3.047,10.58,0.0,1,Night,Low,1510.5,9.32
M100633,0.0,685.7,61.1,2.469,8.68,2.2,1,Night,Medium,1475.4,6.11
M100634,5.8,421.4,63.0,3.762,9.05,,2,Day,Medium,1254.6,4.98
M100635,5.9,356.9,73.5,1.461,8.71,1.9,1,Rotational,Medium,1270.6,2.78
M100636,6.2,334.3,73.8,3.358,9.04,0.0,2,Rotational,Low,1403.4,9.47
M100637,2.5,570.6,,12.0,10.86,2.3,6,Day,Medium,1356.7,18.74
M100638,9.3,492.1,,1.565,6.82,1.9,0,Night,High,1167.0,4.51
M100639,9.1,539.6,91.3,3.591,11.16,3.6,0,Rotational,Low,1731.2,13.81
M100640,1.0,441.1,78.5,4.011,9.76,2.5,0,Rotational,Medium,1474.5,5.58
M100641,9.8,526.6,69.7,4.277,8.91,0.0,0,Night,Medium,1371.6,7.87
M100642,15.2,347.9,69.9,2.048,9.53,5.7,0,Night,Medium,1188.7,4.0
M100643,7.7,433.8,74.8,4.296,8.14,0.0,3,Day,Medium,1367.9,8.4
M100644,5.7,444.4,76.2,2.541,7.05,3.8,1,Night,High,1344.2,4.9
M100645,6.4,537.5,45.0,1.626,8.18,0.0,2,Rotational,Medium,1125.0,7.73
M100646,9.5,447.1,64.1,5.344,6.66,1.5,3,Day,High,1185.5,7.91
M100647,0.1,366.8,63.0,4.629,7.47,2.9,0,Day,Medium,1197.5,3.94
M100648,7.7,425.4,66.2,2.048,7.07,0.1,3,Rotational,Medium,1211.7,4.53
M100649,5.4,277.5,76.5,2.53,11.34,0.3,0,Rotational,Medium,1243.6,4.51
M100650,14.4,222.7,48.3,2.484,7.57,3.5,1,Day,Medium,1026.4,5.23
M100651,6.3,490.7,53.2,1.46,9.44,0.0,0,Day,Medium,1296.1,2.69
M100652,13.7,388.1,60.5,4.861,11.18,1.0,4,Day,High,1209.6,7.25
M100653,2.6,397.8,69.7,4.953,10.78,0.6,2,Rotational,High,1432.7,6.0
M100654,9.3,490.6,77.2,2.811,9.06,1.3,1,Day,High,1356.8,6.72
M100655,8.3,538.7,85.9,3.274,9.06,1.0,1,Day,Medium,1498.7,7.22
M100656,3.5,465.4,64.9,3.516,9.77,0.0,1,Rotational,High,1283.0,4.2
M100657,7.7,583.9,77.1,3.752,12.67,2.2,3,Day,High,1695.7,4.87
M100658,11.9,462.7,75.8,1.693,10.12,0.0,3,Night,Medium,1388.3,7.22
M100659,5.7,445.7,74.0,4.239,10.5,0.7,3,Day,Medium,1456.5,8.16
M100660,0.2,440.4,67.7,1.845,12.9,2.2,1,Night,Medium,1340.2,5.45
M100661,6.9,310.7,63.6,4.668,9.92,1.8,1,Night,High,1175.3,7.26
M100662,3.4,501.3,56.3,1.949,11.22,1.0,0,Day,Medium,1307.7,3.4
M100663,5.6,212.1,55.6,1.733,10.22,0.0,1,Day,Medium,963.8,3.34
M100664,6.7,370.2,71.8,3.274,10.19,0.9,0,Day,Medium,1336.5,3.72
M100665,0.2,421.9,67.4,3.237,8.05,0.9,1,Day,Medium,1201.5,5.58
M100666,0.5,352.9,63.4,3.497,7.81,0.1,0,Day,High,1075.4,3.01
M100667,8.9,381.6,75.3,2.125,8.73,1.0,1,Rotational,High,1282.6,5.33
M100668,4.9,576.3,65.8,3.674,10.82,2.6,2,Day,Low,1378.3,6.81
M100669,0.0,513.8,58.0,3.852,10.75,1.8,0,Rotational,Medium,1236.4,6.31
M100670,10.1,361.7,65.1,5.947,11.5,1.6,1,Rotational,Medium,1366.1,7.65
M100671,8.1,380.1,,3.642,9.48,1.9,1,Day,Medium,1337.0,6.24
M100672,4.1,311.5,56.7,2.46,10.31,2.8,1,Day,Medium,1095.7,4.22
M100673,1.7,479.9,70.3,1.693,10.31,0.0,5,Rotational,High,1376.6,4.39
M100674,10.3,398.8,67.4,1.545,9.34,4.5,2,Night,Medium,1237.0,4.0
M100675,8.4,252.9,59.6,3.902,9.02,0.9,3,Day,Medium,897.8,5.57
M100676,16.5,428.6,64.8,4.936,7.27,0.7,3,Day,Medium,1273.8,7.36
M100677,8.7,457.3,50.7,2.127,9.27,1.4,1,Rotational,High,1275.6,5.49
M100678,8.6,501.9,69.2,3.772,9.34,0.4,0,Rotational,Medium,1347.7,7.99
M100679,6.3,413.8,53.0,3.043,11.2,2.1,0,Day,Medium,1190.1,3.47
M100680,10.3,388.3,79.8,4.755,11.35,2.7,1,Day,High,1448.6,5.48
M100681,9.5,588.8,67.0,5.119,9.72,2.4,2,Rotational,Low,1416.6,9.64
M100682,12.0,420.6,61.7,1.069,12.6,4.4,2,Rotational,Medium,1276.2,4.0
M100683,4.9,481.2,80.8,5.563,9.78,0.4,0,Night,High,1508.1,8.22
M100684,5.3,374.1,56.6,3.766,11.05,3.4,1,Day,Medium,1099.0,6.1
M100685,5.1,478.6,59.8,2.545,9.35,0.3,0,Day,High,1315.1,3.87
M100686,10.2,296.3,47.9,2.581,7.79,2.7,2,Night,High,911.8,7.98
M100687,13.0,380.7,82.4,3.373,8.86,0.3,1,Day,Low,1255.2,9.14
M100688,5.2,317.3,88.6,2.581,11.71,1.2,4,Day,High,1399.3,9.28
M100689,5.3,368.6,49.6,2.078,9.1,0.0,0,Day,Medium,1035.4,5.66
M100690,8.3,526.3,59.0,2.331,8.8,3.2,1,Night,Low,1336.0,8.2
M100691,6.0,368.0,68.8,1.974,9.49,1.4,1,Day,Medium,1338.0,2.85
M100692,10.8,481.1,62.3,6.51,8.92,1.3,4,Rotational,Low,1327.6,12.91
M100693,0.0,549.0,67.7,3.414,11.29,2.9,3,Day,High,1479.2,3.93
M100694,3.7,417.7,66.7,10.241,12.33,2.5,3,Rotational,Medium,1400.0,14.35
M100695,3.9,504.5,72.5,3.997,9.51,4.1,2,Day,Medium,,2.95
M100696,0.0,465.1,57.4,4.457,10.31,2.4,2,Rotational,Low,1285.1,7.89
M100697,3.1,429.9,70.1,1.953,10.96,0.0,1,Day,Medium,1430.5,3.88
M100698,3.3,483.8,,2.977,9.66,,3,Day,High,1183.5,4.93
M100699,6.2,576.4,63.5,3.443,8.18,0.0,1,Day,High,1312.4,5.17
M100700,11.5,365.8,48.9,2.414,8.89,0.1,1,Day,High,1012.0,5.83
M100701,6.0,338.5,63.5,,10.12,2.9,3,Day,Medium,1103.7,3.4
M100702,2.9,333.5,61.7,,10.09,1.7,3,Day,High,1244.6,6.34
M100703,6.8,504.5,78.4,4.137,6.81,0.0,2,Night,High,1377.3,6.71
M100704,11.2,516.0,67.3,1.702,8.85,2.4,2,Night,Medium,1260.6,5.81
M100705,3.1,374.4,69.3,3.826,8.39,3.7,2,Day,Low,1098.8,3.33
M100706,3.4,238.4,67.8,4.378,10.82,1.6,2,Rotational,Medium,1255.8,7.47
M100707,9.2,362.6,44.6,2.472,8.45,0.0,1,Day,Low,1046.1,7.97
M100708,6.1,466.6,46.0,2.349,8.81,1.0,0,Night,Medium,1051.3,9.33
M100709,9.6,414.3,64.5,4.14,8.76,0.0,4,Day,High,1278.0,3.86
M100710,6.9,435.3,71.1,0.917,10.69,3.3,0,Day,Medium,1300.3,3.5
M100711,9.8,375.5,65.4,3.324,10.95,2.0,1,Night,Medium,1261.6,5.96
M100712,2.9,506.2,58.5,7.517,10.24,2.8,3,Day,Medium,1251.3,9.9
M100713,7.0,449.2,65.4,0.906,11.16,0.6,0,Day,High,1267.6,1.28
M100714,6.2,469.8,64.4,5.01,11.35,1.8,2,Rotational,Medium,1404.6,9.22
M100715,2.1,433.5,76.6,4.359,6.78,1.6,0,Day,High,1348.1,3.72
M100716,0.7,464.6,76.0,1.618,10.39,3.6,0,Rotational,,1417.0,3.34
M100717,9.7,459.0,61.9,4.307,8.95,2.3,2,Rotational,,1298.5,8.08
M100718,5.6,341.1,67.5,5.478,7.61,1.7,3,,Medium,1180.2,7.35
M100719,2.9,451.7,71.0,1.844,9.02,2.8,2,Day,Low,1295.7,4.46
M100720,6.6,487.3,72.7,2.331,10.6,1.9,1,Night,Low,1373.8,7.01
M100721,11.5,518.2,86.2,3.364,11.68,0.1,0,Rotational,Low,1668.9,10.43
M100722,0.0,455.4,67.7,5.413,7.48,2.5,2,Rotational,Low,1281.0,7.63
M100723,1.0,338.0,80.9,2.533,10.43,1.9,0,Day,High,1358.2,4.29
M100724,3.3,351.0,55.2,3.251,12.45,1.8,3,Night,Low,1165.2,8.96
M100725,12.8,383.0,61.0,2.381,12.25,2.9,2,Day,Medium,1328.2,4.03
M100726,8.1,436.1,44.5,3.361,5.5,0.2,0,Day,Medium,1017.8,7.86
M100727,10.1,409.6,69.7,5.603,12.77,3.6,2,Day,High,1381.1,7.07
M100728,2.4,324.5,75.1,3.501,10.94,1.9,2,Rotational,Medium,1454.4,6.13
M100729,2.5,324.0,39.9,2.777,6.04,6.1,1,Night,High,840.7,7.42
M100730,8.8,241.6,70.1,3.266,8.35,2.4,0,Night,High,1159.1,2.48
M100731,7.2,154.8,74.6,2.225,11.39,0.0,0,Rotational,Medium,1215.5,3.78
M100732,9.2,408.8,74.0,2.019,10.04,3.9,1,Day,Low,1256.0,4.53
M100733,6.2,617.2,54.8,6.06,8.64,0.0,1,,Low,1304.9,10.94
M100734,8.1,572.7,76.5,7.53,9.6,2.1,2,Day,Medium,1513.7,13.03
M100735,7.6,336.9,68.1,1.356,10.32,0.0,0,Day,Medium,1096.5,1.62
M100736,10.1,432.7,74.5,4.442,8.63,5.5,2,Rotational,Medium,1369.3,6.35
M100737,10.2,295.5,66.6,5.101,9.31,0.0,2,Day,High,1056.1,7.01
M100738,0.5,308.5,72.2,1.812,10.85,1.5,0,Rotational,,1436.1,2.85
M100739,0.0,318.2,80.2,2.622,8.45,0.6,2,Day,Low,1348.0,5.04
M100740,11.0,400.8,65.8,2.488,7.46,2.7,2,Night,Medium,1152.2,5.58
M100741,11.8,404.5,71.1,8.589,8.54,3.1,1,Day,Medium,1426.5,10.35
M100742,2.9,441.5,81.7,7.585,8.17,0.8,4,Day,Low,1488.3,16.79
M100743,0.0,476.4,66.5,2.095,8.59,1.1,1,Night,Medium,1347.3,6.39
M100744,7.4,391.4,55.6,1.601,6.91,0.6,2,Night,Low,1107.1,6.35
M100745,10.7,423.1,75.4,4.887,9.85,2.4,2,Day,Low,1363.8,8.21
M100746,14.2,327.0,83.8,4.358,10.8,1.9,2,Day,Low,1389.4,10.24
M100747,9.1,305.7,82.2,6.184,8.28,1.2,2,Rotational,High,1340.3,11.36
M100748,5.5,292.6,75.9,1.955,8.52,2.9,2,Day,Medium,1363.0,4.37
M100749,3.4,475.2,42.2,4.767,9.22,0.3,1,Night,High,,10.01
M100750,7.0,391.3,80.0,8.587,8.13,1.0,1,Day,High,1794.6,13.31
M100751,5.8,261.0,61.6,4.534,10.98,2.8,1,Day,Medium,1138.1,4.82
M100752,2.9,414.6,68.5,3.259,8.17,1.5,3,Night,High,1232.6,4.41
M100753,15.2,313.9,86.6,8.588,8.71,0.7,5,Day,Low,1475.0,20.04
M100754,14.1,561.1,56.1,4.152,8.36,7.4,2,Night,High,1395.6,8.33
M100755,11.5,370.8,,2.838,11.01,2.0,1,Day,Medium,1472.2,9.35
M100756,3.3,477.9,63.8,3.557,9.15,1.0,1,Night,High,1294.6,6.21
M100757,10.4,512.6,59.6,3.157,12.49,3.4,2,Night,Medium,1440.8,8.09
M100758,9.6,338.8,77.3,1.864,10.03,2.1,3,Night,High,1297.7,6.37
M100759,8.8,426.5,78.2,8.692,11.24,0.8,3,Rotational,Low,1438.5,14.61
M100760,12.0,467.0,75.1,7.384,9.01,2.6,6,Day,Medium,1479.2,10.79
M100761,9.5,429.8,59.5,3.04,8.09,1.7,1,Day,Low,1193.8,5.59
M100762,10.0,450.7,73.5,4.711,9.45,0.0,3,Day,High,1364.9,6.37
M100763,9.5,307.0,56.6,9.26,8.48,1.8,3,Night,High,1084.1,9.3
M100764,8.4,467.1,59.2,6.162,6.5,4.0,5,Day,Medium,1222.0,9.94
M100765,0.0,378.7,67.0,2.847,11.02,2.8,0,Rotational,High,1124.7,1.72
M100766,7.3,449.7,59.0,3.177,9.55,0.3,1,Day,Medium,1366.2,4.85
M100767,4.8,498.2,79.6,1.407,8.45,0.7,0,Day,Medium,1472.8,5.21
M100768,1.9,476.8,61.6,4.891,10.06,1.0,1,Night,High,1358.7,7.95
M100769,13.7,449.6,65.6,6.181,9.57,2.8,3,Night,High,1371.0,10.33
M100770,13.9,474.6,58.3,6.202,11.61,2.1,3,Day,Medium,1240.5,10.72
M100771,12.4,478.5,79.4,4.714,10.15,0.0,3,Day,Low,1365.7,11.59
M100772,8.0,547.1,60.7,3.96,9.26,0.0,0,Rotational,Medium,1394.4,7.68
M100773,12.4,417.1,80.6,2.016,10.54,1.2,1,Night,Low,1509.8,8.27
M100774,7.0,433.9,79.8,3.896,9.45,0.0,4,Day,Medium,1379.9,8.17
M100775,7.8,499.2,63.1,2.421,9.78,0.5,0,Rotational,Medium,1415.8,3.38
M100776,2.6,378.3,68.3,4.317,11.34,1.0,3,Rotational,Medium,1257.1,6.65
M100777,8.6,306.5,62.8,2.266,7.75,,2,Day,Low,1071.3,3.74
M100778,7.2,461.9,74.0,4.303,8.21,0.0,4,Day,Medium,1358.3,6.77
M100779,1.8,402.5,65.9,6.434,8.87,1.4,2,Rotational,Medium,1175.4,10.84
M100780,6.8,317.4,63.4,4.009,9.09,0.9,0,Day,Medium,1122.1,3.81
M100781,6.7,462.5,68.5,3.913,11.23,1.4,0,Night,Low,1409.3,8.26
M100782,14.2,541.6,50.6,5.241,7.38,1.0,1,Night,Medium,1249.0,9.06
M100783,10.6,281.5,67.2,8.046,9.46,1.3,4,Night,Low,1172.8,15.97
M100784,7.0,506.9,75.1,3.147,8.67,2.3,4,Day,High,1408.1,7.11
M100785,8.0,204.3,69.5,4.308,12.05,3.0,1,Day,High,1119.5,2.27
M100786,7.2,386.0,78.5,7.068,10.83,0.0,3,Day,Medium,1400.1,12.86
M100787,6.2,576.4,63.8,4.64,9.86,0.7,4,Night,Low,1353.7,9.75
M100788,2.7,392.1,62.9,1.22,10.95,0.5,2,Day,Medium,1200.5,2.1
M100789,6.4,427.6,55.7,2.321,7.52,0.2,0,Night,High,1079.1,4.48
M100790,4.0,484.8,63.5,4.833,12.54,0.0,1,Day,Medium,1403.0,6.58
M100791,2.0,274.1,89.6,2.718,8.24,2.9,1,Night,,1374.5,10.5
M100792,9.0,426.1,71.0,6.822,11.39,1.3,5,Day,Medium,1369.1,10.22
M100793,8.6,425.5,61.6,8.406,10.33,2.6,1,Day,Medium,1327.4,11.53
M100794,0.0,578.3,56.9,2.472,9.9,5.9,1,Day,High,1398.7,3.0
M100795,6.5,315.0,50.4,1.981,11.32,1.4,2,Night,Medium,1019.3,5.96
M100796,11.0,387.6,58.9,2.772,10.99,2.2,0,Rotational,Low,1306.3,5.12
M100797,11.2,341.1,76.4,2.693,9.66,0.4,1,Day,Medium,1182.6,6.04
M100798,11.1,332.1,63.3,7.157,8.87,0.1,4,Night,High,1209.8,14.18
M100799,7.2,515.8,57.5,1.978,9.68,0.0,0,Rotational,High,1296.1,3.63
M100800,3.6,422.3,58.7,4.812,9.35,4.2,1,Day,Medium,1179.1,4.95
M100801,2.7,372.8,75.1,6.645,10.03,2.4,2,Night,High,1316.9,9.42
M100802,8.4,376.0,67.1,5.001,11.03,1.8,1,Day,Medium,1306.0,7.56
M100803,8.5,372.1,61.1,4.13,10.2,0.7,2,Rotational,Low,1175.6,7.49
M100804,12.1,379.7,64.6,3.061,9.78,0.0,1,Day,Low,1273.8,5.19
M100805,11.4,312.5,92.3,8.369,8.52,2.3,5,Rotational,Low,1289.8,19.23
M100806,6.5,398.0,81.4,2.937,9.99,1.3,0,Day,Medium,1398.3,5.91
M100807,2.0,389.5,84.2,5.334,6.96,0.0,2,Rotational,High,1391.1,9.64
M100808,5.7,355.6,48.7,3.067,8.3,2.8,0,Rotational,Medium,1012.6,7.26
M100809,7.9,433.2,66.3,1.322,10.41,1.1,0,Day,Medium,1249.4,3.26
M100810,6.2,440.4,60.9,2.901,10.83,0.0,0,Night,Medium,1274.4,5.97
M100811,4.7,372.7,74.0,3.071,9.47,0.2,1,Day,High,1341.7,2.38
M100812,8.0,407.7,79.7,3.09,9.8,0.0,0,Day,Medium,1432.8,4.19
M100813,5.0,603.5,71.6,,10.06,2.1,1,Night,Medium,1494.0,6.02
M100814,4.5,600.2,58.4,4.54,10.52,1.0,2,Night,High,1424.6,7.8
M100815,8.2,330.4,60.7,4.8,9.2,1.6,3,Day,Medium,1109.9,7.73
M100816,5.4,342.3,74.8,2.849,8.03,4.9,2,Rotational,Medium,1236.9,6.66
M100817,8.0,330.0,75.9,2.837,10.08,2.0,0,Night,Medium,1361.4,5.69
M100818,8.1,509.8,69.6,1.963,12.44,1.2,0,Night,Medium,1406.0,4.74
M100819,2.4,386.1,69.4,3.77,8.12,2.1,2,Night,Medium,1250.8,5.25
M100820,5.1,440.4,68.6,6.612,9.31,2.2,3,Day,Medium,1240.6,10.63
M100821,12.8,589.7,71.0,,8.92,0.3,1,Day,Medium,1519.5,9.44
M100822,2.4,419.1,75.9,2.461,13.12,0.2,0,Night,High,1482.3,4.76
M100823,0.0,480.0,74.9,8.985,8.06,0.0,2,Rotational,High,1461.9,13.58
M100824,0.0,464.2,68.3,2.77,9.26,2.1,2,Rotational,Low,1418.6,4.97
M100825,7.1,370.0,67.5,1.998,8.95,0.0,0,Day,High,1237.7,1.47
M100826,7.1,510.0,67.0,1.68,7.62,0.0,1,Night,Low,1242.4,6.11
M100827,6.5,347.8,59.4,1.938,7.54,0.8,0,Day,Medium,1068.2,2.2
M100828,11.9,533.9,59.3,3.923,10.35,0.5,1,Day,Low,1298.1,6.26
M100829,0.0,370.1,74.0,2.919,10.56,0.5,1,Day,Medium,1454.8,4.65
M100830,8.6,379.4,60.2,2.421,8.66,1.2,0,Rotational,Medium,,4.66
M100831,13.2,327.5,77.0,2.173,11.61,0.0,2,Night,High,1400.1,6.35
M100832,2.5,341.4,67.4,1.929,6.12,3.2,0,Day,Medium,1229.7,2.96
M100833,5.5,383.7,77.0,2.128,7.61,3.1,0,Rotational,Medium,1344.4,5.4
M100834,4.0,213.3,75.0,5.516,8.26,6.5,2,Day,Medium,1167.8,6.18
M100835,3.4,400.2,77.3,8.18,9.49,3.7,5,Day,Medium,1431.9,12.85
M100836,5.7,376.8,62.8,8.437,8.82,0.8,3,Day,High,1075.1,11.59
M100837,12.7,487.2,72.5,4.681,9.2,0.5,0,Day,Low,1324.6,8.43
M100838,14.3,456.0,76.1,2.596,10.23,0.6,3,Day,High,1440.1,6.36
M100839,5.7,359.9,50.9,2.378,11.69,3.0,0,Rotational,Low,1186.6,5.65
M100840,14.6,381.0,86.7,4.846,10.7,0.6,2,Day,Medium,1482.4,11.11
M100841,7.1,400.1,92.9,2.935,9.58,2.6,1,Day,Medium,1538.4,11.92
M100842,14.0,546.3,78.4,4.079,9.38,3.5,0,Day,High,1402.1,5.38
M100843,6.6,350.1,76.9,8.717,11.15,1.9,4,Night,Low,1434.7,14.42
M100844,7.5,358.8,74.5,3.7,12.33,0.9,0,Day,Medium,1480.4,5.17
M100845,8.5,324.1,64.4,10.37,10.46,0.0,0,Rotational,Medium,1117.2,14.82
M100846,19.7,294.0,66.8,1.89,8.76,5.5,1,Day,Low,1039.5,2.34
M100847,10.4,446.1,78.6,4.153,9.89,1.6,1,Rotational,Low,1484.3,7.81
M100848,4.2,437.2,57.3,3.884,10.37,0.8,3,Day,Medium,1284.9,8.44
M100849,10.9,529.0,56.3,2.03,8.67,3.3,1,Day,High,1054.1,4.73
M100850,5.6,508.5,63.6,4.957,10.8,0.4,1,Rotational,High,1395.0,7.42
M100851,5.0,623.8,75.2,7.138,9.9,0.2,3,Day,Medium,1544.6,12.8
M100852,10.6,413.7,58.5,9.988,11.25,1.9,5,Day,High,1203.9,13.6
M100853,7.1,397.9,65.5,4.078,8.03,0.0,1,Day,Low,1124.4,6.77
M100854,8.1,309.5,66.8,,6.89,0.0,0,Night,Low,1136.0,4.95
M100855,7.1,479.2,56.9,4.214,8.91,1.5,3,Day,Medium,1185.7,6.14
M100856,8.3,430.1,41.2,4.811,9.54,1.8,3,Night,Medium,1019.9,11.8
M100857,8.7,475.4,56.7,2.952,6.8,4.1,0,Rotational,Medium,1287.9,5.35
M100858,0.0,323.2,70.9,3.697,8.59,0.2,4,Night,High,1324.7,5.15
M100859,9.7,449.9,73.3,2.607,11.43,4.1,4,Day,Medium,1488.1,4.9
M100860,3.1,437.4,73.4,3.105,10.3,4.3,1,Day,Medium,1336.3,4.47
M100861,1.2,431.8,74.7,5.522,9.71,0.0,0,Night,Low,1344.2,8.83
M100862,6.8,361.9,61.1,6.649,7.92,3.1,1,Night,Low,1128.2,12.58
M100863,7.3,521.1,58.8,1.759,11.38,1.6,0,Day,Low,1407.5,4.28
M100864,4.2,594.3,72.1,2.571,8.87,3.3,2,Day,Medium,1401.7,4.98
M100865,10.3,325.6,65.7,1.5,9.64,0.9,1,Night,Low,1148.4,6.0
M100866,1.6,481.2,78.0,8.324,10.11,0.8,3,Day,Low,1476.9,15.85
M100867,5.4,175.4,72.2,5.131,9.76,1.9,2,Rotational,Low,1105.9,9.54
M100868,4.7,476.8,82.1,1.221,11.74,0.0,2,Rotational,High,1493.1,6.37
M100869,6.8,261.0,62.9,3.215,10.36,2.2,0,Rotational,Medium,1136.0,3.43
M100870,8.1,375.4,79.7,2.881,10.01,1.9,2,Rotational,Medium,1310.4,6.26
M100871,3.0,308.4,90.4,2.275,9.37,0.3,4,Rotational,Medium,1405.0,8.96
M100872,9.9,401.7,68.6,5.574,10.15,2.7,2,Day,High,1210.5,7.2
M100873,7.3,491.3,73.5,5.511,9.19,1.9,0,Day,Medium,1451.2,6.9
M100874,0.0,262.1,57.8,3.799,9.78,1.2,0,Day,,951.7,3.0
M100875,0.0,389.4,77.8,2.409,8.99,0.5,2,Day,Low,1250.9,4.82
M100876,7.0,376.4,80.4,2.419,8.75,0.7,2,Day,High,1313.3,6.18
M100877,6.1,554.4,62.6,3.394,8.13,0.0,1,Day,Medium,1233.9,3.24
M100878,6.6,456.7,74.4,2.642,9.09,0.8,1,Day,Medium,1363.8,6.9
M100879,6.9,319.9,71.1,3.31,8.99,0.2,0,Day,Low,1191.6,6.52
M100880,7.9,379.9,72.3,4.389,12.24,2.2,0,Night,Medium,1394.3,6.36
M100881,10.8,552.3,76.9,1.542,10.99,3.9,0,Rotational,,1515.9,5.84
M100882,2.6,480.7,73.7,2.273,9.3,2.6,2,Day,Medium,1424.1,4.5
M100883,2.3,342.0,66.5,3.265,8.87,0.1,1,Night,Medium,1180.5,5.83
M100884,2.6,397.3,77.2,7.262,10.42,3.6,2,Night,Medium,1533.0,11.16
M100885,8.2,400.0,80.2,5.067,12.41,3.2,3,Night,Low,1393.3,11.33
M100886,12.0,374.3,61.9,3.314,10.69,0.6,3,Day,Medium,1127.0,7.09
M100887,5.3,274.6,68.0,4.06,6.92,1.4,0,Rotational,Low,1099.5,7.54
M100888,0.0,362.4,,3.156,10.79,3.1,0,Day,Low,1009.3,7.53
M100889,0.2,538.1,74.4,5.689,11.06,0.7,2,Rotational,High,1491.1,9.42
M100890,3.7,387.6,81.5,4.124,12.8,4.2,1,Day,Medium,1553.8,6.06
M100891,4.8,411.2,65.2,6.293,9.13,2.6,3,Rotational,Medium,1269.9,8.11
M100892,5.4,431.9,69.5,1.686,9.71,1.1,1,Night,Low,1370.2,5.93
M100893,7.2,608.5,65.6,2.219,10.18,0.0,2,Rotational,Low,1420.3,6.82
M100894,5.8,420.8,63.8,3.809,8.35,1.7,2,Day,High,,3.81
M100895,11.2,513.0,70.6,4.249,8.22,1.5,1,Day,Low,1423.7,8.32
M100896,4.3,369.2,59.4,11.025,10.1,2.9,2,Day,Medium,1083.2,15.58
M100897,3.6,398.0,65.4,1.345,7.19,1.1,0,Day,High,1204.8,0.43
M100898,8.9,421.1,58.0,3.266,7.52,5.4,0,Day,,1124.0,3.96
M100899,0.9,354.2,74.5,3.193,10.72,4.0,2,Day,Medium,1286.1,4.64
M100900,8.6,402.7,70.6,3.739,10.25,1.4,4,Day,Low,1308.8,8.27
M100901,7.4,495.5,63.3,7.898,11.37,1.3,2,Day,Medium,1341.1,12.45
M100902,6.4,352.0,68.4,5.146,10.19,0.1,1,Day,Medium,1282.5,7.67
M100903,13.4,420.0,65.6,1.489,9.52,2.1,0,Night,Medium,1281.2,4.89
M100904,4.5,480.2,80.6,7.148,11.43,0.0,1,Rotational,Medium,1465.0,13.43
M100905,15.2,349.9,63.1,7.049,8.87,5.0,1,Day,Medium,1240.3,8.19
M100906,6.1,513.1,,3.787,9.0,,0,Day,Medium,1522.8,6.38
M100907,1.9,426.2,60.2,1.479,9.4,,1,Night,Medium,1236.0,3.42
M100908,7.3,406.0,77.0,3.078,10.18,3.5,3,Night,High,1448.4,5.98
M100909,2.7,249.3,79.4,4.197,9.4,2.9,0,Rotational,Low,1251.1,5.96
M100910,4.0,388.2,79.9,5.465,7.27,0.5,3,Day,Medium,1272.4,11.06
M100911,8.6,451.6,84.2,1.37,9.1,1.1,2,Rotational,High,1514.5,6.06
M100912,9.2,568.4,71.2,2.26,9.45,,1,Day,High,1456.9,2.79
M100913,4.5,468.3,81.6,5.749,9.67,2.6,2,Day,Medium,1487.6,10.01
M100914,10.9,515.7,85.9,7.035,8.83,1.9,0,Day,Medium,1537.7,12.81
M100915,11.6,317.2,55.7,4.118,10.26,0.8,3,Rotational,Medium,1153.9,5.4
M100916,12.7,409.2,61.4,5.896,7.08,4.2,1,Day,High,1151.0,6.84
M100917,9.1,523.8,51.5,4.169,10.12,0.8,2,Night,Medium,1241.1,11.03
M100918,12.5,344.5,79.7,5.374,12.19,2.0,1,Rotational,High,1460.9,8.64
M100919,0.0,502.0,51.4,3.57,8.59,0.9,1,Rotational,High,1294.3,5.74
M100920,5.7,482.3,48.4,4.221,9.59,0.5,2,Rotational,Medium,1142.6,9.06
M100921,3.5,443.4,55.9,1.802,9.13,1.7,2,Day,Medium,1311.5,4.22
M100922,7.5,392.1,48.9,4.764,9.15,0.0,2,Rotational,Low,1137.9,11.46
M100923,4.7,336.2,71.0,1.775,7.96,1.9,2,Rotational,Low,1238.9,5.46
M100924,6.3,570.9,,4.761,12.49,1.6,2,Rotational,Medium,1434.8,7.04
M100925,14.5,473.7,49.4,2.666,10.08,5.1,2,Day,Low,1276.5,7.51
M100926,6.3,449.0,67.5,3.995,8.49,2.5,4,Night,Medium,1280.5,8.91
M100927,8.7,384.9,68.2,2.062,8.32,1.2,0,Day,Medium,1120.2,3.39
M100928,6.1,423.2,47.4,2.581,9.59,0.0,0,Night,High,1006.1,5.54
M100929,7.3,434.0,60.1,3.991,6.25,0.0,4,Day,Medium,1092.9,6.67
M100930,7.0,454.0,67.2,4.841,11.08,2.0,2,Day,Medium,1395.6,5.97
M100931,8.8,482.4,64.1,5.737,8.73,2.6,1,Day,Low,1289.0,8.75
M100932,11.7,353.5,64.4,1.868,10.08,2.6,2,Night,Medium,1321.5,5.2
M100933,13.6,295.3,81.0,1.567,10.15,0.0,3,Night,Medium,1384.3,7.3
M100934,8.2,427.2,91.6,2.039,10.95,0.0,1,Day,High,1579.0,8.12
M100935,9.4,271.5,64.6,1.949,10.24,3.8,1,Night,Medium,1145.8,5.13
M100936,2.4,392.5,53.5,7.268,10.61,1.3,3,Night,Low,1133.2,12.71
M100937,6.6,376.7,65.4,6.489,11.03,0.0,0,Day,Medium,1250.1,8.04
M100938,10.8,461.8,,2.017,9.0,0.4,1,Day,Medium,1346.7,2.79
M100939,10.5,588.5,67.4,7.808,12.73,1.0,3,Night,Medium,1438.9,14.62
M100940,7.8,254.7,74.7,6.298,10.03,1.6,1,Day,Medium,1134.8,7.79
M100941,10.5,613.3,92.3,1.47,9.46,0.8,3,Night,Medium,1701.9,11.55
M100942,9.0,400.2,49.2,1.984,8.24,2.0,1,Day,Medium,1068.6,4.24
M100943,11.8,449.6,62.4,1.448,9.19,0.7,1,Day,High,1246.9,2.44
M100944,8.2,299.7,85.0,3.179,10.1,0.4,0,Day,Medium,1335.9,8.36
M100945,5.6,504.7,62.3,3.349,9.64,4.4,0,Night,Medium,1398.9,6.31
M100946,8.3,423.5,76.7,3.346,12.24,2.2,0,Day,Medium,1495.6,5.25
M100947,0.0,414.8,74.9,1.205,8.92,2.0,0,Day,High,1337.6,1.25
M100948,8.5,255.3,81.6,1.626,10.52,0.0,2,Night,Low,1268.7,9.23
M100949,0.0,426.3,89.0,3.781,7.81,0.0,1,Rotational,Low,1415.7,10.74
M100950,0.1,491.9,71.7,4.532,12.77,1.5,1,Night,High,1524.7,6.9
M100951,8.8,399.9,48.8,1.209,7.71,2.4,1,Day,Low,986.8,5.84
M100952,8.9,519.8,60.3,1.75,12.61,1.0,0,Night,Medium,1468.5,6.31
M100953,2.4,516.3,92.0,5.536,9.3,3.0,3,Day,Medium,1655.0,13.37
M100954,4.2,365.5,52.4,1.8,6.15,1.9,0,Day,Low,995.6,6.69
M100955,12.5,555.6,73.5,3.296,11.53,3.3,2,Night,High,1478.8,6.92
M100956,5.1,423.9,40.3,1.716,9.62,1.5,1,Day,Medium,1049.5,6.96
M100957,16.0,424.2,53.1,5.032,8.82,1.4,5,Day,Medium,1117.7,10.97
M100958,7.0,428.4,77.8,1.211,10.46,0.0,0,Day,Low,1398.3,6.29
M100959,8.6,425.9,68.4,2.851,10.5,2.8,4,Day,Medium,1294.3,5.48
M100960,13.5,196.4,63.9,5.313,10.12,2.3,1,Night,Low,1083.5,9.9
M100961,7.5,404.2,59.0,4.504,11.2,1.4,0,Rotational,High,1191.7,7.59
M100962,3.0,304.1,46.0,2.633,9.88,0.0,2,Day,Medium,986.2,7.43
M100963,6.6,558.2,75.6,2.341,10.47,0.8,3,Day,High,1585.0,3.54
M100964,6.9,554.8,64.9,2.955,8.72,1.7,1,Day,Medium,1329.3,3.98
M100965,1.5,492.4,51.3,1.743,10.65,0.5,0,Night,Medium,1162.1,6.0
M100966,6.0,399.7,68.3,3.158,8.72,1.0,1,Rotational,Low,1375.0,6.26
M100967,4.0,334.3,74.4,3.185,7.81,2.0,4,Day,Low,1226.6,6.05
M100968,10.7,364.1,65.8,2.694,9.19,0.0,1,Day,Medium,1260.7,5.43
M100969,7.1,585.1,69.3,5.475,9.09,2.8,1,Night,Low,1438.4,10.01
M100970,5.9,361.2,68.4,1.944,10.89,0.4,1,Day,High,1260.5,4.08
M100971,6.6,219.8,60.2,1.416,7.32,0.0,0,Night,High,1034.7,2.53
M100972,7.9,507.6,68.6,2.553,11.14,0.0,1,Night,Low,1494.4,8.02
M100973,9.5,547.5,76.1,3.532,8.57,1.0,1,Rotational,High,1399.7,7.89
M100974,3.0,561.0,79.4,3.148,5.8,0.0,0,Rotational,High,,6.81
M100975,2.8,508.3,76.7,3.078,7.69,0.0,1,Day,Low,1454.5,7.53
M100976,11.4,522.1,60.6,1.89,9.04,3.8,0,Day,High,1381.0,3.17
M100977,5.4,424.5,75.0,2.031,10.17,1.7,0,Night,High,1386.7,5.16
M100978,1.3,243.5,73.1,2.601,9.3,0.0,0,Night,Medium,1163.5,5.24
M100979,8.8,422.4,60.2,2.5,7.69,2.7,1,Day,Medium,1176.5,4.42
M100980,8.9,472.8,62.9,5.749,8.33,4.9,2,Day,Medium,1315.0,8.78
M100981,0.9,408.5,75.5,3.788,7.71,1.0,2,Rotational,Medium,1349.0,6.67
M100982,7.9,404.6,83.1,2.544,9.89,1.8,1,Night,Medium,1385.2,7.3
M100983,9.9,338.0,48.1,5.74,9.36,,2,Rotational,Low,941.6,13.85
M100984,8.5,334.9,86.0,4.15,10.42,3.2,0,Day,High,1324.7,7.22
M100985,9.5,576.2,80.8,1.684,6.84,3.8,3,Night,High,1503.7,5.96
M100986,1.4,579.3,70.2,0.656,8.7,0.7,0,Day,High,1533.3,2.05
M100987,8.3,419.8,,1.711,12.54,9.0,1,Night,Medium,1203.5,2.11
M100988,5.8,443.9,72.3,4.47,10.46,0.9,0,Day,Medium,1326.2,6.72
M100989,5.1,336.6,61.0,5.185,9.06,3.1,1,Rotational,Medium,1197.1,6.6
M100990,10.5,474.6,66.0,1.448,8.02,0.2,2,Day,Medium,1237.6,2.41
M100991,12.9,569.6,51.8,4.615,11.16,2.8,4,Night,High,1347.2,9.84
M100992,14.2,290.0,48.8,4.528,11.8,0.1,1,Night,High,1000.1,7.82
M100993,12.3,459.4,93.7,6.669,7.78,5.1,7,Day,Medium,1479.7,17.42
M100994,6.6,465.8,68.7,5.34,7.92,1.5,2,Rotational,Medium,1335.2,7.91
M100995,8.4,464.8,70.2,6.527,9.92,1.7,1,Day,Medium,1292.5,7.78
M100996,10.1,559.6,67.7,4.238,10.06,0.0,2,Day,High,1423.1,6.61
M100997,7.5,593.1,58.9,,10.22,0.4,1,Night,Medium,1368.3,6.86
M100998,7.5,400.2,64.6,2.805,12.27,0.0,0,Night,Low,1421.3,6.05
M100999,10.3,477.2,69.0,5.003,8.04,4.6,0,Night,,1280.7,7.77
M101000,6.8,427.2,65.8,1.705,9.56,0.9,1,Night,Low,1245.0,5.98
M101001,4.1,366.3,59.7,3.098,10.58,3.0,1,Night,Low,,6.29
M101002,5.3,443.0,73.3,4.349,10.57,,2,Day,High,1415.4,4.07
M101003,9.5,477.1,70.1,6.713,8.53,4.0,3,Day,Medium,1297.7,8.29
M101004,7.0,438.4,72.3,2.614,8.59,4.2,0,Day,Low,1291.9,5.36
M101005,8.4,345.1,75.8,5.383,8.81,0.0,5,Day,Medium,1234.3,9.57
M101006,9.7,380.6,66.1,3.008,12.06,4.6,1,Rotational,Medium,,5.39
M101007,5.5,381.2,66.1,5.439,8.03,1.5,5,Rotational,High,1229.6,6.09
M101008,10.0,348.4,84.3,2.224,9.01,0.3,0,Day,Medium,1331.3,6.86
M101009,8.5,446.7,57.6,4.773,10.66,2.1,0,Night,Low,1205.0,9.13
M101010,2.1,455.5,47.4,3.166,7.87,2.0,1,Day,Low,1168.0,7.7
M101011,12.8,503.3,74.1,1.836,9.89,0.7,0,Night,High,1429.5,5.02
M101012,5.0,347.1,61.1,3.075,6.65,0.8,0,Day,High,1134.7,3.12
M101013,0.4,370.9,56.1,6.429,9.79,0.0,1,Day,High,1152.8,7.6
M101014,2.8,552.1,77.7,1.995,9.58,0.9,0,Day,Low,1508.8,5.05
M101015,2.9,406.0,66.4,1.581,9.75,0.0,0,Day,,1329.1,2.21
M101016,7.2,422.6,54.1,4.053,8.2,0.9,0,Day,Low,1106.9,7.68
M101017,5.9,405.1,89.3,1.435,9.84,1.8,2,Day,High,1512.3,6.93
M101018,5.7,516.3,50.3,7.255,9.44,1.6,3,Day,Medium,,10.95
M101019,9.5,519.6,67.0,7.164,11.45,0.3,3,Day,High,1350.5,10.85
M101020,8.4,514.6,47.2,5.58,10.46,0.8,1,Day,Medium,1128.5,10.38
M101021,8.3,422.3,71.0,3.302,7.33,0.8,1,Day,Low,1194.9,6.73
M101022,8.6,345.8,60.9,7.632,8.25,3.6,3,Day,Medium,1204.4,12.0
M101023,9.5,583.6,77.0,6.506,8.58,0.0,3,Day,High,,10.68
M101024,0.0,492.8,67.8,2.544,9.77,2.3,0,Rotational,,1350.6,2.74
M101025,5.5,381.2,82.9,6.817,9.25,2.7,3,Rotational,Medium,1452.3,9.96
M101026,0.0,541.0,63.3,2.105,9.24,3.3,1,Day,Medium,1438.6,2.31
M101027,7.1,374.5,50.4,3.009,13.73,0.0,1,Day,Low,1172.5,6.19
M101028,7.0,539.9,70.6,1.354,8.73,1.8,0,Night,Low,1399.2,4.82
M101029,11.2,545.7,65.2,3.571,11.59,2.2,1,Day,Low,1355.0,6.71
M101030,11.8,341.7,71.3,11.115,9.28,0.0,3,Night,Medium,1489.7,13.64
M101031,7.8,469.4,56.4,2.648,6.23,2.8,1,Day,Medium,1201.5,4.48
M101032,5.0,486.5,59.9,3.056,9.79,2.3,2,Day,Medium,1275.7,4.95
M101033,8.9,642.3,85.1,2.485,11.18,3.7,2,Day,High,1741.7,7.27
M101034,4.9,356.9,75.8,3.39,10.45,1.2,1,Day,Medium,1362.9,5.86
M101035,7.0,541.8,64.2,6.308,9.88,1.1,0,Rotational,Medium,1318.0,9.38
M101036,10.9,421.5,73.2,1.952,9.54,3.9,4,Day,Medium,1296.1,5.36
M101037,4.8,314.5,45.6,5.11,8.76,4.7,2,Day,High,986.9,6.95
M101038,10.2,409.8,61.8,3.697,10.84,1.4,2,Night,High,1277.6,5.6
M101039,9.7,420.2,72.4,4.003,8.85,1.2,0,Day,High,1385.4,7.43
M101040,3.2,330.0,69.8,3.27,8.54,2.0,1,Day,Medium,1160.8,4.98
M101041,10.9,446.5,62.1,2.319,10.12,1.5,1,Day,High,1219.4,3.99
M101042,9.8,501.4,67.6,4.147,9.05,0.2,1,Night,Medium,1361.4,6.31
M101043,7.4,440.2,71.7,4.303,11.42,6.3,0,Rotational,Low,1478.8,8.01
M101044,4.0,373.9,67.9,2.225,10.2,2.1,2,Day,Low,1358.0,3.11
M101045,3.6,407.4,77.5,1.7,8.33,2.1,1,Day,High,1286.8,1.7
M101046,4.8,419.6,71.5,3.465,7.78,2.1,1,Day,High,1289.6,4.7
M101047,9.2,438.5,73.6,4.842,8.64,0.3,0,Day,High,1423.3,7.56
M101048,3.2,514.3,86.8,,13.01,1.7,2,Rotational,High,,9.67
M101049,8.8,443.1,77.1,6.06,9.14,2.8,4,Night,Medium,1305.2,9.96
M101050,2.0,300.8,87.2,3.998,10.64,1.0,1,Rotational,High,1462.1,7.83
M101051,6.2,372.2,60.6,2.911,7.54,0.5,1,Day,Medium,1082.9,2.16
M101052,7.4,434.1,50.5,3.317,7.88,1.3,1,Rotational,Medium,1112.6,7.37
M101053,16.8,515.6,66.5,,9.22,4.3,2,Rotational,High,1385.7,4.23
M101054,1.5,530.3,65.5,2.36,12.05,2.5,2,Rotational,Low,1478.9,5.29
M101055,12.9,570.8,84.1,3.233,7.56,2.3,2,Day,Medium,1539.0,6.45
M101056,7.6,431.1,55.6,2.906,8.56,3.9,2,Rotational,Medium,1176.9,4.97
M101057,8.6,484.9,67.1,3.476,10.85,4.4,2,Night,Medium,1378.0,7.87
M101058,7.5,296.4,72.5,1.67,11.89,1.0,0,Night,High,1297.4,3.95
M101059,8.8,456.5,69.1,1.867,10.16,1.1,1,Day,High,1438.6,2.73
M101060,6.4,328.6,66.1,4.893,10.51,1.1,3,Day,Medium,1240.2,6.66
M101061,12.8,414.7,71.9,2.189,8.15,0.0,2,Rotational,Medium,1240.4,5.32
M101062,5.2,677.5,79.9,2.368,7.52,1.2,3,Rotational,Medium,1611.3,8.7
M101063,11.5,445.8,84.9,3.482,7.78,1.4,2,Rotational,Low,1422.5,11.4
M101064,4.4,346.6,68.4,2.084,8.19,,1,Day,Medium,1252.9,2.29
M101065,6.8,454.7,59.0,5.773,9.84,0.6,2,Day,Low,1287.3,9.24
M101066,2.7,376.0,84.9,1.771,7.67,,0,Night,Medium,1409.2,6.45
M101067,8.8,338.3,56.1,3.323,9.88,1.1,2,Day,Medium,1034.9,6.63
M101068,12.8,598.8,87.7,,9.03,0.0,2,Day,Medium,1655.1,10.45
M101069,6.7,510.7,82.8,3.59,8.66,1.7,1,Day,Medium,1436.4,7.06
M101070,6.2,449.4,84.4,2.589,10.83,2.7,0,Day,Medium,1454.4,6.9
M101071,2.5,386.7,75.5,3.281,8.06,1.2,1,Day,Medium,1292.6,5.79
M101072,6.1,393.6,44.8,6.114,11.65,1.9,2,Day,Low,1126.0,12.33
M101073,0.6,551.1,56.6,2.354,10.75,1.5,0,Day,Medium,1346.1,4.14
M101074,3.3,446.1,71.4,2.345,8.01,2.0,1,Night,Medium,,6.49
M101075,7.9,158.0,60.6,2.835,11.3,2.9,0,Day,Medium,1033.5,2.34
M101076,12.3,625.8,64.5,6.938,7.84,0.0,1,Night,Low,1496.7,14.47
M101077,18.2,435.6,74.7,3.174,11.44,3.3,4,Day,,1386.1,6.91
M101078,4.7,449.2,66.1,6.154,10.0,2.0,0,Rotational,Medium,1203.0,8.42
M101079,12.7,512.4,54.6,3.039,7.13,4.0,3,Day,,1181.8,5.42
M101080,8.0,459.6,77.7,6.018,7.56,0.4,0,Day,High,1317.4,8.66
M101081,6.4,483.5,73.7,4.07,8.89,0.7,0,Rotational,High,1410.4,6.07
M101082,8.7,384.0,65.3,4.381,10.8,2.8,1,Night,High,1173.7,4.38
M101083,7.2,315.5,75.8,1.619,9.24,0.0,0,Night,High,1150.7,4.49
M101084,7.4,443.8,69.0,1.504,9.21,4.9,2,Rotational,Medium,1275.4,3.15
M101085,5.4,541.7,82.6,5.669,9.56,1.4,3,Rotational,High,1614.3,11.2
M101086,1.4,364.9,69.7,5.634,6.51,0.2,1,Day,High,1154.7,7.64
M101087,0.8,358.1,82.6,11.142,10.74,0.5,5,Rotational,Medium,1463.2,15.63
M101088,9.6,523.8,47.4,1.579,11.51,1.1,0,Rotational,Medium,1231.9,5.76
M101089,5.9,381.1,73.1,4.233,10.68,2.2,0,Day,High,1237.2,3.35
M101090,4.6,385.1,63.6,1.99,8.86,0.8,0,Day,High,1202.7,1.18
M101091,7.0,388.3,58.6,2.293,8.17,2.4,1,Night,High,1213.5,4.34
M101092,10.2,414.5,80.7,2.583,7.88,1.5,3,Rotational,Medium,1394.7,7.09
M101093,7.7,286.2,77.8,4.02,7.8,1.4,1,Night,Medium,1300.1,6.25
M101094,4.4,374.2,45.9,2.382,12.9,2.7,0,Night,Medium,1127.1,5.98
M101095,11.9,439.6,75.9,3.376,9.38,2.1,0,Day,Low,1463.6,4.67
M101096,13.3,439.0,74.5,5.033,10.86,1.8,2,Night,Low,1428.4,11.4
M101097,9.0,518.4,60.0,5.836,10.77,1.6,1,Day,Low,1238.7,8.6
M101098,10.9,576.3,58.8,4.694,9.71,0.3,1,Day,Low,1291.8,7.43
M101099,12.0,548.6,50.5,4.162,8.1,2.2,2,Rotational,Medium,1267.0,8.21
M101100,11.5,497.7,64.3,3.093,10.28,2.2,0,Day,High,1305.3,3.53
M101101,9.5,407.4,66.0,2.498,7.88,4.4,0,Night,Medium,1224.1,4.13
M101102,9.4,367.0,76.8,4.347,10.4,0.2,2,Rotational,Medium,1378.5,9.0
M101103,9.1,421.5,71.0,1.963,7.94,1.1,2,Night,Medium,1278.2,6.0
M101104,2.6,469.8,56.3,3.524,8.85,0.4,1,Day,Low,1180.4,6.53
M101105,9.8,489.9,70.6,1.939,8.84,0.7,2,Rotational,Medium,1395.2,4.25
M101106,1.6,473.0,65.2,3.252,11.6,0.0,1,Day,Medium,1363.1,5.73
M101107,3.8,409.7,57.7,1.96,5.85,1.4,3,Rotational,Medium,1143.0,5.6
M101108,12.2,486.9,50.5,2.718,13.0,0.1,2,Day,Medium,1202.2,5.05
M101109,10.4,527.2,74.9,2.368,8.29,0.3,1,Day,Low,1399.1,7.29
M101110,12.9,494.8,72.9,,9.31,0.0,2,Day,Medium,1510.0,5.86
M101111,5.9,417.3,74.1,3.178,10.12,1.3,1,Day,High,1469.1,4.56
M101112,2.4,349.1,60.0,0.988,9.99,1.7,0,Day,High,1158.1,1.34
M101113,6.0,347.1,69.9,1.348,10.77,0.2,0,Rotational,Medium,1215.2,3.49
M101114,7.4,362.1,52.9,,10.42,1.1,1,Day,Medium,1181.1,9.07
M101115,7.3,441.9,57.1,3.574,12.56,1.4,1,Night,Medium,1422.0,6.85
M101116,11.5,464.2,68.4,2.312,10.6,1.1,2,Day,Low,1281.1,3.17
M101117,5.6,299.8,70.9,5.403,9.32,1.4,6,Day,Medium,1267.4,9.1
M101118,8.4,377.2,50.1,2.412,8.67,1.2,1,Day,Low,1090.4,7.55
M101119,3.0,440.7,56.4,2.485,8.63,3.2,1,Rotational,Medium,1122.1,4.69
M101120,8.8,343.5,64.0,2.244,11.44,4.4,0,Day,Medium,1294.0,2.1
M101121,7.0,456.9,78.5,8.613,12.13,1.1,4,Night,Medium,1438.4,16.82
M101122,4.0,393.9,59.1,3.734,11.01,0.0,1,Day,High,1196.9,4.61
M101123,6.1,358.5,69.5,3.661,5.5,0.9,3,Day,High,1141.0,2.62
M101124,6.3,424.5,70.7,4.192,6.13,1.9,0,Night,Medium,1172.6,6.59
M101125,5.9,453.3,65.3,1.315,9.49,2.3,0,Day,High,1295.2,0.54
M101126,14.1,347.9,70.9,2.467,9.25,1.7,0,Rotational,Medium,1182.4,4.63
M101127,6.6,399.4,53.2,4.168,9.53,1.3,5,Rotational,Medium,1101.5,7.62
M101128,6.0,459.8,60.8,3.313,11.38,0.2,1,Night,Low,1386.3,9.32
M101129,0.0,355.2,83.8,10.001,11.3,1.5,2,Day,Medium,1488.3,12.57
M101130,3.4,279.1,84.6,2.541,9.76,1.7,2,Night,Medium,1380.6,10.01
M101131,5.9,289.4,77.3,5.321,7.21,0.1,1,Rotational,High,1274.1,9.99
M101132,4.3,384.5,80.1,4.968,7.66,0.3,2,Night,High,1427.5,8.29
M101133,12.5,307.9,47.9,3.566,9.6,1.1,2,Day,High,894.9,5.9
M101134,6.3,390.4,57.6,3.905,10.13,0.0,2,Day,High,1198.4,5.89
M101135,12.2,561.5,64.6,2.872,7.67,0.7,1,Day,Low,1284.0,7.58
M101136,7.2,302.8,94.6,1.238,10.49,1.5,1,Night,High,1438.8,9.17
M101137,7.1,396.0,64.6,3.953,6.87,0.5,1,Day,Medium,1099.5,4.96
M101138,6.6,601.2,76.2,4.113,5.51,0.0,3,Day,Medium,1568.9,9.89
M101139,7.0,454.7,72.2,4.45,8.19,0.5,0,Night,Medium,1222.8,8.42
M101140,13.9,388.7,71.9,3.427,11.56,3.2,3,Night,Medium,1368.0,7.19
M101141,0.0,406.7,67.7,,11.78,0.4,1,Rotational,Medium,1440.1,7.21
M101142,0.0,456.5,54.8,2.153,7.11,0.3,1,Day,High,1132.3,4.79
M101143,4.8,564.1,38.3,6.918,7.22,0.6,3,Rotational,High,910.6,15.22
M101144,7.1,374.9,82.1,2.026,10.64,2.2,1,Day,High,1558.2,3.8
M101145,9.8,355.6,61.2,3.146,8.84,3.3,0,Night,Medium,1272.8,5.59
M101146,8.9,302.8,47.5,4.667,11.55,,3,Day,High,973.6,8.59
M101147,5.5,428.8,72.8,2.566,10.62,0.4,2,Rotational,Medium,1445.3,4.72
M101148,11.1,300.5,72.6,4.828,10.87,1.5,0,Night,Low,1288.7,9.1
M101149,11.1,380.6,89.4,8.123,8.27,2.4,3,Night,Low,1722.3,18.47
M101150,7.7,342.8,80.3,3.522,10.17,1.4,2,Rotational,Low,1428.8,9.2
M101151,10.9,511.3,57.9,3.033,12.52,2.5,3,Day,Low,1321.3,8.31
M101152,8.1,376.8,58.4,2.488,9.71,0.4,2,Rotational,High,1170.9,4.62
M101153,4.8,453.7,64.5,10.232,9.43,2.8,5,Rotational,Low,1332.1,17.87
M101154,9.8,283.7,77.0,2.182,8.85,1.7,1,Rotational,High,1278.4,3.44
M101155,7.4,431.2,44.9,1.059,7.1,1.1,0,Day,Medium,,5.77
M101156,7.0,317.7,69.4,2.221,7.85,2.4,1,Night,High,1106.6,2.87
M101157,12.9,383.8,78.3,3.545,8.16,0.4,3,Day,Medium,1168.3,6.27
M101158,0.0,608.0,77.8,2.75,7.03,1.7,1,Night,Low,1456.2,9.11
M101159,1.3,499.2,75.8,5.525,7.18,1.2,2,Day,Low,1439.9,9.57
M101160,2.3,409.1,79.7,5.425,5.83,3.0,1,Day,Low,1237.8,9.98
M101161,5.5,691.9,37.8,2.831,8.33,1.1,0,Rotational,Low,1202.0,12.54
M101162,6.0,342.2,85.7,1.432,10.51,1.8,2,Rotational,High,1444.6,5.26
M101163,1.0,519.0,71.6,1.748,9.03,0.0,0,Rotational,Low,1402.8,7.1
M101164,3.1,289.7,82.7,3.267,9.03,1.7,2,Day,Medium,1393.5,5.81
M101165,3.6,399.3,55.1,1.519,10.65,1.8,0,Day,High,1143.6,1.87
M101166,16.8,305.4,48.7,2.762,12.03,4.8,2,Night,Medium,1054.6,9.65
M101167,14.2,441.9,87.7,6.757,12.91,6.0,3,Day,High,1612.2,11.93
M101168,5.4,424.8,57.8,3.941,9.72,0.0,1,Night,Low,1212.8,8.37
M101169,5.5,393.8,64.6,3.397,9.08,1.5,1,Night,High,1135.9,4.8
M101170,2.4,512.8,73.8,1.973,8.88,1.0,0,Night,Medium,1509.1,3.97
M101171,0.0,371.8,76.5,3.636,10.39,3.6,0,Day,Low,1420.6,5.2
M101172,6.5,447.8,79.9,2.918,9.27,0.9,3,Day,High,1380.6,6.71
M101173,3.0,489.7,70.5,3.741,9.27,1.1,3,Day,Medium,1410.6,5.48
M101174,6.7,293.9,56.4,4.776,9.37,2.1,1,Rotational,Low,1040.0,5.93
M101175,0.6,356.4,75.8,5.202,8.09,1.2,2,Day,High,1333.4,4.91
M101176,4.0,424.6,75.9,3.541,6.0,1.3,2,Day,High,1381.2,5.6
M101177,7.6,473.6,48.0,4.289,8.5,1.2,1,Day,Medium,1021.3,8.19
M101178,8.5,540.8,83.6,2.57,11.69,0.0,3,Day,High,1722.8,9.35
M101179,8.7,401.7,40.6,5.849,11.62,1.4,3,Day,High,1157.4,10.32
M101180,1.7,393.1,79.4,2.131,10.91,0.4,2,Night,High,1362.6,5.84
M101181,10.4,345.8,61.0,2.993,8.76,0.0,1,Night,Medium,996.0,5.67
M101182,3.8,448.0,75.8,6.161,8.31,2.6,1,Day,Medium,1371.6,8.31
M101183,9.5,394.7,73.6,,11.94,1.1,3,Night,Medium,1410.1,5.42
M101184,7.0,396.7,67.6,1.698,7.88,,1,Day,Medium,1169.8,2.42
M101185,1.5,412.0,73.0,2.704,9.56,0.5,3,Night,Medium,1287.0,7.71
M101186,5.7,466.9,67.0,6.658,12.03,1.2,3,Day,Medium,1430.6,9.11
M101187,8.5,372.1,75.9,1.067,9.69,0.6,1,Day,High,1335.5,3.52
M101188,9.5,354.4,92.0,3.495,9.06,1.2,0,Day,High,1421.1,8.97
M101189,6.4,456.7,53.2,2.418,11.24,1.7,1,,Low,1269.0,8.09
M101190,13.1,162.8,35.0,3.053,9.61,1.0,0,Rotational,Medium,741.1,10.97
M101191,11.0,368.7,,2.789,9.79,1.0,2,Night,Low,1330.3,7.16
M101192,6.0,322.1,62.7,5.367,11.77,3.6,3,Rotational,Medium,1346.9,6.4
M101193,10.0,522.3,63.8,3.411,5.68,0.0,2,Day,High,1265.8,5.11
M101194,14.7,382.5,57.8,5.503,10.04,5.4,3,Day,Medium,1165.9,9.95
M101195,14.8,372.3,77.6,6.31,8.35,1.7,4,Day,Medium,1323.9,10.88
M101196,2.1,415.9,52.8,3.37,9.19,0.0,2,Day,High,,6.8
M101197,3.3,369.4,73.0,2.774,9.67,2.0,1,Day,High,1330.6,3.71
M101198,12.9,385.8,75.0,4.009,8.49,2.4,2,Night,High,1256.2,7.25
M101199,2.8,428.3,71.5,4.415,9.84,1.4,0,,Medium,1360.8,4.63
M101200,1.7,384.1,73.4,1.865,10.08,0.6,2,Day,Low,1289.5,4.72
M101201,5.1,383.5,78.4,3.736,9.81,2.9,1,Day,Medium,1326.7,6.88
M101202,8.7,334.1,,2.925,9.67,0.7,1,Day,Medium,1199.3,3.14
M101203,6.6,321.9,64.2,2.691,9.32,1.3,1,Night,High,1136.9,3.92
M101204,4.4,425.2,73.4,2.35,9.35,3.9,1,Night,High,1371.8,4.81
M101205,4.3,446.1,74.6,2.428,9.62,1.1,1,Day,Low,,5.94
M101206,4.2,298.6,77.8,6.22,8.09,0.0,1,Rotational,High,1251.2,11.96
M101207,3.5,484.6,49.2,2.768,11.41,2.9,1,Night,Medium,1227.9,7.95
M101208,16.1,484.9,85.8,17.006,9.36,3.4,2,Day,Medium,2114.7,28.28
M101209,8.2,502.8,56.3,3.545,8.89,2.6,0,Day,High,1187.1,3.91
M101210,10.5,445.5,74.2,1.884,10.09,1.3,3,Day,Low,1401.5,5.76
M101211,5.0,474.2,76.0,3.652,9.33,0.0,2,Day,Low,1405.1,7.47
M101212,6.3,605.7,65.0,1.833,11.36,0.0,1,Day,Medium,1435.5,4.56
M101213,4.1,394.4,60.0,4.498,10.84,1.6,1,Day,Medium,1281.2,8.67
M101214,0.0,331.1,74.6,2.993,9.64,1.1,2,Rotational,High,1398.6,4.25
M101215,1.5,289.6,66.5,5.092,10.91,0.0,0,Rotational,Medium,1269.0,6.48
M101216,0.0,569.2,83.7,6.799,9.85,1.8,2,Night,Medium,1646.8,13.17
M101217,0.0,570.3,87.5,1.394,7.77,2.7,2,Rotational,Medium,1602.9,7.71
M101218,2.2,341.4,79.0,2.636,10.83,3.4,3,Day,Low,1382.4,5.04
M101219,12.3,358.2,70.6,1.814,6.65,4.1,3,Night,Medium,1216.2,4.66
M101220,6.8,392.5,88.1,9.768,5.5,5.0,4,Rotational,Medium,1399.8,17.07
M101221,12.2,524.1,70.6,2.664,10.55,2.1,3,Rotational,High,1510.8,6.85
M101222,8.6,310.6,62.7,1.72,10.17,2.9,1,Night,Low,1145.3,4.33
M101223,10.1,252.8,60.6,10.177,10.07,0.9,7,Rotational,Medium,1093.3,16.02
M101224,3.4,604.2,60.3,2.309,11.58,0.4,3,Day,Low,1503.5,7.13
M101225,9.1,446.6,67.9,1.476,9.46,0.7,0,Day,High,1280.6,2.23
M101226,9.9,458.6,73.1,1.86,8.93,0.0,3,Rotational,Medium,1337.2,4.84
M101227,4.7,402.6,52.4,3.567,10.69,0.3,0,Day,High,1121.0,4.77
M101228,9.2,459.6,63.1,3.397,8.43,4.3,0,Day,High,1233.9,0.85
M101229,9.3,291.3,70.3,2.186,9.14,0.3,1,Rotational,High,1253.0,4.21
M101230,4.8,348.5,75.1,2.605,9.88,0.0,1,Night,High,1427.4,5.54
M101231,2.5,428.9,67.7,3.409,10.0,0.5,1,Night,Low,1268.9,6.47
M101232,2.3,227.0,70.7,6.436,9.0,5.5,0,Day,Low,1049.9,8.76
M101233,7.3,394.3,54.4,3.922,8.76,2.8,2,Day,Medium,1085.1,6.04
M101234,8.3,389.0,58.0,2.505,7.82,2.3,2,Rotational,Low,1131.3,6.65
M101235,3.8,394.3,67.3,2.962,8.32,1.6,1,Day,Medium,1212.6,4.09
M101236,7.1,373.2,73.6,,12.23,0.7,2,Night,Low,1402.3,9.55
M101237,9.3,335.3,70.5,7.691,9.1,4.3,3,Day,High,1227.5,8.17
M101238,9.5,265.1,58.7,1.911,9.78,1.3,0,Day,Medium,1128.0,3.84
M101239,13.2,432.3,65.4,5.795,7.26,4.3,2,Day,Medium,1248.7,7.6
M101240,12.1,394.5,84.6,2.839,13.34,3.8,5,Night,Medium,1384.8,9.32
M101241,3.0,303.1,74.0,1.474,8.21,3.8,3,Day,High,1151.4,1.96
M101242,13.7,425.3,66.2,1.335,7.74,5.6,1,Day,High,1220.8,1.82
M101243,4.9,394.9,56.7,6.469,9.41,0.0,3,Day,High,,8.83
M101244,11.2,380.8,,6.867,8.16,1.6,1,Night,Medium,1176.1,11.66
M101245,7.3,236.7,68.1,2.498,10.05,0.2,0,Night,Medium,1198.3,4.96
M101246,5.4,478.0,71.0,2.986,7.23,0.4,0,Day,Medium,1336.2,4.78
M101247,0.0,315.2,74.2,1.362,11.21,3.0,1,Day,Medium,1291.3,2.77
M101248,6.3,425.4,72.3,4.86,10.91,1.0,1,Day,High,1367.5,6.57
M101249,0.8,351.3,63.9,3.273,9.32,2.3,1,Day,Medium,1143.8,2.55
M101250,10.9,387.0,62.4,1.528,7.02,4.5,2,Day,,1142.2,2.7
M101251,13.1,517.9,90.5,3.678,8.28,1.5,0,Day,Low,1512.3,10.65
M101252,3.8,465.2,61.9,1.657,9.59,0.0,1,Rotational,High,1249.6,2.54
M101253,8.2,516.1,53.8,,7.68,2.6,0,Day,High,1150.2,5.58
M101254,4.1,448.1,50.0,1.932,7.93,0.3,2,Night,Medium,1058.0,6.98
M101255,4.5,453.7,64.1,3.93,11.07,2.0,1,Day,High,1456.1,3.83
M101256,10.1,268.6,78.3,2.395,9.73,4.4,0,Night,High,,4.04
M101257,6.8,393.0,61.7,1.017,9.68,1.7,1,Night,Low,1236.9,4.36
M101258,14.0,400.9,84.3,5.463,10.29,,4,Night,High,1454.8,10.68
M101259,5.1,524.0,67.9,5.615,9.25,1.7,2,Day,Medium,,5.64
M101260,11.0,377.0,80.2,2.558,9.41,2.6,1,Day,Low,1391.9,6.29
M101261,7.4,442.5,59.7,3.808,10.18,2.9,1,Day,High,1167.3,4.07
M101262,10.2,439.2,59.8,4.133,10.71,2.2,1,Day,Low,1274.3,6.89
M101263,5.2,518.4,69.0,4.201,10.25,1.7,0,Day,Medium,1429.4,6.38
M101264,6.8,408.6,73.3,7.868,11.69,2.5,1,Rotational,High,1381.1,11.28
M101265,6.5,490.4,66.0,4.089,9.54,0.0,0,Day,High,1274.7,4.36
M101266,3.7,275.1,71.2,2.776,7.48,1.6,0,Night,High,1186.0,3.43
M101267,9.6,282.8,74.5,4.112,11.13,1.9,1,Rotational,High,1365.2,7.01
M101268,9.6,225.9,52.4,2.678,9.13,2.9,0,Rotational,Medium,826.6,4.73
M101269,9.4,486.8,64.2,1.949,8.35,5.0,0,Night,High,1241.5,3.02
M101270,13.1,477.3,62.3,6.11,10.57,0.7,3,Day,Low,1253.2,10.84
M101271,12.8,496.2,62.8,4.337,10.06,2.5,2,Night,Medium,,9.15
M101272,5.5,362.4,72.5,1.309,7.58,0.9,2,Rotational,Low,,5.81
M101273,8.5,372.1,62.4,2.359,10.51,2.3,1,Night,Medium,1209.1,5.41
M101274,4.5,409.7,45.9,4.849,12.31,1.7,0,Day,Low,1244.8,9.82
M101275,7.1,542.7,65.4,1.519,9.99,2.8,1,Day,Low,1370.5,4.16
M101276,4.6,564.0,56.3,2.279,9.12,0.0,0,Night,Medium,1327.3,8.04
M101277,13.5,487.5,,,7.0,1.6,3,Day,Medium,1363.2,13.89
M101278,8.5,448.1,76.9,2.814,12.58,1.9,0,Day,Low,1488.9,6.0
M101279,6.1,533.5,44.1,5.705,8.72,1.6,2,Night,Low,1191.2,14.47
M101280,11.8,398.3,59.5,7.03,7.39,4.8,5,Day,Low,1120.9,10.75
M101281,0.0,386.8,71.9,2.108,9.67,2.5,0,Day,Low,1362.3,3.25
M101282,0.0,409.0,52.5,3.793,11.01,0.1,2,Night,Medium,1272.2,7.35
M101283,10.2,336.8,76.6,9.294,11.35,3.4,5,Day,Medium,1296.6,13.05
M101284,7.2,405.1,79.5,4.178,8.49,2.0,5,Rotational,High,1428.5,9.08
M101285,8.0,325.0,66.2,10.835,9.35,0.0,3,Rotational,Medium,1205.6,15.41
M101286,1.7,507.1,59.5,2.415,9.5,1.0,0,Rotational,Medium,1308.4,4.2
M101287,6.9,466.2,42.6,8.154,10.96,0.0,2,Day,Medium,1107.7,15.72
M101288,15.0,541.5,77.0,3.348,10.39,5.9,2,,Low,1569.3,5.89
M101289,10.3,281.5,90.0,2.819,9.91,1.7,5,Day,Low,1309.5,10.88
M101290,7.7,581.6,87.8,4.572,10.87,0.0,4,Rotational,High,1664.2,10.89
M101291,5.2,286.3,65.9,3.14,7.46,2.7,2,Rotational,Medium,1028.5,4.36
M101292,5.4,318.1,56.0,3.183,10.13,0.4,2,Day,High,985.7,3.06
M101293,0.0,367.2,77.2,4.232,9.83,1.5,3,Day,Medium,1411.5,7.79
M101294,8.0,531.2,66.6,1.345,9.42,2.3,0,Day,Medium,1295.0,2.24
M101295,10.4,439.2,73.3,2.227,9.13,2.5,3,Day,High,1449.6,2.66
M101296,0.7,399.3,71.3,4.765,9.7,4.1,1,Day,Low,1342.8,6.34
M101297,4.4,352.6,69.0,5.451,8.64,4.5,3,Day,High,1231.5,5.38
M101298,2.4,303.0,79.3,3.969,13.59,1.1,3,Night,Medium,1357.8,8.82
M101299,3.1,516.3,79.7,,11.54,0.0,4,Night,High,1602.6,10.37
M101300,7.2,487.9,62.3,4.06,11.14,3.5,1,Day,High,1404.7,4.44
M101301,0.0,535.0,57.8,5.36,8.71,2.6,1,Day,Medium,1280.6,7.74
M101302,9.5,453.7,40.5,1.627,8.06,0.1,4,Day,Low,1108.9,10.04
M101303,10.0,195.4,64.2,2.573,9.18,4.6,2,Night,High,1041.7,2.31
M101304,6.0,314.2,56.0,3.199,9.67,1.2,0,Day,Medium,1063.8,4.83
M101305,0.0,459.5,72.6,3.662,7.33,2.2,2,,Medium,1335.2,7.05
M101306,3.0,388.6,,1.156,10.22,1.7,1,Rotational,High,,1.69
M101307,11.9,372.5,65.5,1.771,11.12,0.0,2,Day,Medium,1219.6,3.69
M101308,0.0,326.2,76.9,3.293,6.15,3.1,1,Rotational,High,1280.8,5.17
M101309,5.6,500.5,72.4,5.51,8.15,1.4,2,Night,,1411.3,10.4
M101310,2.3,458.8,66.7,2.693,11.34,0.4,1,Day,Low,1401.0,4.94
M101311,10.2,462.6,86.6,2.379,10.06,0.1,0,Day,Low,1520.4,9.9
M101312,4.3,366.1,76.1,4.325,8.2,1.5,1,Night,Medium,1259.5,6.96
M101313,8.6,435.0,63.4,2.818,10.6,1.3,1,Day,High,1311.1,3.48
M101314,9.3,306.3,63.9,5.157,8.61,0.0,3,Day,High,1091.9,5.02
M101315,14.3,409.0,76.7,2.972,9.15,5.3,0,Rotational,Medium,1374.7,5.47
M101316,6.2,205.1,70.2,1.901,7.79,3.2,0,Night,High,1068.6,2.84
M101317,8.5,286.7,55.7,6.755,9.53,1.6,6,Rotational,Medium,1088.1,10.58
M101318,1.1,392.6,77.8,6.163,11.03,0.0,2,Day,Medium,1450.4,9.15
M101319,11.8,621.9,81.8,2.059,8.78,0.0,2,Day,Medium,1652.4,7.56
M101320,4.0,266.9,81.0,4.046,10.47,0.0,2,Day,Medium,1304.8,7.59
M101321,4.8,314.3,85.0,2.82,9.43,1.2,1,Day,Medium,1423.3,6.34
M101322,6.9,438.4,90.8,4.525,11.12,0.7,0,Rotational,High,1654.2,12.45
M101323,0.7,570.4,87.0,2.143,8.81,0.5,4,Day,Medium,1527.7,8.9
M101324,7.9,437.2,71.7,5.134,11.83,1.4,2,Day,Medium,1426.9,8.03
M101325,10.9,479.7,65.7,6.034,10.52,2.9,3,Day,Low,1260.2,8.26
M101326,8.2,391.3,47.9,2.067,9.87,0.6,1,Rotational,High,1145.3,5.88
M101327,0.6,376.6,68.1,3.434,9.92,4.9,0,Day,High,1407.1,1.37
M101328,6.5,427.0,73.7,6.098,8.8,3.2,2,Rotational,High,1355.6,9.35
M101329,10.0,364.0,68.5,2.012,8.71,4.6,3,Rotational,Medium,1208.8,4.54
M101330,0.0,481.6,47.2,2.376,9.89,0.2,1,Day,Medium,1156.1,5.81
M101331,2.7,283.5,,4.622,7.7,0.0,1,Night,Medium,1065.3,6.95
M101332,10.5,495.6,75.1,3.064,8.6,1.9,2,Night,High,1339.6,7.24
M101333,8.1,423.3,56.7,1.51,8.09,0.7,0,Day,Low,1017.3,4.56
M101334,8.6,401.7,69.8,2.829,10.36,0.6,2,Rotational,High,1268.5,4.18
M101335,14.4,280.3,72.7,7.95,10.38,1.7,5,Night,Medium,1217.6,14.13
M101336,8.9,336.7,80.3,9.313,11.4,3.4,1,Night,Medium,1357.2,14.87
M101337,9.6,521.9,86.8,2.414,9.0,1.7,2,Night,Medium,1560.4,11.16
M101338,17.8,402.3,63.8,2.103,8.29,6.2,4,Day,Medium,1209.3,5.79
M101339,6.1,443.7,70.0,2.641,7.3,0.0,0,Night,Medium,1232.8,4.5
M101340,3.8,345.2,70.4,8.174,9.91,1.7,4,Rotational,Medium,1258.2,11.5
M101341,8.7,417.5,75.1,5.058,11.6,0.0,2,Rotational,High,1417.9,10.53
M101342,8.8,303.4,73.9,6.904,9.39,0.0,3,Day,Medium,1228.7,10.82
M101343,4.9,428.5,83.7,5.47,9.54,0.8,4,Night,Medium,1502.5,13.5
M101344,2.9,451.5,42.4,1.717,9.49,1.9,1,Night,Low,1223.1,10.02
M101345,16.2,447.3,72.6,2.066,9.88,1.9,2,Day,Medium,1424.6,5.14
M101346,8.3,343.2,73.4,2.344,11.0,0.2,2,Day,High,1305.7,1.58
M101347,4.1,390.9,65.4,2.557,12.38,1.4,1,Day,Medium,1259.1,4.16
M101348,10.7,465.7,43.1,2.365,10.25,4.0,1,Rotational,Low,1259.1,10.77
M101349,6.6,402.0,67.3,2.507,10.35,2.7,2,Night,Medium,1330.7,4.45
M101350,6.0,395.6,60.2,4.573,9.14,0.4,2,Day,Medium,1183.9,5.78
M101351,9.2,581.8,86.5,3.553,9.34,2.5,1,Day,Low,1668.2,10.33
M101352,1.8,339.2,72.1,6.11,9.32,2.6,1,Day,Medium,1276.7,5.53
M101353,8.4,511.8,59.2,3.766,8.95,0.0,2,Rotational,Medium,1322.8,6.79
M101354,14.7,321.9,45.4,2.368,9.69,1.1,4,Day,Medium,994.6,6.84
M101355,8.9,475.7,74.5,3.648,10.44,2.2,2,Day,Medium,1379.0,6.78
M101356,5.5,480.2,75.7,1.559,9.6,0.0,0,Night,Medium,1415.1,5.68
M101357,5.0,376.6,65.6,1.045,9.08,1.3,1,Rotational,High,1143.2,1.86
M101358,5.4,316.5,74.6,4.58,9.69,0.1,2,Day,Low,1309.5,7.59
M101359,6.0,252.5,64.2,5.524,8.06,1.0,6,Day,High,1104.1,7.37
M101360,5.5,367.7,79.7,3.442,10.71,1.0,3,Day,Low,1443.9,9.32
M101361,10.7,464.7,78.9,2.73,8.88,2.2,0,Day,Medium,1491.0,5.11
M101362,0.1,328.4,50.0,1.697,7.77,2.4,2,Day,High,836.6,3.42
M101363,10.4,428.2,52.7,5.95,10.19,2.8,4,Night,High,1149.6,12.19
M101364,5.5,294.5,90.3,4.247,10.27,0.9,0,Day,High,1409.6,8.2
M101365,8.5,400.1,78.3,3.84,8.21,3.0,2,Night,Low,1316.5,10.49
M101366,2.5,322.5,54.1,,10.44,0.0,3,Rotational,Medium,1093.1,6.37
M101367,12.3,413.4,75.3,9.507,10.45,1.9,3,Night,Low,1696.7,19.58
M101368,12.0,377.4,70.3,1.903,12.46,1.6,1,Rotational,Medium,1426.3,2.27
M101369,10.8,318.8,55.4,3.767,9.15,3.0,2,Day,Medium,959.4,5.06
M101370,0.9,364.0,64.5,2.536,9.42,0.8,1,Day,,1122.6,2.65
M101371,10.3,340.6,67.5,2.686,8.59,3.1,5,Day,Low,1126.2,6.54
M101372,8.6,308.3,67.0,7.838,10.24,1.8,2,Night,High,1237.0,11.62
M101373,0.6,512.0,80.4,3.241,9.49,0.3,0,Rotational,Medium,1456.8,6.94
M101374,6.9,389.4,,0.974,10.98,0.0,1,Day,High,1571.3,7.0
M101375,8.5,232.8,62.7,2.54,8.85,3.7,2,Night,Medium,983.0,5.47
M101376,9.2,367.0,55.6,,10.21,3.0,0,Day,Medium,1134.8,2.7
M101377,7.7,497.8,72.3,3.097,9.14,0.2,1,Rotational,Medium,1416.7,7.24
M101378,8.2,355.3,85.9,1.629,6.74,2.4,1,Day,High,1369.2,5.54
M101379,12.9,547.3,63.6,4.124,10.44,2.3,3,Day,Medium,1322.0,7.72
M101380,11.9,347.2,77.4,2.863,6.88,5.0,0,Day,High,1261.4,4.65
M101381,0.0,462.8,58.8,2.617,9.26,2.2,2,Day,Low,1108.3,3.88
M101382,5.7,508.1,68.2,3.578,9.28,1.3,2,Day,High,1526.5,3.07
M101383,6.3,458.3,55.2,3.195,9.49,0.9,4,Day,Low,1263.4,8.37
M101384,0.0,303.2,68.1,3.104,9.57,3.0,2,Day,Medium,1248.0,1.43
M101385,7.4,339.9,66.7,2.968,9.56,0.3,0,Day,Low,1194.2,5.0
M101386,12.0,519.5,74.7,3.287,10.04,0.6,2,Day,Medium,1456.8,6.8
M101387,2.7,351.6,87.6,3.942,9.34,,3,Rotational,High,1463.3,8.85
M101388,8.3,502.9,63.7,3.702,13.42,3.4,1,Night,Medium,1409.3,7.8
M101389,3.3,383.4,46.0,5.832,8.99,1.4,3,Rotational,High,1062.8,10.7
M101390,4.3,432.0,65.8,2.526,7.67,0.8,1,Day,Medium,1325.4,6.0
M101391,12.9,302.2,71.3,3.74,7.38,3.0,3,Rotational,Medium,1104.7,5.27
M101392,4.8,368.3,70.2,11.28,10.49,2.6,2,Rotational,High,1354.3,15.85
M101393,8.8,345.6,66.3,3.253,7.11,0.0,2,Rotational,High,1096.2,5.45
M101394,0.0,439.2,84.4,3.317,7.69,0.4,2,Rotational,High,1374.6,7.44
M101395,14.4,427.9,69.5,1.765,7.47,6.3,1,Night,Medium,1264.3,4.88
M101396,9.4,459.3,66.8,2.324,10.19,0.4,3,Night,High,1362.8,5.41
M101397,6.3,378.3,59.4,3.148,11.5,2.0,3,Rotational,Low,1120.9,5.66
M101398,9.3,340.9,48.8,4.335,8.08,3.1,1,Day,High,1070.3,6.61
M101399,1.4,435.5,71.6,4.593,10.13,1.1,3,Day,Medium,1296.0,8.82
M101400,11.7,332.5,70.7,3.908,5.54,1.5,2,Day,Low,992.6,8.74
M101401,5.7,511.7,56.3,4.963,8.38,0.9,2,Rotational,High,1197.9,6.49
M101402,6.2,410.3,67.5,2.014,10.4,0.7,1,Day,High,1233.2,2.63
M101403,5.0,392.3,66.4,4.24,9.03,2.2,0,Rotational,Medium,1243.2,7.04
M101404,4.7,459.3,61.1,3.342,10.99,,0,Night,Medium,1310.8,4.88
M101405,9.8,413.5,59.3,3.534,6.15,0.0,4,Rotational,High,1036.8,6.51
M101406,8.0,279.1,72.5,2.77,8.4,1.5,0,Night,Low,1172.2,5.71
M101407,9.6,329.8,,2.062,10.18,2.2,1,Rotational,High,1267.6,3.68
M101408,7.0,509.9,61.5,1.808,10.16,2.9,1,Rotational,Medium,1453.4,4.39
M101409,9.1,427.1,58.5,3.898,10.28,,2,Rotational,Medium,1207.6,6.31
M101410,5.3,277.1,66.6,4.259,9.81,2.3,0,Rotational,Medium,1177.5,4.85
M101411,15.9,449.9,78.2,3.112,7.78,1.9,3,Rotational,Medium,1327.7,8.94
M101412,0.7,372.5,70.3,3.296,8.33,1.8,1,Day,Low,1231.7,5.3
M101413,12.0,345.7,65.4,2.316,12.97,1.7,1,,Medium,1358.4,2.95
M101414,12.5,322.7,71.4,4.27,7.61,0.3,1,Night,Medium,1167.8,8.37
M101415,3.6,505.0,83.0,3.422,7.38,0.0,1,Day,Medium,1420.5,8.06
M101416,15.9,252.9,73.4,2.765,10.52,2.6,2,Day,Medium,1215.3,4.68
M101417,11.0,348.8,70.9,5.119,7.91,0.0,5,Day,Medium,1170.8,8.09
M101418,10.9,430.2,,4.584,12.19,3.1,0,Day,Medium,1397.2,6.78
M101419,7.1,554.2,66.3,1.54,13.6,3.5,2,Night,Medium,1512.8,5.73
M101420,6.1,467.1,70.0,3.403,9.14,0.1,1,Day,Low,1294.3,5.78
M101421,6.2,348.1,62.6,2.056,9.96,3.8,1,Rotational,High,1036.3,1.9
M101422,8.6,550.0,50.9,3.56,6.76,2.6,0,Day,Low,1136.6,8.09
M101423,12.6,304.8,71.8,0.687,11.05,2.2,0,Day,High,1228.9,1.14
M101424,7.7,442.6,71.8,3.664,6.14,3.9,1,Rotational,Medium,1270.4,5.82
M101425,3.4,461.5,64.8,4.74,7.49,1.0,3,Rotational,High,1280.4,5.84
M101426,10.3,345.1,79.4,3.141,9.68,5.1,3,Day,Medium,1348.6,6.76
M101427,10.7,479.3,60.1,1.855,10.32,,1,Rotational,Medium,1244.1,3.95
M101428,9.6,376.3,48.5,8.83,7.27,2.5,2,Rotational,High,1018.0,15.02
M101429,10.0,479.1,60.3,5.918,8.69,2.5,1,Day,Low,1291.1,10.64
M101430,5.9,263.6,51.0,2.546,7.01,1.0,0,Rotational,High,878.9,5.39
M101431,3.3,448.5,71.7,2.914,9.02,0.7,1,Day,High,1330.0,5.51
M101432,3.5,385.0,59.7,1.233,8.3,0.0,2,Day,High,1259.5,1.96
M101433,0.5,517.7,78.8,4.207,8.55,1.0,2,Day,High,1507.1,7.92
M101434,7.9,416.3,78.6,1.674,10.48,3.9,1,Day,Low,1504.2,4.96
M101435,6.7,526.2,57.8,4.633,9.92,1.6,4,Day,High,1311.7,5.32
M101436,5.2,463.1,59.1,5.545,10.34,0.0,5,Night,Medium,1226.9,9.17
M101437,0.0,409.2,73.9,3.206,9.31,4.2,3,Day,Medium,1381.6,4.14
M101438,2.0,487.0,,1.95,10.58,1.2,1,Night,,1464.9,5.13
M101439,11.5,487.5,45.9,6.2,9.45,2.4,1,Night,Low,1055.5,16.28
M101440,4.3,460.1,71.1,3.324,8.76,0.0,2,Night,Low,1292.4,8.11
M101441,8.4,225.2,43.8,3.479,10.36,0.0,0,Night,Low,922.0,11.46
M101442,1.4,336.5,62.0,2.084,8.86,0.5,0,Rotational,Medium,1138.1,4.43
M101443,12.8,537.6,80.0,3.657,9.01,0.0,1,Day,High,1487.8,6.23
M101444,6.4,313.2,,3.0,11.1,2.6,2,Night,Medium,1546.0,16.09
M101445,8.2,495.0,65.4,1.709,10.96,1.6,1,Day,Low,1368.6,3.65
M101446,16.3,480.0,54.3,6.488,9.05,4.0,0,Rotational,High,1275.2,9.4
M101447,13.1,358.3,62.4,8.001,10.81,0.8,0,Rotational,Medium,1106.2,11.65
M101448,5.8,250.4,68.7,5.524,7.58,1.3,4,Rotational,Medium,1116.5,10.39
M101449,4.6,371.6,60.6,5.126,9.06,0.4,2,Day,Medium,1233.9,6.93
M101450,5.7,596.6,57.8,8.025,8.37,0.1,1,Day,Low,1337.0,13.91
M101451,9.0,346.6,63.3,1.966,9.5,0.7,2,Rotational,Medium,1210.5,3.91
M101452,6.6,352.5,72.4,1.955,10.6,2.5,1,Day,Medium,1370.9,4.65
M101453,5.4,335.2,66.1,2.699,10.33,0.9,0,Night,Medium,1168.9,5.47
M101454,12.9,523.3,58.3,3.853,10.13,1.6,1,Rotational,High,1315.8,4.73
M101455,6.5,399.4,60.6,2.868,9.71,0.9,0,Night,Medium,1136.4,4.64
M101456,16.2,366.8,63.4,1.994,9.26,2.0,3,Day,Medium,1241.4,4.48
M101457,7.4,540.1,57.0,3.33,11.3,2.7,3,Day,High,1434.4,5.44
M101458,14.1,469.3,60.2,3.167,7.18,2.0,1,Day,Medium,1242.4,4.82
M101459,8.4,341.9,75.1,5.056,8.5,0.0,4,Night,Low,1211.9,11.45
M101460,10.9,316.0,65.5,3.395,10.12,1.0,3,Rotational,High,1344.5,2.88
M101461,4.1,518.4,48.7,1.281,11.79,0.0,1,Day,,1312.3,5.97
M101462,3.6,421.4,79.3,4.026,8.98,5.6,2,Day,Medium,1349.4,5.62
M101463,8.8,288.3,72.6,7.322,9.11,1.3,3,Rotational,High,1223.4,11.36
M101464,11.0,268.4,52.8,3.368,7.57,0.4,0,Rotational,,931.2,5.38
M101465,7.2,325.1,64.0,5.438,8.69,0.9,4,Rotational,,1151.9,5.16
M101466,1.9,314.6,59.3,2.579,10.56,1.0,0,Rotational,Medium,1191.7,4.56
M101467,1.6,246.1,75.4,4.406,11.87,0.1,0,Day,High,1248.9,5.5
M101468,1.3,326.5,63.9,,9.06,1.9,0,Day,Medium,1090.7,1.36
M101469,0.0,341.9,67.2,2.935,8.3,1.9,1,Night,High,1107.7,3.93
M101470,7.4,380.7,65.9,,9.6,0.3,2,Day,Medium,1240.3,3.36
M101471,11.5,563.9,51.7,4.214,7.08,3.1,4,Day,Medium,1250.7,8.33
M101472,6.9,397.3,83.5,2.199,11.35,0.7,0,Day,Medium,1376.2,5.76
M101473,0.0,405.8,75.3,1.596,7.65,1.9,1,Day,Low,1304.8,5.67
M101474,6.2,463.3,,4.2,9.97,1.2,1,Rotational,Low,1264.7,9.07
M101475,6.3,399.8,70.1,4.122,9.95,2.7,1,Night,Low,1267.6,7.55
M101476,15.4,454.0,78.7,3.512,10.44,2.7,5,Day,High,1379.2,7.7
M101477,1.2,443.9,68.6,5.293,9.88,2.5,0,Rotational,Low,1343.7,7.62
M101478,5.4,430.4,85.1,3.0,9.5,1.8,1,Night,High,1495.5,8.46
M101479,13.8,655.1,100.1,3.822,10.14,2.7,2,Night,High,1840.3,17.07
M101480,8.8,497.4,66.6,2.787,10.75,0.0,1,Night,Low,1382.1,7.19
M101481,9.3,328.1,61.6,2.917,12.19,2.7,3,Day,Low,1195.2,6.91
M101482,7.5,451.5,57.1,3.936,7.85,1.0,1,Rotational,High,1162.5,5.66
M101483,8.3,352.7,43.7,10.312,6.74,1.7,4,Night,High,1033.4,21.38
M101484,10.1,457.9,81.7,4.812,7.18,0.0,2,Day,High,1422.3,7.92
M101485,3.8,303.1,64.1,4.368,6.78,1.5,3,Day,Medium,1130.6,6.58
M101486,10.5,325.8,77.6,4.888,7.7,0.6,1,Rotational,Medium,1209.0,7.38
M101487,1.5,449.2,79.8,1.026,7.51,2.6,2,Rotational,Medium,1337.4,5.54
M101488,8.3,504.8,56.1,3.895,8.88,1.9,1,Night,Medium,1244.7,9.38
M101489,7.7,462.7,57.8,5.234,10.78,0.0,3,Night,Medium,1221.8,10.77
M101490,4.5,492.6,87.2,3.463,10.44,0.0,1,Night,High,1517.7,11.3
M101491,6.9,451.8,67.2,3.249,8.57,2.6,2,Day,High,1244.0,2.97
M101492,4.5,434.7,60.7,2.075,8.7,4.3,2,Rotational,Medium,1184.0,4.67
M101493,2.7,377.2,56.5,2.673,12.52,0.5,2,Night,High,1349.9,5.09
M101494,5.6,489.1,66.4,2.189,10.39,0.0,2,Day,High,1479.8,2.45
M101495,2.6,507.1,84.6,5.473,9.76,0.3,3,Day,High,1618.8,10.09
M101496,8.3,414.6,75.5,7.035,9.68,1.1,2,Night,High,,12.49
M101497,2.4,410.1,70.0,8.737,9.07,0.7,4,Rotational,Low,1345.4,14.18
M101498,9.8,555.3,85.5,2.171,12.5,1.3,1,Rotational,Medium,1581.3,8.9
M101499,2.3,418.3,83.4,,9.22,3.2,3,Day,High,1489.2,4.79
M101500,4.7,426.4,71.7,2.282,9.72,0.8,1,Rotational,Medium,1244.2,5.5
M101501,4.5,461.2,98.5,1.995,7.03,1.2,1,Night,Low,1668.9,15.21
M101502,12.3,411.7,65.3,2.011,8.55,0.4,2,Night,High,1268.1,4.73
M101503,8.3,350.3,80.1,2.566,8.67,1.5,1,Rotational,High,1285.1,5.51
M101504,6.2,452.1,63.7,5.141,10.23,1.1,1,Night,Medium,1324.2,10.74
M101505,9.0,416.7,77.9,2.319,8.34,2.4,2,Night,High,1301.7,7.11
M101506,0.0,576.6,65.3,,9.57,0.9,2,Night,Medium,1401.0,8.34
M101507,6.8,487.0,73.1,6.578,8.59,0.5,3,Rotational,High,1379.7,10.24
M101508,15.0,369.4,94.3,3.829,7.85,0.0,1,Night,Low,1451.9,15.0
M101509,7.5,482.0,78.5,,7.79,1.8,4,Day,Medium,1521.2,10.69
M101510,7.3,446.2,73.2,1.681,9.24,3.2,2,Day,Medium,1402.1,3.49
M101511,9.2,531.3,,2.512,9.65,1.9,1,Rotational,Medium,1349.3,5.56
M101512,10.6,375.4,70.1,3.65,9.21,4.4,2,Night,Low,1239.8,9.32
M101513,0.0,436.0,56.9,3.712,8.25,1.4,1,Rotational,Low,1152.5,5.94
M101514,0.3,411.6,77.8,6.784,9.29,0.3,3,Day,High,1441.0,9.07
M101515,7.8,425.0,77.5,,9.02,5.6,0,Night,Medium,1351.8,5.01
M101516,4.1,344.8,66.0,2.538,7.94,0.8,2,Day,Medium,1137.7,3.25
M101517,12.2,469.0,86.3,3.182,9.62,1.8,2,Day,Medium,1533.4,8.55
M101518,5.7,455.5,84.8,2.562,12.22,1.7,3,Day,High,1580.0,5.7
M101519,0.0,529.2,69.6,1.971,9.28,2.6,0,Day,High,1386.1,2.74
M101520,1.9,419.1,74.2,2.616,7.31,0.0,3,Night,Low,1279.5,6.65
M101521,0.0,385.0,61.5,2.937,11.7,1.7,2,Rotational,Low,1174.5,8.12
M101522,6.1,487.1,65.0,6.847,11.39,1.1,1,Rotational,Low,1417.8,10.72
M101523,6.2,352.5,56.1,1.993,11.65,2.0,1,Night,High,1128.5,3.42
M101524,5.3,512.2,62.7,4.991,9.44,1.4,4,Rotational,Medium,1321.2,7.34
M101525,11.3,512.0,66.9,6.272,8.32,1.8,4,Rotational,Medium,1188.0,11.19
M101526,11.8,526.9,49.7,2.569,8.16,1.7,0,Day,,1217.5,5.91
M101527,6.3,452.0,74.3,3.781,11.21,0.0,2,Day,Medium,1494.5,8.64
M101528,0.0,378.6,79.2,4.428,11.91,0.0,2,Rotational,Medium,1474.0,7.82
M101529,9.5,429.3,67.9,4.078,8.12,1.1,3,Night,Medium,1314.0,9.13
M101530,9.2,452.3,38.3,3.459,5.72,1.6,2,Rotational,Low,917.7,12.79
M101531,8.2,372.4,65.2,2.365,9.47,0.6,2,Night,Medium,1335.1,4.94
M101532,10.9,533.3,52.7,4.624,8.14,1.3,1,Day,High,1196.7,7.82
M101533,2.3,469.3,61.3,2.753,8.44,0.0,2,Day,Medium,1335.2,6.11
M101534,15.0,344.2,105.0,10.573,9.14,4.2,0,Day,Low,1892.4,25.6
M101535,3.2,580.0,41.2,3.625,10.11,0.5,2,Night,Medium,1297.0,10.52
M101536,10.0,428.3,59.0,5.094,8.33,0.9,1,Day,High,1187.5,5.95
M101537,0.3,327.0,77.1,8.706,9.7,2.9,2,Day,Medium,1253.8,7.47
M101538,3.3,349.4,60.3,2.296,9.31,2.9,1,Day,Low,1022.6,4.41
M101539,13.1,546.5,59.4,3.409,6.04,1.3,1,Night,Medium,1207.5,6.42
M101540,6.0,575.1,90.4,1.581,10.32,0.0,0,Day,Medium,1737.2,8.34
M101541,10.4,505.8,72.2,6.964,8.82,2.6,1,Night,High,1350.5,10.18
M101542,7.9,532.1,78.3,3.394,7.6,4.2,4,Rotational,High,1358.6,8.72
M101543,6.6,523.4,73.4,2.858,8.41,,2,Rotational,Medium,1404.1,6.75
M101544,12.5,467.3,69.8,3.408,9.8,0.0,1,Rotational,Medium,1463.9,8.37
M101545,6.1,448.0,81.9,3.495,9.57,1.2,2,Day,Low,1561.1,9.82
M101546,0.0,465.9,89.0,2.303,10.47,2.4,0,Day,Medium,1374.6,7.87
M101547,3.8,482.6,49.5,6.013,10.15,1.1,2,Day,Medium,1218.3,12.67
M101548,9.2,357.0,67.6,4.583,7.74,1.2,2,Day,Medium,1219.5,6.91
M101549,8.6,482.2,67.5,4.914,5.5,0.3,1,Day,Medium,1160.1,7.37
M101550,0.7,544.0,63.3,2.363,9.68,0.8,2,Rotational,High,1362.6,4.7
M101551,4.1,402.5,78.8,2.3,10.45,1.5,1,Rotational,Medium,1520.6,7.76
M101552,4.7,393.4,70.8,3.137,9.2,2.0,2,Day,Medium,1314.1,5.15
M101553,5.5,460.5,89.2,4.953,10.49,1.3,1,Rotational,Medium,1645.6,11.94
M101554,1.5,364.8,80.1,4.267,8.0,2.5,5,Day,High,1250.7,5.07
M101555,4.5,308.1,83.0,2.251,8.98,2.9,0,Day,Low,1385.5,6.56
M101556,4.1,517.6,54.8,,8.12,0.0,0,Night,Medium,1211.7,7.63
M101557,10.1,381.7,59.1,2.042,10.55,0.6,2,Day,High,1177.6,1.81
M101558,10.2,421.6,79.3,8.097,8.13,3.2,1,Rotational,Low,1593.6,13.55
M101559,6.4,368.1,82.6,3.593,12.59,3.5,0,Rotational,Medium,1436.0,8.56
M101560,5.4,528.5,57.4,1.848,8.75,0.0,2,Night,Low,1270.0,8.27
M101561,7.6,492.5,57.7,2.051,10.7,3.3,0,Rotational,Medium,1254.5,4.84
M101562,3.7,399.5,55.7,7.214,8.77,2.0,3,Day,Medium,1188.8,11.8
M101563,2.4,319.7,98.3,6.574,11.51,1.2,3,Day,Medium,1432.0,15.14
M101564,3.2,390.5,66.4,10.432,11.45,0.0,6,Night,Medium,1358.9,15.63
M101565,4.5,468.5,,4.159,9.01,1.4,2,Rotational,High,1281.4,6.61
M101566,2.3,436.0,55.5,4.583,9.91,0.3,3,Night,Medium,1142.9,7.72
M101567,7.6,429.3,78.6,3.073,11.41,0.1,1,Night,Low,1511.6,9.29
M101568,9.9,438.0,48.5,2.786,9.96,2.6,2,Rotational,Medium,1184.4,7.03
M101569,0.7,484.5,57.2,5.134,8.12,5.8,2,Rotational,High,1235.7,8.07
M101570,7.1,416.4,60.0,6.56,9.61,0.2,2,Night,High,1272.9,7.69
M101571,6.1,458.3,70.4,4.92,8.38,2.4,0,Rotational,High,1343.2,4.09
M101572,8.4,336.1,59.3,2.182,9.73,0.4,2,Day,Medium,1127.7,5.06
M101573,6.9,637.1,84.8,4.038,8.32,3.8,2,Night,,1607.4,10.07
M101574,1.2,395.9,73.5,2.259,10.06,3.2,1,Rotational,Medium,1336.0,5.18
M101575,2.0,437.3,60.4,2.823,6.82,3.3,0,Day,Medium,1172.1,2.69
M101576,7.1,468.1,79.0,7.524,7.82,0.0,3,Rotational,High,1390.8,14.86
M101577,11.1,385.1,63.7,1.823,8.31,1.6,2,Night,Medium,1141.2,5.92
M101578,0.0,420.7,61.5,9.819,9.26,2.9,5,Day,Medium,1132.3,13.28
M101579,8.4,419.6,77.9,4.37,7.23,0.6,0,Night,Medium,1281.4,8.55
M101580,11.8,342.3,41.0,2.63,8.17,3.0,0,Day,Medium,983.1,7.72
M101581,6.4,457.3,76.1,3.435,10.67,,4,Day,Low,1425.2,7.08
M101582,9.2,279.8,60.2,2.357,10.85,1.1,0,Night,Medium,1093.4,4.51
M101583,4.2,569.0,60.1,2.526,5.7,0.5,2,Day,Low,1311.9,6.46
M101584,6.5,487.4,89.5,3.444,8.62,0.8,1,Night,Medium,1543.8,11.34
M101585,0.5,474.3,62.2,2.817,11.41,1.6,0,Day,Medium,1359.5,2.35
M101586,0.0,272.4,78.5,2.082,10.08,2.9,2,Day,Medium,1259.2,4.85
M101587,10.8,352.6,71.1,2.972,10.11,1.9,2,Rotational,Medium,1262.6,3.18
M101588,3.1,538.1,,1.721,10.35,2.6,0,Night,Low,1397.8,4.62
M101589,5.2,720.0,,,8.06,0.0,0,Day,Medium,1500.2,4.61
M101590,1.5,521.5,64.7,1.749,9.82,3.5,0,Day,Medium,1316.0,2.38
M101591,1.4,508.1,84.8,7.657,10.21,6.3,1,Day,Medium,1505.8,13.06
M101592,6.3,464.6,78.2,4.067,9.66,0.0,1,Day,Medium,1450.2,7.08
M101593,4.1,348.0,62.5,,8.91,0.1,1,Rotational,Medium,1165.8,7.95
M101594,8.5,504.6,56.5,3.339,9.43,2.8,2,Rotational,High,1208.3,4.63
M101595,8.8,326.4,61.6,4.277,7.79,1.4,2,Day,High,1086.8,5.4
M101596,8.3,317.1,97.6,17.702,10.42,2.7,3,Day,High,1631.0,35.84
M101597,8.0,311.8,81.0,4.071,7.35,0.6,0,Day,Low,1343.9,8.57
M101598,13.3,502.9,74.1,7.54,8.28,1.5,2,Day,Low,1306.3,13.8
M101599,2.7,415.1,50.2,3.259,10.52,0.5,1,Rotational,Medium,1212.2,7.31
M101600,6.8,428.6,76.3,4.479,9.94,2.1,2,Night,Medium,1456.5,9.6
M101601,11.5,418.7,82.3,,8.77,7.3,2,Day,Medium,1420.1,6.95
M101602,12.1,324.3,69.9,2.083,6.93,2.6,3,Day,Low,1190.7,5.59
M101603,1.3,363.0,89.8,3.392,9.43,1.6,3,Day,Low,1491.4,10.77
M101604,5.8,367.3,53.5,1.322,8.55,2.8,0,Day,High,995.6,1.84
M101605,12.4,300.6,75.5,3.111,10.22,0.5,3,Day,Medium,1296.1,4.15
M101606,9.0,377.1,56.8,2.888,8.73,0.8,2,Day,Medium,1101.3,5.96
M101607,7.8,328.1,79.6,2.803,6.87,0.0,1,Day,Medium,1150.6,6.51
M101608,6.1,469.1,74.7,2.708,7.42,2.5,0,Day,Low,1307.0,6.56
M101609,5.5,476.2,87.8,4.289,8.86,0.7,0,Day,Medium,1593.7,9.4
M101610,8.2,310.0,73.5,2.132,9.66,2.7,2,Day,Low,1243.6,4.22
M101611,6.0,394.8,63.6,8.415,7.75,1.9,5,Rotational,High,1239.6,13.17
M101612,6.8,577.8,62.6,4.409,8.36,6.1,1,Night,Medium,1370.8,6.59
M101613,7.3,336.6,65.2,2.222,10.69,1.4,2,Night,High,1141.2,3.74
M101614,4.3,456.3,62.4,4.589,11.16,0.0,1,Day,Medium,1360.3,6.67
M101615,9.1,429.0,82.8,5.46,9.92,2.7,2,Day,High,1512.2,7.8
M101616,18.7,512.9,82.0,3.993,9.07,4.1,0,Day,High,1478.2,6.34
M101617,0.0,445.1,51.5,2.008,8.57,0.8,1,Day,High,1040.8,3.63
M101618,8.3,383.3,68.4,10.162,10.31,3.6,3,Day,Medium,1276.5,15.59
M101619,4.0,425.7,68.7,4.571,9.03,3.1,0,Rotational,Low,1259.0,6.57
M101620,9.3,426.9,59.4,1.779,10.88,2.2,0,Day,Medium,1243.3,2.94
M101621,7.2,412.2,72.8,3.686,10.96,2.9,1,Night,Medium,1447.5,8.21
M101622,10.0,307.9,84.1,2.974,10.12,4.0,2,Day,Medium,1435.0,6.99
M101623,11.7,525.7,77.8,3.331,8.75,2.0,4,Day,Low,1519.1,9.23
M101624,7.8,510.6,82.8,1.828,8.87,5.7,1,Night,High,1542.0,6.48
M101625,11.5,331.2,60.1,3.412,7.03,2.6,3,Night,High,1065.5,5.31
M101626,0.0,394.4,68.4,2.191,9.42,1.4,1,Rotational,Low,1347.4,6.23
M101627,13.4,400.9,59.6,2.788,9.37,5.4,2,Day,High,,3.85
M101628,8.5,321.7,70.6,4.03,7.43,1.7,1,Day,Medium,1141.0,5.36
M101629,11.3,261.3,71.6,2.616,13.05,0.1,1,Night,Low,1307.1,6.67
M101630,2.1,363.0,78.6,2.871,10.33,1.3,2,Day,Medium,,4.72
M101631,3.7,389.7,82.4,5.003,8.24,0.0,2,Day,Medium,1371.1,9.28
M101632,7.6,297.5,75.6,2.129,12.58,0.1,2,Rotational,High,1405.1,4.37
M101633,6.9,435.0,58.5,2.401,8.76,0.8,2,Day,Medium,1130.6,4.32
M101634,8.1,518.8,53.1,1.773,10.75,2.5,0,Night,Medium,1282.5,6.55
M101635,11.3,491.6,73.7,2.2,9.63,4.1,2,,Low,1459.0,5.91
M101636,0.0,409.2,84.5,3.542,8.81,1.4,1,Rotational,High,1484.0,7.8
M101637,10.9,263.6,67.7,4.571,8.99,0.0,2,Rotational,High,1123.8,5.92
M101638,7.0,480.8,51.2,2.219,11.65,1.4,1,Rotational,High,1199.5,5.77
M101639,6.2,432.4,90.9,4.504,10.81,0.3,4,Day,Medium,1502.1,12.51
M101640,1.1,456.1,73.4,3.499,9.32,1.1,1,Night,High,1368.4,6.31
M101641,9.0,584.6,69.9,1.663,6.42,,0,Day,Medium,1486.7,2.82
M101642,0.0,349.9,55.2,3.623,9.96,0.0,0,Rotational,High,1098.8,4.34
M101643,9.6,175.6,68.2,6.033,7.63,4.5,3,Rotational,Medium,1180.5,7.76
M101644,1.0,330.5,75.6,1.289,10.31,0.7,1,Night,Medium,1313.1,5.21
M101645,7.2,461.3,73.5,9.049,8.43,0.4,2,Night,Medium,1412.0,14.29
M101646,6.5,422.3,60.5,2.447,8.59,0.0,2,Day,Low,1331.6,5.38
M101647,11.7,316.7,67.4,1.456,8.54,0.2,2,Day,Medium,1181.6,3.83
M101648,6.3,299.3,61.2,3.558,11.03,3.4,0,Rotational,Medium,1271.6,4.29
M101649,4.2,389.9,86.3,5.031,6.85,0.4,2,Day,Low,1390.4,13.06
M101650,5.0,314.1,77.8,2.886,10.61,1.3,3,Day,Low,1315.3,7.39
M101651,12.1,464.3,62.2,3.88,10.01,1.5,0,Day,Low,1298.9,6.72
M101652,9.1,385.0,55.1,9.582,9.39,2.8,3,Day,,1042.9,12.54
M101653,5.5,366.7,71.1,3.68,8.83,2.3,4,Day,Low,1210.7,5.83
M101654,6.1,355.5,62.6,12.0,10.23,3.0,3,Day,High,1139.4,14.46
M101655,0.7,442.4,63.4,6.248,8.84,2.0,0,Day,Medium,1254.0,7.94
M101656,8.6,423.6,,3.407,8.83,1.8,1,Rotational,High,1193.3,5.76
M101657,0.0,437.2,56.9,3.841,9.6,0.8,4,Rotational,Medium,1169.7,7.8
M101658,10.0,435.3,69.8,2.83,12.08,,3,Day,Medium,1542.2,4.99
M101659,7.5,413.9,65.1,3.761,7.23,0.0,1,Night,Medium,,7.82
M101660,16.5,332.2,95.5,4.396,10.25,0.2,3,Day,High,1438.5,12.98
M101661,2.6,357.9,74.5,2.713,9.29,1.2,2,Day,Medium,1343.7,3.73
M101662,6.6,386.5,55.3,1.665,9.17,3.4,0,Rotational,Medium,1108.8,3.22
M101663,14.2,595.5,51.1,6.428,7.21,5.2,1,Rotational,High,1106.4,10.18
M101664,11.8,305.3,72.4,5.402,6.87,4.1,2,Day,Low,1198.6,8.41
M101665,4.2,384.4,63.6,1.635,10.01,0.5,1,Rotational,High,1253.1,3.8
M101666,7.9,428.4,82.6,3.616,7.6,1.9,4,Day,High,1414.8,8.66
M101667,7.0,394.2,71.1,5.549,11.02,2.2,2,Day,Medium,1338.8,6.35
M101668,8.1,511.3,46.2,5.269,7.98,0.9,3,Day,Low,1120.8,11.44
M101669,4.2,393.8,56.8,2.347,10.33,1.9,1,Night,Medium,1281.3,5.43
M101670,6.6,400.1,60.6,5.425,8.64,5.2,1,Day,Medium,1244.5,5.06
M101671,0.6,489.2,72.9,3.345,8.56,0.8,2,Day,Medium,1428.3,5.13
M101672,7.5,573.9,56.4,4.032,8.13,0.2,1,Day,Low,1349.8,8.59
M101673,8.8,539.6,69.7,2.096,10.16,1.0,1,Day,Low,1432.8,5.93
M101674,6.1,408.4,53.3,0.395,10.57,0.0,1,Night,Low,1184.9,6.5
M101675,0.5,415.8,68.1,2.251,9.03,1.6,0,Night,Medium,1090.8,4.48
M101676,11.0,424.0,72.1,4.342,10.39,2.8,4,Night,Low,1515.1,11.55
M101677,8.5,432.5,84.1,2.996,9.52,3.9,4,Rotational,Medium,1471.2,7.36
M101678,4.1,348.0,70.7,4.596,7.5,0.5,0,Day,High,1278.9,5.62
M101679,5.9,499.6,59.0,5.772,10.07,0.6,3,Night,Low,1346.4,12.11
M101680,1.0,437.6,84.4,2.814,9.05,4.1,3,Night,Medium,1512.6,8.84
M101681,2.9,416.2,66.0,2.679,5.58,1.9,0,Day,Medium,1155.8,3.4
M101682,4.8,312.0,76.5,1.112,8.91,0.5,0,Rotational,Medium,1348.2,3.79
M101683,11.9,425.3,61.3,1.531,6.96,4.2,4,Day,Medium,1219.9,2.22
M101684,4.4,259.1,69.0,1.699,7.65,2.8,3,Rotational,High,1046.2,2.39
M101685,9.6,370.6,59.2,4.386,9.13,1.9,4,Day,Medium,1165.1,7.88
M101686,4.8,372.1,71.5,2.828,9.39,0.8,1,Day,Medium,1292.0,3.09
M101687,8.0,444.4,76.8,2.542,8.25,0.0,0,Day,High,1348.7,4.99
M101688,6.4,579.8,62.6,2.4,10.29,0.7,1,Day,Medium,1338.7,4.98
M101689,10.5,468.6,61.9,2.249,9.33,0.1,2,Night,Medium,1217.3,7.72
M101690,4.9,543.1,71.9,5.268,8.86,1.7,3,Night,Low,1468.8,10.66
M101691,0.7,474.8,58.9,3.479,9.57,3.7,0,Day,Low,1232.9,5.47
M101692,1.5,515.6,51.3,5.45,11.31,2.3,2,Day,Medium,1291.1,8.51
M101693,4.9,577.9,71.9,1.109,6.27,0.2,0,Day,High,1387.8,1.58
M101694,2.0,357.8,66.8,4.333,11.45,1.6,2,Rotational,Medium,1269.9,6.5
M101695,8.6,352.2,66.6,,8.58,3.6,2,Rotational,Medium,1142.7,5.07
M101696,5.1,476.8,73.7,2.884,8.33,1.1,0,Day,High,1338.6,5.39
M101697,16.5,419.7,75.3,6.53,8.9,2.8,1,Rotational,Medium,1348.9,10.14
M101698,0.0,438.7,66.2,2.732,8.17,0.0,2,Day,Medium,1162.8,3.55
M101699,7.8,398.9,55.7,4.246,7.94,6.0,1,Night,Low,1128.9,7.98
M101700,2.5,369.3,61.0,1.996,10.77,0.0,1,Night,High,1207.2,3.53
M101701,5.0,557.8,74.4,3.381,9.74,2.2,0,Day,Low,1397.6,8.14
M101702,7.6,326.5,69.5,1.498,6.62,1.6,1,Day,Medium,1148.2,2.3
M101703,0.0,478.3,62.0,3.226,10.51,0.5,1,Rotational,Medium,1148.6,6.24
M101704,7.9,464.6,59.4,4.026,10.29,0.7,4,Rotational,Medium,1241.8,8.17
M101705,14.6,285.8,74.8,5.773,7.27,2.1,0,Day,Low,1192.2,10.12
M101706,5.2,349.4,65.6,2.206,9.77,0.0,1,Day,Medium,1269.8,3.2
M101707,8.0,363.7,76.3,2.549,10.43,0.3,3,Rotational,Medium,1509.9,5.29
M101708,11.1,468.0,77.7,2.406,7.09,1.5,2,Day,High,1387.0,6.63
M101709,6.3,388.8,64.6,2.924,9.93,0.0,2,Day,High,1262.1,4.21
M101710,4.7,412.7,78.4,2.05,8.49,0.0,0,Day,Low,1272.1,7.13
M101711,0.0,296.1,69.5,1.129,10.31,0.0,1,Day,Low,1208.5,4.72
M101712,9.6,617.7,70.9,1.971,8.1,2.7,3,Night,High,1439.8,5.13
M101713,6.5,426.1,43.9,3.24,11.06,,1,Day,High,997.1,7.99
M101714,2.9,462.4,57.3,3.083,9.13,0.0,2,Day,Medium,1321.6,6.18
M101715,7.5,374.0,57.9,4.376,8.58,0.7,1,Rotational,Medium,1156.8,6.96
M101716,4.7,364.5,64.5,5.059,8.42,2.4,4,Rotational,Low,1216.4,10.09
M101717,4.9,582.6,69.3,2.652,10.81,1.3,3,Day,High,1588.2,5.64
M101718,9.4,257.1,69.7,1.502,8.42,0.4,2,Rotational,Low,1054.4,4.56
M101719,1.6,443.7,71.1,4.062,11.09,3.4,3,Night,Medium,1311.2,9.29
M101720,11.2,317.0,60.5,3.304,9.82,3.1,2,Day,Medium,1220.2,4.95
M101721,1.4,385.6,75.6,2.918,7.42,2.7,2,Rotational,Medium,1229.8,5.47
M101722,4.3,365.8,87.9,6.112,9.54,0.0,0,Day,Medium,1488.2,11.28
M101723,14.7,336.2,64.1,4.159,9.57,,5,Day,Medium,1200.6,5.89
M101724,11.5,423.0,60.7,3.531,7.37,2.6,2,Day,Medium,1292.7,7.02
M101725,7.4,201.7,60.5,3.604,9.51,1.5,1,Rotational,Medium,1114.5,4.92
M101726,3.2,393.2,68.9,5.078,10.31,1.7,1,Night,High,1393.5,5.7
M101727,4.9,412.3,62.2,2.352,11.19,3.4,0,Rotational,Medium,1172.7,4.39
M101728,7.3,304.5,49.0,2.138,11.13,0.8,1,Night,Medium,1083.4,5.91
M101729,7.2,548.6,52.0,2.953,13.08,1.1,3,Day,Medium,1404.3,6.57
M101730,6.6,369.5,79.2,1.842,9.5,2.9,3,Night,Low,1361.6,7.93
M101731,6.9,399.8,82.1,3.246,10.33,1.7,4,Day,High,1402.8,4.61
M101732,6.1,369.7,85.6,3.485,8.59,,1,Rotational,Medium,1396.0,9.64
M101733,1.2,413.1,70.5,3.208,12.33,0.0,1,Rotational,High,1437.5,4.69
M101734,4.9,531.2,57.1,2.771,8.16,2.4,1,Day,High,1177.9,2.85
M101735,10.7,630.2,63.2,7.588,12.26,5.8,2,Rotational,Medium,1612.4,14.1
M101736,1.5,483.4,51.6,5.314,12.07,0.3,0,Day,Low,1141.3,8.64
M101737,6.2,512.5,51.2,3.163,8.32,2.8,1,Day,High,1140.7,3.26
M101738,3.7,565.9,70.8,3.478,11.05,1.3,3,Day,Medium,1420.9,5.93
M101739,7.4,441.2,73.9,6.607,10.19,1.6,4,Rotational,Medium,1392.5,10.14
M101740,5.4,553.5,89.5,2.479,8.88,1.2,1,Night,Medium,1585.1,10.93
M101741,12.9,487.4,67.1,2.049,9.3,1.6,0,Night,Low,1420.9,5.95
M101742,9.0,432.2,53.1,3.719,9.9,1.2,2,Day,High,1154.5,5.76
M101743,1.8,449.8,66.7,4.083,10.04,0.5,2,Rotational,High,1341.8,6.32
M101744,9.7,265.2,64.9,4.239,11.74,5.0,1,Night,High,1173.9,4.95
M101745,3.9,444.8,62.6,5.022,10.36,0.7,4,Day,High,1266.7,5.71
M101746,4.7,288.8,71.8,2.302,8.35,0.0,2,Night,Medium,1198.8,5.68
M101747,8.3,281.9,54.6,1.642,10.62,2.5,0,Day,Medium,986.7,2.68
M101748,5.0,436.4,69.4,2.479,6.88,0.8,0,Day,Medium,1201.7,4.22
M101749,10.6,325.3,75.2,4.441,8.92,0.8,2,Day,Medium,1201.4,5.98
M101750,3.9,419.4,83.6,,9.06,0.7,1,Day,Medium,1458.8,5.95
M101751,4.5,431.8,71.4,1.262,10.49,0.9,2,Rotational,Medium,1373.6,4.51
M101752,4.4,435.6,79.5,3.568,12.16,3.0,5,Day,Medium,1504.3,8.13
M101753,4.7,343.1,63.1,2.5,9.83,3.6,0,Day,Medium,1187.9,3.5
M101754,11.4,496.4,64.7,1.4,8.96,2.3,2,Day,Low,1342.6,4.37
M101755,9.5,412.4,82.8,3.446,8.45,0.0,2,Day,High,1385.1,5.84
M101756,13.8,457.5,52.9,2.737,10.75,1.4,1,Day,Medium,1201.2,7.34
M101757,16.1,318.3,63.6,7.675,9.21,0.5,4,Night,High,1176.0,10.4
M101758,2.9,404.8,80.4,3.471,8.75,0.0,1,Night,Low,1342.7,8.91
M101759,7.3,513.3,65.7,4.451,10.93,1.8,2,Day,Medium,1421.9,7.11
M101760,2.3,502.5,64.9,3.292,11.25,0.3,1,Rotational,High,1452.2,4.78
M101761,3.9,352.2,65.1,2.463,8.06,0.2,2,Day,Low,1181.8,5.38
M101762,4.5,373.6,69.3,2.602,7.26,5.6,1,Day,Medium,1298.0,2.27
M101763,2.8,336.0,79.9,5.7,9.35,0.7,2,Day,Low,1329.0,9.46
M101764,2.8,364.2,78.2,4.825,7.79,2.7,2,Rotational,Low,1370.9,9.52
M101765,6.4,301.1,68.1,1.577,7.58,1.4,0,Day,Low,1093.4,4.05
M101766,2.1,408.3,80.0,1.778,7.94,0.0,1,Rotational,Medium,1385.4,5.02
M101767,10.4,473.8,71.8,1.828,11.07,3.2,1,Day,Medium,1455.6,3.59
M101768,3.3,353.3,77.5,5.641,10.48,3.9,3,Night,High,1414.9,8.64
M101769,18.2,412.3,56.7,1.397,13.19,2.7,0,Day,High,1299.2,2.29
M101770,5.2,401.3,87.1,4.92,8.54,0.2,4,Rotational,Medium,1539.9,10.76
M101771,7.3,509.7,70.4,4.052,11.49,2.4,1,Day,High,1495.8,5.33
M101772,1.8,368.0,37.8,3.573,10.24,1.7,0,Day,High,970.8,8.11
M101773,13.8,371.1,86.3,2.621,8.67,,4,Day,Medium,1421.1,9.71
M101774,11.5,348.1,68.1,6.015,9.28,0.0,6,Day,Low,1189.6,9.95
M101775,8.2,323.3,63.6,,8.66,,2,Day,High,1128.9,6.0
M101776,1.6,465.0,61.3,1.613,9.89,0.8,0,Day,Medium,1270.2,3.18
M101777,7.8,408.5,72.8,1.812,10.98,1.7,1,Day,Low,1384.8,3.81
M101778,2.5,424.7,58.2,1.459,8.95,1.9,2,Night,Medium,1180.0,4.82
M101779,12.8,528.3,61.7,6.051,10.77,1.5,0,Day,Medium,1279.9,8.16
M101780,10.2,533.2,61.9,,11.41,3.3,3,Day,Medium,1458.7,9.53
M101781,7.4,280.1,64.8,5.715,11.74,0.3,4,Night,Medium,1065.7,11.63
M101782,0.0,475.1,62.3,3.091,7.74,2.2,1,Day,Low,1192.9,6.93
M101783,3.1,439.2,77.4,1.627,9.43,0.6,0,Night,Low,1482.0,6.45
M101784,9.8,380.8,71.0,1.96,10.56,1.8,1,Day,Medium,1269.3,4.87
M101785,11.9,447.9,72.3,2.025,7.87,4.6,3,Night,Medium,1383.5,5.42
M101786,11.4,273.3,74.7,,7.54,0.0,4,Night,High,1196.9,5.7
M101787,0.6,544.3,67.0,6.644,9.46,1.7,5,Night,Medium,1429.0,12.87
M101788,8.2,463.8,56.8,6.631,8.88,1.6,2,Night,Medium,1183.4,10.5
M101789,11.1,346.5,87.9,2.601,9.24,2.7,2,Day,Medium,1406.4,8.83
M101790,0.4,370.2,78.2,1.085,8.79,1.2,1,Rotational,Medium,1375.1,4.54
M101791,7.0,275.2,,1.852,12.74,3.7,0,Rotational,High,1428.2,4.69
M101792,8.1,393.3,79.4,6.015,8.81,1.0,2,Rotational,Low,,12.31
M101793,5.8,379.0,62.9,3.728,10.38,2.7,1,Day,Medium,1228.3,6.16
M101794,0.0,307.4,42.2,2.779,10.28,0.0,1,Night,Medium,938.5,9.04
M101795,5.7,486.0,54.5,2.684,6.97,0.4,1,Rotational,High,1081.0,5.36
M101796,5.7,528.5,75.0,2.281,11.7,2.2,1,Rotational,Low,1523.9,6.1
M101797,6.4,417.7,66.9,1.819,10.44,1.9,1,Day,Medium,1348.2,3.77
M101798,4.7,394.0,63.4,9.356,9.74,3.6,6,Rotational,Medium,1231.7,12.16
M101799,5.2,457.0,40.5,7.84,11.09,0.6,4,Day,Low,1085.5,17.77
M101800,6.8,418.3,67.9,2.201,9.43,1.2,0,Day,Medium,1311.0,2.78
M101801,8.8,328.0,56.1,1.381,10.82,1.8,0,Rotational,Medium,1065.7,3.33
M101802,5.8,364.5,60.0,3.613,6.69,1.5,1,Day,Medium,977.3,3.17
M101803,5.4,394.8,77.4,3.084,10.73,1.4,1,Day,Medium,1454.7,4.59
M101804,7.4,441.1,56.7,4.545,9.78,3.7,0,Rotational,Medium,1245.0,5.18
M101805,0.0,420.8,57.7,5.09,9.8,1.8,0,Night,Medium,1080.8,7.2
M101806,8.9,437.9,70.0,1.85,8.24,1.5,4,Day,Medium,1290.4,5.04
M101807,7.0,290.4,77.6,6.297,9.17,3.1,2,Rotational,Medium,1266.2,8.53
M101808,7.2,476.5,63.6,2.783,9.13,2.1,2,Day,Medium,1266.9,3.57
M101809,10.8,420.3,84.1,4.499,7.79,0.0,2,Night,Medium,1361.6,10.53
M101810,0.0,637.0,53.9,2.913,10.04,0.0,1,Day,High,1359.9,5.22
M101811,0.0,387.1,52.0,5.266,11.86,0.0,1,Night,Low,1118.8,9.16
M101812,8.1,447.5,51.1,1.019,7.37,2.4,1,Day,High,1095.0,2.93
M101813,7.0,660.5,49.8,4.803,10.24,2.8,4,Night,High,1266.0,12.08
M101814,7.7,436.5,71.7,2.19,8.87,0.0,2,Night,Medium,1362.7,5.87
M101815,5.2,414.3,57.2,3.444,8.7,1.4,0,Night,High,1258.7,6.05
M101816,9.7,336.1,52.5,6.186,9.61,0.9,3,Night,Low,1070.3,11.15
M101817,10.7,549.9,72.2,2.222,9.63,3.0,0,Night,Medium,1500.8,6.84
M101818,8.9,321.5,77.1,2.054,9.78,2.3,4,Rotational,Medium,1290.7,3.82
M101819,6.0,456.3,79.6,2.757,7.8,1.2,1,Day,Medium,1494.9,3.86
M101820,0.0,379.7,77.6,2.671,11.13,3.4,5,Rotational,Medium,1355.8,6.94
M101821,10.1,403.9,57.9,1.964,9.62,0.6,4,Day,Medium,1087.7,4.89
M101822,11.9,299.0,71.0,3.501,10.39,5.0,1,Rotational,Medium,1152.4,5.09
M101823,9.6,534.2,73.5,3.593,11.32,2.2,0,Rotational,Low,1445.6,6.96
M101824,3.5,396.4,62.8,4.185,6.62,0.0,2,Day,Medium,1160.3,6.62
M101825,9.7,316.7,69.8,2.204,10.45,2.7,0,Rotational,Medium,1225.9,2.54
M101826,10.4,526.5,54.2,2.071,9.25,0.6,0,Night,High,1367.1,6.18
M101827,13.2,377.1,61.1,3.129,11.03,2.1,2,Day,Medium,1241.1,7.01
M101828,3.5,448.4,72.1,2.937,8.3,0.9,1,Day,High,1338.4,1.99
M101829,6.1,491.5,84.6,2.966,10.9,2.4,0,Night,Medium,1569.2,9.17
M101830,10.0,460.3,80.7,2.331,7.92,1.4,2,Night,Low,1497.5,10.76
M101831,7.2,233.3,75.3,3.916,10.1,1.5,1,Rotational,Medium,1114.1,6.47
M101832,2.5,479.1,68.9,2.073,9.93,4.4,0,Day,High,1406.3,1.35
M101833,8.7,411.4,67.2,3.123,9.27,2.1,4,Night,Low,1218.3,7.29
M101834,9.3,392.0,52.1,2.849,7.95,4.3,1,Day,Medium,1092.0,5.37
M101835,7.4,410.7,58.8,3.265,8.95,1.9,2,Day,Medium,1161.1,5.79
M101836,7.9,283.1,59.2,6.005,10.88,0.0,6,Day,Low,1124.5,9.3
M101837,6.0,436.3,74.3,1.721,11.73,1.1,2,Rotational,Low,1458.8,6.92
M101838,12.9,304.0,78.4,1.004,12.43,4.9,1,Day,Medium,1422.0,3.48
M101839,3.4,395.7,76.1,2.467,10.29,0.4,0,Night,Medium,1404.3,4.06
M101840,4.7,433.3,81.0,1.867,9.88,0.0,0,Day,Low,1455.5,6.78
M101841,7.0,511.3,68.8,0.736,10.17,1.7,0,Day,Medium,1432.1,1.23
M101842,10.5,350.3,77.4,23.764,12.39,1.3,4,Night,Low,1552.1,39.45
M101843,1.0,543.4,67.5,4.392,10.28,0.0,1,Day,Medium,1454.4,7.51
M101844,1.8,500.5,60.0,4.635,9.63,3.0,0,Rotational,Low,1361.6,7.88
M101845,0.0,383.5,75.2,2.878,9.09,0.7,0,Night,Medium,1433.3,5.18
M101846,7.1,325.8,64.1,4.098,9.26,2.9,0,Day,Medium,1236.4,5.17
M101847,2.5,297.3,66.9,2.688,10.08,1.6,1,Rotational,Medium,1275.3,3.6
M101848,5.5,443.1,75.6,4.989,8.37,3.0,1,Day,Medium,1312.7,8.23
M101849,9.6,357.3,59.8,3.649,8.56,1.2,1,Rotational,Medium,1189.4,5.24
M101850,4.4,521.9,78.6,3.26,9.4,0.7,1,Rotational,High,1504.9,5.77
M101851,7.9,362.2,53.2,3.385,8.82,0.5,1,Night,Medium,1029.7,7.67
M101852,5.8,343.4,71.4,6.908,10.39,2.9,2,Day,Medium,1244.9,10.65
M101853,9.7,439.9,67.0,3.61,10.51,0.0,5,Day,Medium,1394.7,7.06
M101854,8.9,361.7,77.1,1.984,9.89,1.6,0,Rotational,Medium,1402.5,5.13
M101855,4.2,420.7,,3.928,10.23,0.2,2,Night,Medium,1096.7,8.4
M101856,6.3,503.8,51.2,4.24,9.68,2.2,1,Night,High,1200.1,9.21
M101857,11.2,430.0,76.3,3.088,5.5,2.6,1,Night,Medium,1209.6,5.51
M101858,8.6,430.3,63.7,3.235,8.19,,3,Rotational,Medium,1206.2,4.87
M101859,1.4,437.4,67.0,1.948,10.56,0.0,1,Day,High,1286.6,1.66
M101860,9.6,276.1,60.7,3.485,8.24,1.7,2,Night,High,1059.8,6.3
M101861,2.7,453.3,78.0,1.809,10.78,1.3,3,Rotational,Medium,1504.5,6.32
M101862,12.7,433.6,71.3,2.929,10.87,1.9,1,Rotational,Medium,1327.3,6.61
M101863,11.1,495.9,70.6,2.376,9.1,0.5,2,Night,Low,1319.2,8.13
M101864,8.2,471.5,55.1,5.427,8.61,3.1,3,Night,High,1191.1,10.26
M101865,7.6,402.8,73.5,7.206,9.51,1.0,1,Day,High,1334.8,9.47
M101866,6.2,507.8,57.1,1.874,9.43,4.1,2,Day,Medium,1189.4,4.53
M101867,9.7,395.1,60.8,3.312,10.44,3.4,3,Night,Low,1257.7,6.22
M101868,5.5,441.0,53.0,2.843,5.99,0.8,1,Night,Low,1022.6,9.38
M101869,7.9,393.6,66.3,4.188,8.4,1.8,2,Day,High,1309.0,5.0
M101870,10.5,459.2,79.7,3.484,7.98,1.8,2,Rotational,Medium,1454.9,9.23
M101871,4.8,388.0,70.5,2.735,5.72,2.2,1,Day,Medium,1272.3,5.06
M101872,4.5,560.0,63.1,3.479,8.76,0.0,2,Night,High,1340.4,6.61
M101873,2.2,591.5,69.2,2.982,7.25,1.7,1,Night,Medium,1497.8,5.82
M101874,2.7,494.3,69.1,7.349,8.92,1.1,3,Rotational,High,1389.8,11.55
M101875,0.0,551.0,68.7,,8.77,5.5,0,Day,High,1458.8,1.07
M101876,9.9,289.2,70.0,3.776,10.18,4.5,2,Day,Medium,1278.8,5.16
M101877,14.2,299.2,56.6,4.284,9.12,3.9,3,Day,Medium,1111.3,4.27
M101878,12.7,392.7,69.2,4.134,6.96,,4,Night,Medium,1150.1,8.48
M101879,0.5,423.5,48.7,2.861,10.02,1.2,3,Day,Medium,1099.9,7.58
M101880,9.9,403.2,74.3,6.581,13.13,0.9,1,Night,Medium,1447.5,11.66
M101881,12.7,280.4,55.9,1.168,11.11,1.7,2,Day,Medium,1043.2,3.2
M101882,5.2,517.9,81.0,1.921,10.52,,2,Rotational,High,1566.8,5.31
M101883,7.4,603.1,41.1,4.626,9.21,0.0,2,Day,High,1136.8,11.83
M101884,0.0,528.9,86.4,2.138,8.76,1.1,4,Day,High,1596.8,8.56
M101885,8.1,512.3,50.0,2.077,8.66,0.0,2,Day,Low,1246.7,5.88
M101886,2.7,439.2,54.8,2.628,9.86,2.0,0,Day,Medium,1316.3,4.03
M101887,7.8,348.3,71.3,2.242,7.8,4.8,1,Rotational,High,1211.4,2.87
M101888,0.8,426.2,74.8,4.566,9.83,0.0,2,Night,High,1394.5,6.73
M101889,9.2,599.0,64.9,5.218,8.5,1.6,1,Night,Medium,1385.6,10.32
M101890,11.1,390.1,77.8,3.47,6.93,2.8,1,Day,Medium,1350.6,6.31
M101891,3.9,381.3,59.2,5.626,8.48,0.0,1,Day,Medium,1147.0,7.52
M101892,2.5,514.1,63.6,1.66,11.38,1.2,2,Day,Medium,1363.0,3.35
M101893,0.0,519.8,64.7,3.449,9.71,2.0,1,Day,High,1479.7,4.04
M101894,5.9,347.9,62.1,6.514,5.5,1.0,1,Day,Low,1125.2,8.96
M101895,4.7,397.8,46.7,5.411,8.49,0.6,0,Day,Medium,959.0,8.38
M101896,0.8,377.3,67.7,6.808,10.85,1.9,1,Night,Medium,1262.1,9.04
M101897,8.8,425.9,66.7,2.472,9.05,1.0,1,Day,High,1292.9,2.41
M101898,5.2,513.8,79.9,5.252,10.29,1.3,1,Rotational,Low,1539.9,10.71
M101899,2.7,351.7,53.9,2.682,8.91,0.8,2,Day,Medium,977.5,5.78
M101900,4.8,512.6,61.0,4.471,9.78,0.3,3,Day,Low,1304.3,6.75
M101901,11.3,428.6,81.2,6.395,9.55,3.7,4,Day,Medium,1532.2,11.45
M101902,9.4,617.7,71.2,2.232,8.53,3.0,4,Night,Low,1535.5,10.58
M101903,6.5,447.1,74.0,1.313,10.36,0.0,1,Rotational,Low,1450.3,6.11
M101904,9.5,411.8,73.0,8.363,11.8,3.7,3,Rotational,Low,1270.6,13.9
M101905,2.4,468.9,73.0,4.238,10.08,2.0,7,Day,Medium,1290.8,10.19
M101906,7.1,391.3,88.0,3.147,9.66,0.0,2,Day,Medium,1465.6,7.2
M101907,7.6,267.4,69.0,3.062,8.24,3.1,1,Rotational,High,1084.4,4.88
M101908,5.1,399.6,56.9,1.164,10.91,0.5,2,Day,Low,1172.9,4.16
M101909,8.7,398.2,75.0,3.685,8.73,3.1,1,Night,Low,1292.3,8.62
M101910,3.9,284.7,61.8,2.546,10.34,0.6,2,Rotational,Medium,1140.5,3.29
M101911,9.0,413.8,66.8,3.408,10.64,0.0,1,Day,High,1277.6,2.82
M101912,9.2,244.3,72.1,3.371,10.98,0.0,2,Day,Low,1306.5,6.1
M101913,0.0,390.4,59.0,0.613,11.01,1.7,0,Rotational,Low,1069.1,3.7
M101914,11.8,440.7,,4.242,10.95,3.2,1,Night,Medium,1322.8,7.52
M101915,0.0,428.2,73.2,3.649,7.62,0.0,1,Day,Low,1294.6,7.9
M101916,4.5,385.1,62.0,3.903,8.21,0.3,2,Rotational,Medium,1192.3,4.34
M101917,11.1,412.7,78.7,3.029,7.44,2.7,3,Night,Medium,1367.2,7.84
M101918,5.7,353.4,57.2,3.402,7.34,0.0,2,Day,Low,1026.1,5.14
M101919,1.1,420.9,57.1,3.62,11.79,0.0,3,Day,High,1237.3,5.13
M101920,2.6,424.9,89.0,3.808,8.02,0.8,1,Rotational,,1506.1,12.48
M101921,11.1,343.5,51.2,4.211,7.81,2.1,2,Rotational,,977.4,10.62
M101922,0.0,442.8,67.7,3.824,9.42,0.7,1,Day,Medium,1347.9,4.05
M101923,11.5,442.2,88.4,8.372,8.38,1.0,3,Day,Medium,1547.4,16.51
M101924,6.8,405.9,67.7,2.309,12.89,1.6,2,Day,High,1278.9,2.52
M101925,2.2,625.8,82.8,2.753,9.09,0.2,1,Day,Medium,1562.1,8.85
M101926,4.7,408.0,75.2,7.741,10.17,0.1,1,Day,Medium,1230.4,11.69
M101927,2.9,396.3,67.9,3.073,8.33,0.9,1,Rotational,Medium,1323.1,3.88
M101928,10.5,384.1,66.6,5.29,7.01,2.2,1,Day,Low,1142.4,8.38
M101929,9.9,337.5,44.7,3.553,8.41,1.7,2,Day,Low,1073.0,9.82
M101930,0.1,478.3,64.5,2.963,8.42,0.1,1,Rotational,Medium,1266.7,5.38
M101931,5.4,361.7,70.6,5.436,8.41,1.4,1,Day,Medium,1364.8,7.14
M101932,3.5,371.7,70.5,4.303,7.1,1.9,4,Day,Low,1206.9,9.0
M101933,12.2,374.2,95.1,1.542,9.7,1.7,1,Night,High,1457.5,11.44
M101934,1.6,336.3,71.1,,8.99,3.4,1,Day,Medium,1240.5,4.5
M101935,13.4,271.2,74.9,2.019,7.19,5.2,3,Day,High,,2.71
M101936,6.9,380.7,80.8,6.269,9.66,2.3,1,Day,Medium,1374.3,9.69
M101937,2.4,494.2,73.9,7.979,10.64,0.4,2,Night,Medium,1513.1,12.4
M101938,4.3,436.7,67.1,8.474,11.3,0.0,3,Day,Medium,,10.69
M101939,3.8,552.6,67.1,3.97,5.87,0.0,2,Rotational,Medium,1330.7,5.87
M101940,1.9,483.8,64.1,2.636,8.4,0.8,1,Day,Medium,1266.6,4.45
M101941,7.4,464.5,72.9,3.9,7.44,1.1,1,Rotational,Medium,1313.2,8.07
M101942,2.1,580.0,66.1,2.075,8.52,2.2,2,Rotational,Low,1432.7,6.34
M101943,0.0,411.7,74.9,10.727,11.58,0.1,5,Day,Low,1512.4,15.54
M101944,5.5,425.4,56.9,6.033,8.41,0.0,2,Rotational,Medium,1228.0,8.45
M101945,0.0,419.0,69.6,3.866,8.79,2.4,3,Day,High,1208.6,5.35
M101946,4.0,551.2,85.1,5.466,8.26,0.0,1,Day,Low,1610.1,11.43
M101947,3.4,420.2,65.5,,11.94,1.3,1,Day,Medium,1300.8,3.72
M101948,3.5,364.9,88.3,1.908,6.05,1.4,2,Rotational,Medium,1354.9,8.06
M101949,15.0,470.0,,1.098,8.67,3.2,0,,Medium,1396.4,1.94
M101950,7.2,350.6,67.4,3.461,8.2,1.2,5,Day,Low,1200.3,7.85
M101951,8.0,465.3,69.3,2.992,6.92,2.3,3,Rotational,Medium,1339.3,5.49
M101952,0.0,455.2,64.6,4.304,11.15,2.0,1,Rotational,High,1320.0,3.59
M101953,4.4,403.9,46.2,3.342,6.8,0.3,1,Rotational,High,896.4,7.35
M101954,7.9,468.1,77.7,4.208,8.81,2.2,1,Rotational,High,1382.4,6.76
M101955,2.9,293.5,92.1,4.981,9.38,1.1,1,Day,High,1311.7,12.44
M101956,10.6,433.9,73.3,1.6,8.37,3.6,1,Day,High,1357.9,2.49
M101957,2.2,380.7,74.0,5.127,6.9,2.1,0,Day,Medium,1228.4,4.3
M101958,5.9,663.3,66.0,2.709,9.25,0.0,1,Night,High,1468.6,6.93
M101959,4.7,433.2,80.7,4.301,8.36,0.9,3,Rotational,High,1389.4,8.79
M101960,7.7,369.3,67.6,5.535,10.71,0.2,2,Rotational,Medium,1329.3,7.51
M101961,4.4,302.8,70.9,5.554,10.27,0.8,2,Night,High,1266.6,10.52
M101962,5.9,531.0,50.8,,12.42,1.9,2,Rotational,Low,1106.5,8.67
M101963,6.1,390.2,62.2,3.63,9.66,2.7,2,Rotational,Medium,1073.4,7.19
M101964,4.1,352.7,72.0,5.186,10.38,0.1,2,Day,High,1358.9,6.52
M101965,8.9,448.6,78.0,1.567,8.96,0.6,1,Night,Medium,1424.3,7.47
M101966,8.0,475.2,92.9,7.316,12.07,1.8,3,Rotational,Low,2048.5,17.49
M101967,6.6,473.9,50.6,2.887,9.52,,0,Day,Low,1172.4,7.04
M101968,5.3,421.7,51.7,1.705,9.35,3.8,2,Day,Medium,1138.5,4.12
M101969,10.2,433.5,74.4,2.898,10.31,6.2,0,Rotational,Medium,1394.3,3.71
M101970,6.1,439.7,59.8,2.82,8.53,0.9,1,Rotational,Medium,1250.1,4.33
M101971,5.8,448.6,77.8,,8.75,0.1,1,Rotational,High,1336.2,4.45
M101972,7.4,456.1,50.1,3.227,10.31,3.3,2,Day,Medium,1149.4,7.33
M101973,13.8,513.0,66.9,5.667,10.6,3.5,2,Day,Medium,1391.3,9.18
M101974,1.6,424.8,67.6,4.422,10.4,0.0,2,Day,High,1328.5,6.43
M101975,10.1,350.6,73.3,3.204,9.38,2.9,0,Day,Medium,1271.6,3.95
M101976,0.0,407.7,56.7,2.811,9.91,2.2,0,Day,Medium,1171.2,2.6
M101977,7.9,484.1,46.4,3.242,10.94,3.8,5,Day,,1204.0,6.47
M101978,13.3,268.1,,3.271,7.86,2.3,1,,High,1198.6,4.52
M101979,9.0,268.6,73.8,,9.5,2.5,1,Night,Medium,1231.3,16.19
M101980,7.7,498.1,79.1,1.602,5.5,1.5,4,Day,Medium,1301.0,4.93
M101981,4.8,549.2,64.1,2.089,10.61,1.1,1,Day,High,1373.8,4.22
M101982,7.1,312.5,76.5,1.942,8.33,0.4,0,Day,Medium,1156.0,3.27
M101983,6.0,428.5,,3.799,8.37,0.4,1,Day,Medium,1363.5,7.32
M101984,3.9,386.0,82.5,3.724,9.32,0.7,0,Rotational,Medium,1390.9,7.17
M101985,5.8,397.8,67.4,2.493,10.43,2.0,3,Day,High,1352.8,2.87
M101986,7.8,446.0,49.0,5.197,13.09,0.0,2,Day,High,1237.6,8.46
M101987,3.9,310.1,67.3,3.994,7.17,2.1,2,Rotational,Low,1158.7,6.87
M101988,3.8,325.9,69.0,5.307,8.23,0.7,2,Day,High,1111.2,6.56
M101989,1.6,394.4,73.7,6.06,9.84,3.6,2,Day,Medium,1280.9,8.32
M101990,8.6,407.6,51.1,1.144,8.41,0.4,5,Night,Medium,1072.3,8.39
M101991,9.2,324.3,64.6,4.678,10.75,0.0,3,Rotational,Medium,1176.9,6.14
M101992,7.9,487.1,77.5,1.742,9.25,1.5,0,Rotational,Medium,1426.3,4.41
M101993,10.9,384.5,66.9,3.761,10.83,0.8,4,Night,High,1225.1,7.95
M101994,7.4,384.1,64.6,3.201,9.13,4.1,0,Day,Medium,1252.5,2.78
M101995,8.6,444.0,89.0,3.27,10.32,0.4,0,Day,Medium,1536.1,9.16
M101996,8.2,409.0,56.2,1.818,8.06,1.3,1,Day,Medium,1191.2,2.94
M101997,6.6,491.2,81.6,5.558,12.41,0.0,1,Rotational,Medium,1481.7,11.58
M101998,4.9,340.7,79.2,1.742,6.95,0.0,1,Rotational,Medium,1359.8,4.17
M101999,15.9,301.2,65.5,4.832,8.44,3.6,2,Rotational,High,1129.2,5.62
M102000,5.2,393.7,67.6,1.623,7.37,0.0,1,Night,Medium,1163.6,3.91
M102001,4.3,425.1,67.6,3.291,10.7,1.4,2,Night,Medium,1310.2,6.76
M102002,8.7,314.5,70.0,8.184,10.31,0.5,2,Day,Medium,1189.6,11.44
M102003,8.0,302.0,61.5,10.814,7.67,2.9,1,Night,Medium,1062.1,17.19
M102004,1.4,435.5,63.3,1.478,11.0,3.2,0,Night,Medium,1362.5,3.78
M102005,11.5,355.6,64.1,2.334,8.45,0.2,2,Day,Medium,,3.66
M102006,6.6,296.5,64.4,2.557,10.08,0.3,1,Rotational,High,1169.5,3.43
M102007,2.6,502.1,64.6,10.253,10.43,1.7,2,Night,Medium,1335.0,16.12
M102008,11.8,366.3,43.4,3.209,9.13,2.3,0,Day,Medium,977.7,8.61
M102009,9.5,517.7,69.1,5.682,10.86,1.6,3,Day,Medium,1404.1,8.68
M102010,1.9,422.4,62.2,3.857,9.28,1.7,1,Rotational,Medium,1158.6,6.59
M102011,14.1,445.1,47.5,1.823,10.01,2.8,1,Day,Low,1233.8,7.16
M102012,9.6,402.0,64.1,1.31,9.09,1.2,1,Night,Medium,1250.0,3.68
M102013,7.0,194.3,63.8,,6.7,1.3,1,Day,Low,1087.2,3.37
M102014,13.4,323.4,82.0,10.574,9.31,5.0,1,Night,High,1382.0,15.78
M102015,7.6,409.3,62.1,3.777,8.19,1.2,1,Day,High,1087.2,4.08
M102016,6.9,451.0,75.3,5.625,11.59,0.0,3,Day,High,1470.6,8.16
M102017,4.4,267.9,83.2,1.634,7.45,2.1,2,Day,Low,1257.9,7.76
M102018,9.3,415.4,61.1,2.822,11.34,3.1,1,Day,High,1253.5,3.25
M102019,8.9,324.6,67.5,4.901,9.23,4.4,1,Rotational,Low,1178.6,8.46
M102020,7.1,439.9,87.0,1.924,10.11,4.7,0,Rotational,Medium,1597.1,7.44
M102021,3.8,418.4,70.5,3.216,7.43,1.2,1,Rotational,Medium,1200.0,6.01
M102022,7.5,483.2,72.1,2.139,9.04,2.8,1,Night,High,1365.6,3.71
M102023,6.7,510.7,63.5,,8.5,0.0,2,Day,Medium,1335.6,7.94
M102024,1.7,459.0,75.6,4.052,12.65,0.2,1,Rotational,Medium,1446.4,8.56
M102025,1.1,493.1,67.6,4.672,8.47,1.4,1,Rotational,Medium,1342.6,6.23
M102026,9.3,390.2,47.8,5.132,11.23,3.7,3,Day,Low,1175.0,9.91
M102027,0.0,660.0,64.1,2.963,11.25,2.1,2,Day,Medium,1553.0,4.69
M102028,7.8,316.4,55.0,5.483,11.21,1.3,4,Night,Low,998.8,12.35
M102029,5.1,375.1,69.2,2.472,8.61,3.0,0,Day,Low,1198.7,3.66
M102030,12.2,496.6,57.9,4.54,12.21,0.6,3,Night,High,1278.2,7.88
M102031,5.0,484.0,73.3,1.239,12.52,0.0,1,Rotational,Medium,1519.9,4.03
M102032,9.6,461.4,68.5,2.286,10.05,0.8,1,Rotational,Low,1321.2,5.36
M102033,5.4,477.4,,10.569,8.8,2.1,4,Day,Medium,1195.1,13.6
M102034,7.5,242.9,62.6,4.506,8.21,1.2,3,Night,High,1016.3,6.51
M102035,9.9,555.1,74.8,4.507,10.21,3.5,2,Day,Medium,1494.0,8.4
M102036,5.1,402.7,80.6,2.199,9.6,1.2,2,Day,High,1515.9,3.46
M102037,11.0,525.9,58.1,1.921,9.77,,2,Day,Low,1437.9,5.63
M102038,3.0,247.2,55.9,2.909,7.48,1.1,1,Rotational,Medium,984.5,6.61
M102039,8.2,441.8,89.5,3.211,9.55,0.5,2,Day,Medium,1470.8,9.55
M102040,10.7,372.1,67.9,8.647,11.22,1.1,4,Night,Medium,1307.7,14.44
M102041,9.6,468.6,69.0,5.526,10.72,2.0,4,Night,High,1471.5,9.55
M102042,14.7,447.0,77.3,8.874,8.88,2.5,0,Day,High,1860.0,10.52
M102043,3.9,451.1,70.4,3.431,9.34,1.4,1,Night,Low,1243.3,7.77
M102044,1.5,330.0,86.9,4.85,7.3,0.5,3,,,1338.6,10.28
M102045,3.0,415.2,70.8,1.717,8.5,0.8,1,Day,High,1215.1,2.28
M102046,9.6,404.7,79.7,1.27,8.99,3.1,0,Day,Medium,1328.8,5.38
M102047,9.0,462.1,68.3,,10.45,1.8,5,Day,Medium,1352.6,10.81
M102048,7.4,504.1,56.7,3.442,8.44,0.4,3,Day,Medium,1181.2,5.12
M102049,2.5,432.8,60.5,1.723,7.95,0.5,1,Day,Low,1221.9,3.53
M102050,10.1,311.5,55.7,1.165,10.64,0.9,3,Rotational,High,1160.5,4.5
M102051,2.1,429.1,70.4,5.191,8.87,2.1,2,Day,High,1235.6,5.92
M102052,11.6,641.9,81.5,2.558,8.24,3.3,1,Rotational,Medium,1656.7,8.26
M102053,18.4,559.9,69.8,4.056,10.72,5.2,2,,Medium,1520.7,6.92
M102054,8.5,167.2,64.6,2.91,10.19,4.3,2,Day,High,1056.3,1.56
M102055,9.3,425.4,59.3,3.264,9.19,2.1,2,Day,Medium,1225.1,6.68
M102056,5.0,499.2,71.9,2.469,8.97,1.2,1,Day,Medium,1429.0,3.15
M102057,0.0,404.5,54.4,3.196,10.07,1.0,0,Night,Low,1222.1,7.17
M102058,4.6,380.9,55.5,4.431,10.31,1.5,2,Day,Medium,1054.8,6.47
M102059,2.6,397.3,77.9,2.893,9.81,6.6,4,Day,High,1436.6,3.38
M102060,1.2,466.9,64.9,2.811,9.68,3.7,1,Day,Medium,1378.5,3.26
M102061,13.9,322.4,64.7,4.499,8.59,3.3,3,Day,Medium,1165.3,6.6
M102062,8.1,521.0,66.1,4.651,8.68,0.5,6,Night,Low,1397.9,11.52
M102063,8.5,415.2,76.0,1.88,9.24,0.5,0,Day,High,1245.9,3.79
M102064,5.8,340.5,69.8,3.272,8.06,1.4,1,Rotational,Medium,1257.3,6.96
M102065,6.3,515.6,59.8,2.555,7.88,1.1,0,Day,Low,1187.0,5.54
M102066,10.9,288.7,60.2,,9.37,3.1,3,Rotational,High,1155.4,4.55
M102067,6.9,372.8,65.9,6.8,10.98,1.8,4,Rotational,High,1387.8,9.03
M102068,9.1,371.4,71.3,3.973,6.39,1.9,1,Rotational,Medium,1307.7,4.94
M102069,6.2,602.2,67.6,9.797,8.91,0.6,4,Night,Medium,1535.3,17.23
M102070,5.6,361.8,66.6,3.705,9.91,2.4,2,Day,Medium,1225.9,4.47
M102071,1.4,236.8,68.5,3.055,11.11,1.7,2,Rotational,Low,1243.6,7.11
M102072,0.0,370.5,67.6,3.288,12.2,0.7,2,Day,Medium,1301.4,3.89
M102073,6.0,458.7,59.4,3.566,9.11,,1,Day,High,1321.6,4.37
M102074,7.2,486.6,80.2,3.902,12.46,1.6,2,Day,Medium,,8.94
M102075,1.9,613.5,62.7,2.022,10.18,0.4,0,Day,,1290.3,2.93
M102076,6.9,539.6,69.4,2.955,10.72,0.0,0,Day,High,1498.2,4.23
M102077,7.2,436.0,45.3,2.311,7.9,2.5,0,Rotational,Medium,951.2,7.65
M102078,0.0,344.2,65.6,5.556,10.18,2.0,1,Night,Medium,1333.5,7.19
M102079,3.3,558.0,55.9,1.268,10.85,2.2,3,,Medium,1382.5,7.58
M102080,8.6,388.7,57.2,3.591,8.47,1.5,2,Night,High,1125.9,4.57
M102081,8.5,364.1,94.6,1.554,5.59,0.9,2,Day,Medium,1520.2,10.28
M102082,2.4,384.5,70.7,4.121,9.72,1.2,0,Night,Low,1310.3,7.66
M102083,7.6,313.6,81.5,2.72,9.18,2.0,0,Night,Low,1273.4,8.99
M102084,11.1,380.5,77.4,1.339,11.52,3.7,2,Night,Medium,1421.2,5.45
M102085,10.1,400.2,78.8,5.318,8.69,5.0,4,Night,High,1469.9,7.8
M102086,6.6,482.1,65.8,0.943,8.44,3.1,2,Day,Medium,1331.7,2.92
M102087,5.1,387.0,85.7,3.268,7.74,0.0,1,Day,High,1284.6,7.51
M102088,4.5,312.3,77.3,4.691,8.55,1.4,3,Night,High,1286.4,7.25
M102089,8.9,283.7,68.5,6.609,13.5,2.3,2,Day,High,1306.4,6.3
M102090,7.8,437.8,70.9,1.484,7.12,0.0,0,Day,Low,1289.6,4.45
M102091,9.5,426.2,66.5,2.565,7.5,2.2,1,Night,Low,1081.2,5.64
M102092,7.5,372.9,68.6,5.708,9.42,2.6,2,,High,1210.6,6.92
M102093,10.3,380.3,67.5,5.904,12.46,3.8,6,Night,Medium,1359.6,10.17
M102094,7.4,453.0,72.2,6.299,10.61,2.3,1,Day,Low,1489.1,9.12
M102095,10.1,538.2,87.1,11.951,11.83,0.8,1,Day,Medium,1596.4,22.4
M102096,10.5,353.7,54.7,2.574,8.92,2.3,2,Rotational,,1039.9,7.56
M102097,3.8,427.6,80.6,4.0,7.41,0.0,2,Rotational,High,1323.7,6.34
M102098,0.0,501.5,63.9,2.793,8.83,0.0,0,Day,High,1346.6,2.77
M102099,13.2,354.0,82.0,1.237,9.31,2.7,0,Day,High,1407.0,3.5
M102100,8.0,418.7,64.3,3.174,9.52,1.9,0,Day,Low,1293.8,6.22
M102101,0.1,416.8,72.5,,9.18,0.0,0,Day,Medium,1303.5,2.75
M102102,4.1,308.5,66.3,2.559,10.39,,1,Night,Low,1162.9,6.15
M102103,10.1,434.3,49.0,1.593,8.43,1.1,0,Rotational,Medium,1126.8,5.77
M102104,5.9,422.7,87.1,4.135,8.11,1.8,1,Rotational,Low,1539.2,11.81
M102105,5.0,467.2,57.6,2.25,7.69,0.0,2,Day,High,1204.1,2.37
M102106,12.6,319.1,68.9,1.36,9.81,2.2,0,Day,Medium,1247.3,3.34
M102107,2.8,420.8,56.4,5.118,9.66,2.7,3,Day,High,1134.0,6.71
M102108,3.8,537.4,53.3,2.455,11.14,2.5,1,Night,Low,1228.6,6.69
M102109,7.8,596.6,65.7,2.675,11.82,0.7,4,Day,Medium,1525.2,4.56
M102110,8.6,528.8,61.5,2.036,7.69,1.6,1,Rotational,High,1259.2,3.85
M102111,9.0,319.9,55.1,5.898,9.54,2.9,5,Night,Medium,1078.1,10.43
M102112,10.6,458.3,67.6,3.801,9.19,1.6,1,Day,Medium,1368.4,5.33
M102113,7.8,378.9,51.7,2.444,7.19,1.5,0,Day,Medium,1068.2,4.89
M102114,9.0,444.1,69.4,1.275,8.71,3.2,1,Day,Low,1277.8,4.68
M102115,6.0,354.4,66.6,11.65,11.85,0.4,2,Day,High,1325.7,13.53
M102116,7.3,274.4,40.7,8.932,8.55,2.2,0,Rotational,Low,927.1,14.41
M102117,7.4,390.7,62.2,6.832,8.3,4.5,3,Night,Medium,1267.7,10.45
M102118,7.9,481.4,73.2,2.336,9.42,5.0,0,Day,Medium,1385.2,3.62
M102119,10.1,444.5,56.3,2.584,10.87,2.4,1,Day,Low,1225.6,6.02
M102120,9.2,454.3,73.6,4.057,9.04,2.0,2,Night,High,1315.7,6.49
M102121,7.2,438.4,72.8,2.124,9.69,1.8,1,Rotational,Low,,6.03
M102122,3.8,454.4,56.8,2.024,6.07,0.0,0,Day,Medium,1183.5,4.87
M102123,7.3,465.0,67.9,6.885,10.36,1.5,0,Night,Low,1364.5,10.88
M102124,6.9,396.7,77.1,3.23,9.83,0.6,0,Rotational,Low,1470.4,6.95
M102125,7.8,427.0,58.4,1.897,10.83,1.4,2,Night,Medium,1262.7,5.73
M102126,15.8,568.2,65.7,5.346,6.7,3.8,0,Night,High,1291.1,8.86
M102127,4.9,432.1,80.7,2.492,9.05,1.3,1,Rotational,High,1432.4,4.82
M102128,8.7,423.6,58.6,1.234,10.95,1.6,1,Day,Low,1230.8,4.6
M102129,11.3,428.7,73.1,1.882,8.66,0.1,1,Day,High,1365.8,2.49
M102130,7.4,401.5,56.1,2.564,9.58,0.0,0,Day,Medium,1317.8,5.41
M102131,16.4,383.0,66.2,3.706,8.89,3.3,0,Day,Medium,1320.7,3.84
M102132,5.5,437.7,72.9,3.618,8.92,2.8,1,Rotational,Medium,1416.5,5.07
M102133,8.3,377.0,41.6,6.134,11.25,2.4,1,Rotational,Medium,956.5,11.91
M102134,3.8,407.6,62.1,2.949,7.36,0.0,0,Rotational,Low,1257.0,5.85
M102135,5.6,352.8,72.7,2.63,9.42,0.5,1,Day,High,1326.5,2.02
M102136,8.0,429.2,70.5,6.187,9.88,1.2,3,Rotational,Low,1425.0,12.5
M102137,10.4,469.7,62.3,5.416,10.91,6.2,0,Night,Medium,1217.8,7.67
M102138,8.3,402.0,55.8,2.984,9.32,2.6,3,Day,High,1111.1,4.12
M102139,12.0,249.3,74.9,3.842,10.95,2.2,2,Day,Medium,1289.6,5.98
M102140,6.6,470.2,64.5,2.618,9.42,2.4,0,Rotational,Medium,1209.1,4.87
M102141,5.7,430.2,74.0,1.857,9.68,1.8,2,Rotational,Medium,1462.0,4.28
M102142,17.8,335.6,72.2,9.96,9.62,4.4,4,Night,High,1302.8,16.72
M102143,8.6,485.7,63.1,2.532,10.48,3.2,2,Day,Medium,1340.9,4.25
M102144,4.1,301.1,79.8,3.848,10.31,0.7,1,Rotational,Low,1275.7,7.47
M102145,4.2,508.9,61.5,1.556,7.83,1.9,0,Rotational,High,1230.1,1.48
M102146,3.2,415.1,81.1,4.798,9.83,1.1,4,Night,Low,1364.7,11.22
M102147,10.7,227.1,82.5,1.817,10.31,3.5,0,Rotational,Low,1274.1,5.13
M102148,5.5,435.2,79.6,7.683,11.69,2.8,2,Day,Medium,1534.4,9.78
M102149,7.5,385.5,66.0,8.156,7.99,4.5,6,Rotational,Low,1186.6,12.01
M102150,6.7,372.7,96.0,4.405,10.31,0.0,1,Rotational,Low,1608.3,16.94
M102151,9.9,357.3,69.7,3.516,8.98,0.0,1,Night,Medium,1162.3,7.98
M102152,3.6,409.2,70.7,3.023,9.79,2.8,3,Rotational,High,1212.1,4.65
M102153,2.7,378.8,,3.242,7.89,0.0,0,Day,Low,1287.0,4.81
M102154,7.9,262.2,55.6,4.074,9.48,0.8,1,Day,High,989.5,5.54
M102155,9.4,528.1,82.2,3.472,9.98,1.7,1,Rotational,Medium,1537.6,8.74
M102156,8.3,399.2,,5.424,8.04,3.7,2,Rotational,High,1125.7,7.15
M102157,3.8,357.8,78.1,2.098,11.67,2.6,2,Day,Medium,1410.9,4.82
M102158,9.7,324.1,80.8,7.128,7.18,2.1,3,Rotational,Medium,1381.5,13.54
M102159,4.0,485.5,74.6,,10.31,0.0,1,Day,Low,1394.5,5.9
M102160,4.9,309.6,60.4,2.287,5.86,0.0,1,Day,Medium,934.9,3.68
M102161,3.2,431.4,64.2,3.98,9.12,0.7,0,Day,High,1188.3,4.42
M102162,12.2,370.4,38.6,4.109,10.22,0.9,0,Rotational,Medium,977.8,10.82
M102163,9.5,375.3,66.7,1.393,10.57,0.6,2,Rotational,Medium,1198.2,5.32
M102164,9.4,326.2,76.8,2.61,9.34,2.7,3,Day,Medium,1242.9,4.61
M102165,12.0,367.3,65.4,1.121,9.14,3.1,2,Rotational,Low,1087.4,4.59
M102166,18.3,420.7,61.5,2.368,10.35,1.6,0,Day,Low,1269.6,5.48
M102167,0.2,440.0,64.7,,10.93,2.2,1,Rotational,High,1361.4,2.94
M102168,4.0,353.2,81.4,3.853,11.57,2.5,4,Rotational,Medium,1368.1,7.29
M102169,4.5,412.3,67.4,2.239,7.56,0.6,1,Rotational,High,1192.5,3.69
M102170,3.6,495.5,88.4,2.521,9.2,1.0,2,Day,High,1571.6,6.75
M102171,2.7,278.7,61.7,6.372,6.21,0.9,1,Day,High,1055.4,7.28
M102172,5.8,419.5,70.4,9.319,7.45,1.8,2,Night,Low,1272.0,17.84
M102173,2.1,339.2,63.2,2.095,8.44,1.9,1,Day,Medium,1154.3,3.33
M102174,8.3,330.5,90.8,5.527,10.8,0.0,3,Day,Medium,1453.2,12.68
M102175,7.2,442.2,70.0,4.031,8.78,3.3,2,Night,Medium,1356.1,8.81
M102176,8.9,373.7,91.4,1.392,9.07,4.6,2,Day,High,1504.8,6.26
M102177,9.0,316.6,63.4,2.235,9.95,0.0,2,Night,High,1115.8,4.01
M102178,9.4,532.6,84.8,0.731,8.49,1.3,0,Day,Low,1517.3,7.67
M102179,5.5,498.2,69.3,3.903,6.51,0.6,0,Day,Medium,1338.5,5.72
M102180,15.5,255.8,77.2,1.938,8.38,3.8,0,Night,High,1244.9,4.63
M102181,7.9,294.7,54.6,3.55,9.32,2.8,4,Night,High,983.0,5.8
M102182,0.0,470.4,71.8,12.0,10.2,1.8,3,Day,Medium,1393.3,14.56
M102183,3.0,395.8,56.2,7.364,9.19,2.4,1,Day,Low,1123.3,10.49
M102184,0.0,547.5,70.8,2.263,10.18,1.0,1,Rotational,Medium,1342.3,4.48
M102185,7.1,472.4,51.3,2.005,10.89,2.4,1,Night,Medium,1303.5,6.62
M102186,6.5,445.5,67.0,6.338,11.18,0.0,5,Day,High,1328.5,10.14
M102187,5.1,333.1,80.1,2.009,9.76,2.5,2,Night,High,1296.5,4.91
M102188,15.0,461.8,74.0,5.45,7.79,3.7,1,Day,High,1347.5,6.67
M102189,9.2,311.6,54.4,12.0,7.63,0.4,1,Day,Low,987.7,18.59
M102190,9.9,530.9,47.1,4.654,7.77,0.0,3,Rotational,Medium,1223.5,8.67
M102191,3.3,455.9,73.5,6.001,7.89,1.2,2,Rotational,High,1411.3,9.22
M102192,3.0,349.9,85.4,5.663,9.65,1.1,2,Day,Medium,1408.3,8.38
M102193,7.1,488.4,57.4,2.513,12.33,1.9,3,Night,,1376.2,6.99
M102194,7.7,610.5,91.1,3.839,9.82,2.8,3,Day,Medium,1707.0,13.68
M102195,0.0,401.5,67.9,2.058,9.37,4.2,0,Night,Medium,1173.6,4.07
M102196,6.3,466.8,46.5,6.328,10.94,1.9,1,Rotational,High,1159.4,11.55
M102197,7.1,383.3,50.8,1.93,8.26,,0,Rotational,High,1025.7,3.34
M102198,6.1,427.3,76.5,,11.06,2.0,0,Day,,1382.1,7.45
M102199,3.7,291.9,69.4,5.847,10.95,0.3,0,Day,Medium,1265.0,6.46
M102200,4.8,420.0,84.3,2.597,9.59,2.6,1,Day,Low,1585.3,8.18
M102201,6.3,423.7,54.8,2.315,12.64,0.2,1,Day,Low,1198.8,6.54
M102202,7.4,572.9,69.3,3.05,11.17,0.0,4,Day,High,1502.1,6.12
M102203,9.4,267.4,68.1,2.125,9.57,4.2,1,Day,Medium,1165.9,2.78
M102204,11.3,396.1,66.4,3.59,9.28,3.2,0,Rotational,Medium,1369.1,5.25
M102205,5.8,529.5,63.8,2.099,8.85,1.9,1,Night,Medium,1309.5,5.25
M102206,5.2,399.4,64.0,2.177,9.3,1.7,0,Day,Low,1334.5,3.89
M102207,8.8,405.4,69.9,4.364,9.35,1.4,3,Night,Low,1187.4,7.84
M102208,9.4,349.2,71.3,4.521,9.02,1.0,0,Day,Medium,1214.5,5.44
M102209,5.3,340.7,70.8,2.867,9.18,0.0,1,Night,Medium,1295.3,7.33
M102210,10.2,264.8,81.3,1.458,7.71,2.3,3,Day,Medium,1116.4,4.98
M102211,10.9,366.5,54.8,5.962,8.65,2.4,0,Day,Medium,1077.2,7.66
M102212,12.2,335.9,48.1,,7.1,0.0,2,Day,Low,877.4,7.87
M102213,14.1,430.0,79.2,9.311,10.12,0.6,4,Day,Medium,1349.2,14.61
M102214,3.5,353.0,57.6,3.107,9.62,3.3,3,Day,Medium,1237.0,4.53
M102215,7.1,379.2,63.8,3.553,9.32,1.5,4,Day,High,1272.2,3.91
M102216,7.0,381.6,61.3,2.675,10.83,1.8,2,Rotational,,1237.1,6.32
M102217,6.6,415.9,61.0,3.75,8.2,4.6,2,Day,Medium,1265.2,5.69
M102218,4.4,375.1,52.0,12.0,8.43,0.7,3,Day,Medium,1097.3,16.22
M102219,1.1,329.7,61.7,2.789,7.28,0.2,0,Night,Medium,1153.8,5.55
M102220,7.4,427.3,75.1,6.285,11.03,1.6,4,Day,Low,1428.4,11.64
M102221,3.9,510.7,68.0,3.474,10.41,2.0,1,Night,Low,1375.9,6.55
M102222,7.3,430.9,73.5,5.971,11.49,0.5,2,Night,Low,1367.0,12.61
M102223,3.8,368.2,62.5,1.264,11.87,2.4,1,Rotational,Low,1239.0,4.43
M102224,2.6,409.5,77.9,8.78,8.86,2.3,1,Night,Medium,1270.7,12.37
M102225,7.9,245.7,62.4,3.937,8.43,0.3,2,Night,High,1062.7,5.54
M102226,7.6,408.2,44.8,2.904,6.81,3.8,2,Rotational,Medium,1076.6,9.07
M102227,9.3,386.0,71.5,5.216,7.85,3.0,2,Day,Medium,1207.3,7.34
M102228,15.7,340.7,76.4,3.568,9.01,5.5,2,Day,Medium,1288.6,5.32
M102229,8.1,356.1,61.8,1.87,6.41,1.0,1,Rotational,Medium,970.1,4.17
M102230,8.9,385.1,81.2,0.988,7.88,0.9,1,Night,Medium,1360.8,5.85
M102231,2.7,504.4,58.6,8.273,9.38,2.0,3,Day,Medium,1451.4,11.29
M102232,1.9,512.8,75.4,2.97,10.84,2.3,0,Rotational,Low,1496.9,6.64
M102233,13.3,341.1,87.2,2.444,8.42,2.7,1,Day,Medium,1448.6,8.98
M102234,3.3,376.0,68.4,2.541,9.69,1.3,1,Night,Medium,1235.3,4.51
M102235,2.8,378.1,65.5,6.905,12.3,1.5,3,Day,Medium,1338.7,10.68
M102236,6.8,488.8,66.8,2.599,6.79,2.4,1,Night,Low,1240.3,4.49
M102237,6.6,432.4,85.9,4.582,11.13,1.9,0,Day,High,1538.9,8.0
M102238,3.4,427.9,72.4,2.809,10.07,1.6,4,Day,High,1259.3,4.79
M102239,5.8,465.6,91.6,1.773,11.4,1.9,1,Day,Medium,1687.3,9.59
M102240,11.9,369.3,71.1,5.21,10.95,1.9,4,Day,High,1346.8,7.75
M102241,3.8,535.9,60.8,5.763,8.51,2.2,2,Night,High,1346.1,5.39
M102242,1.4,419.9,61.6,2.364,9.5,0.3,1,Rotational,Low,1205.7,6.67
M102243,10.8,347.2,68.7,,7.31,2.2,0,Rotational,Low,1210.9,5.24
M102244,9.0,400.5,45.5,3.485,8.72,1.9,1,Rotational,Medium,1121.5,7.77
M102245,4.5,524.7,62.8,4.148,9.54,2.4,4,Day,High,1293.6,3.99
M102246,0.7,383.9,63.0,,9.96,1.5,1,Day,Medium,1270.1,11.75
M102247,4.0,500.7,70.6,2.824,10.68,0.0,0,,High,1422.9,3.88
M102248,6.8,366.8,89.4,2.815,11.87,1.6,0,Day,High,1614.3,7.04
M102249,11.7,354.9,68.6,3.041,8.85,0.7,1,Day,High,1183.1,2.7
M102250,2.9,476.1,46.9,2.073,11.22,1.0,0,Day,Medium,1146.3,6.0
M102251,6.7,345.7,57.9,1.403,9.9,1.7,1,Rotational,Medium,1196.5,2.37
M102252,9.7,489.9,70.9,3.55,7.54,1.6,1,Day,Medium,1328.6,8.31
M102253,0.0,449.9,69.0,4.322,9.27,0.1,3,Day,Medium,1356.3,6.65
M102254,11.1,345.7,,,9.67,3.1,2,Rotational,Low,1457.5,11.44
M102255,2.3,413.9,,3.218,8.24,2.0,2,Night,Low,,9.4
M102256,8.3,373.4,78.2,2.118,7.94,0.0,1,Day,Low,1213.6,6.12
M102257,8.0,449.7,65.6,3.767,7.89,0.0,0,Day,Medium,1297.9,4.63
M102258,11.3,580.5,80.1,3.614,8.68,0.7,2,Day,Medium,1501.1,9.17
M102259,9.2,388.5,58.1,4.21,8.2,2.7,5,Rotational,Low,1046.0,9.14
M102260,0.0,465.4,78.7,3.903,11.35,,2,Rotational,Medium,1593.8,8.52
M102261,3.9,422.1,64.9,4.043,5.82,2.2,1,Day,Medium,1244.2,5.06
M102262,7.6,422.0,52.1,6.42,9.67,2.1,3,Rotational,Medium,1070.2,13.12
M102263,6.2,406.0,74.5,4.42,10.29,2.6,1,Day,High,1227.3,5.75
M102264,8.9,347.1,83.4,4.222,8.06,2.5,3,Rotational,Medium,1333.7,8.57
M102265,10.2,448.5,63.5,1.389,9.15,3.0,1,Rotational,Medium,1367.8,4.43
M102266,9.4,395.5,85.2,5.622,8.99,1.5,0,Day,High,1373.7,9.55
M102267,6.1,343.1,49.8,2.861,9.38,1.1,2,Night,High,1014.6,6.14
M102268,0.0,506.2,54.8,3.454,10.49,1.4,2,Rotational,Medium,1200.3,6.34
M102269,5.2,428.4,66.4,1.757,10.36,2.0,1,Night,Medium,1328.2,3.95
M102270,8.7,400.6,63.9,9.44,8.6,2.2,1,Night,Low,1208.2,13.8
M102271,2.6,533.9,70.9,3.206,7.24,2.6,1,Day,Low,1746.8,6.66
M102272,9.5,263.9,69.5,6.987,9.75,0.7,1,Day,High,1086.7,9.57
M102273,10.6,528.2,62.2,4.107,8.51,1.9,6,Day,Medium,1324.4,8.44
M102274,7.5,345.2,64.1,1.281,8.71,1.6,0,Day,High,1221.0,1.11
M102275,0.0,438.0,71.1,9.191,9.84,2.4,7,Day,Medium,1316.7,13.44
M102276,1.9,370.0,60.7,4.293,8.85,3.3,0,Rotational,Medium,1199.6,5.63
M102277,14.5,341.5,66.8,1.021,9.96,4.2,1,Day,Low,1220.3,3.81
M102278,4.8,531.7,60.9,2.688,13.27,0.0,1,Rotational,Medium,1539.7,4.59
M102279,0.0,577.8,54.7,4.337,10.53,3.2,1,Rotational,High,1412.3,6.0
M102280,11.9,401.2,76.4,7.819,11.52,3.2,1,Day,Medium,1439.1,11.48
M102281,7.1,448.5,86.8,2.706,10.27,0.0,2,Day,Medium,1533.3,7.77
M102282,11.4,424.8,79.7,0.884,9.62,3.5,1,Rotational,Low,1426.5,7.19
M102283,8.1,567.1,71.6,6.886,10.29,1.8,4,Rotational,Medium,1484.1,15.16
M102284,8.8,240.4,60.9,4.259,10.22,0.0,0,Day,Low,1074.7,7.36
M102285,8.5,452.1,64.8,1.087,10.79,1.6,1,Day,Medium,1217.9,2.22
M102286,9.8,358.2,79.6,3.941,9.59,1.7,1,Rotational,Low,1462.6,9.39
M102287,16.1,219.7,42.9,4.155,7.54,3.4,2,Day,Low,744.5,11.1
M102288,10.9,389.4,64.0,2.823,7.3,3.7,2,Day,High,1252.8,2.6
M102289,0.7,577.1,76.1,2.195,10.19,3.3,2,Day,Medium,1468.0,4.33
M102290,8.8,364.2,55.5,2.448,7.81,2.6,3,Rotational,High,1052.2,3.88
M102291,11.6,487.2,72.7,2.822,10.53,2.2,5,Day,Medium,1434.4,6.06
M102292,11.8,521.9,72.1,3.964,11.51,0.0,3,Night,Medium,1484.5,7.67
M102293,5.3,418.9,52.0,4.924,9.17,3.8,1,Night,Medium,1035.0,8.23
M102294,11.7,430.2,69.0,1.134,11.32,2.1,1,Rotational,Medium,1411.0,4.26
M102295,10.7,274.1,61.2,3.773,9.89,0.7,3,Day,Medium,1071.9,4.89
M102296,17.3,359.1,72.6,4.237,9.54,2.1,3,Day,High,1321.7,7.13
M102297,4.0,497.1,75.4,3.613,9.61,0.0,2,Rotational,Medium,1556.9,6.27
M102298,5.0,425.2,72.4,2.712,8.25,0.0,0,Night,Medium,1310.8,6.41
M102299,5.8,451.2,68.8,6.752,8.06,2.2,6,Rotational,Low,1308.6,13.15
M102300,5.0,431.3,71.2,6.503,7.03,2.9,4,Day,Low,1207.8,10.56
M102301,3.4,606.3,55.1,2.765,8.4,1.7,2,Day,Medium,1308.7,5.49
M102302,0.0,383.4,,3.185,12.71,1.1,1,Rotational,Medium,1268.2,4.89
M102303,5.3,556.5,59.2,4.884,7.26,1.0,3,Day,High,1263.5,7.83
M102304,8.5,431.3,79.3,,7.74,0.2,4,Day,Medium,1394.9,9.9
M102305,5.0,564.0,75.5,2.208,8.29,0.0,1,Day,Medium,1394.9,5.24
M102306,14.7,315.9,75.5,1.968,8.36,3.0,0,Rotational,Low,1193.5,5.28
M102307,7.1,435.7,86.8,3.808,9.9,0.0,1,Day,Low,1545.8,10.64
M102308,12.2,386.5,64.4,1.893,8.58,6.3,0,Day,High,1191.2,1.06
M102309,8.0,431.9,62.0,1.255,9.2,2.4,1,Day,Low,1223.8,4.66
M102310,10.3,523.9,64.1,2.203,8.23,0.0,2,Rotational,Medium,1399.2,4.33
M102311,8.1,452.2,50.4,4.09,8.79,0.3,1,Night,High,1060.5,7.9
M102312,12.5,523.7,51.2,7.22,9.41,3.7,5,Day,High,1137.4,11.59
M102313,7.2,363.0,74.8,2.329,9.3,1.0,1,Rotational,Low,1324.4,5.51
M102314,9.0,350.1,52.7,3.12,12.47,1.1,2,Day,High,1281.5,3.48
M102315,8.5,421.4,56.2,3.589,9.46,1.0,1,Day,Low,1211.3,7.83
M102316,5.8,416.7,66.9,,9.19,0.9,1,Day,Low,1269.0,4.71
M102317,8.6,404.2,63.5,2.308,5.75,3.1,1,Night,Medium,1159.1,4.23
M102318,15.9,338.5,77.7,3.925,9.86,6.2,2,Rotational,Low,1302.9,8.37
M102319,5.9,521.9,68.7,1.824,6.54,0.3,2,Night,Medium,1392.2,5.27
M102320,8.7,389.2,59.2,2.262,10.33,1.3,2,Night,High,1149.8,4.2
M102321,12.0,541.2,78.7,3.0,9.71,2.6,3,Night,High,1496.5,7.49
M102322,11.6,421.1,76.0,3.901,10.7,0.4,1,Day,Low,1499.8,7.59
M102323,7.0,475.1,52.5,1.556,8.55,0.2,1,Rotational,Low,1173.4,7.66
M102324,0.0,467.4,70.8,,9.54,0.3,0,Night,,1411.9,6.19
M102325,9.1,349.9,60.1,1.741,10.51,1.8,0,Night,Medium,1121.7,3.71
M102326,0.0,451.2,,2.358,8.11,0.7,1,Night,Medium,1166.4,6.41
M102327,12.9,583.9,88.6,4.925,10.42,3.4,2,Day,Low,1673.6,12.82
M102328,7.7,441.4,69.4,3.2,10.35,0.5,3,Night,Medium,1360.0,8.88
M102329,11.0,496.6,65.6,7.649,9.3,1.7,1,Day,Medium,1316.0,9.14
M102330,3.4,478.9,68.9,3.202,11.87,4.1,0,Night,Low,1330.7,6.09
M102331,0.8,446.1,77.6,5.387,10.27,0.4,1,Rotational,Low,1454.5,8.44
M102332,8.0,435.9,60.3,4.94,6.99,0.7,1,Day,High,1176.6,5.29
M102333,6.9,466.5,62.2,3.298,10.98,2.4,1,Day,High,1378.1,7.0
M102334,5.0,484.9,,1.72,8.51,2.0,0,Night,Low,1299.2,6.25
M102335,7.3,305.1,51.3,3.15,10.7,2.8,2,Night,Low,988.3,8.92
M102336,18.1,441.0,78.9,2.544,9.94,0.9,4,Day,High,1391.2,5.72
M102337,10.3,404.4,50.3,2.495,5.54,4.8,0,Day,Medium,872.7,4.67
M102338,11.2,386.7,65.3,3.589,10.41,0.0,0,Day,Low,1291.2,6.31
M102339,10.4,530.2,50.4,1.608,9.17,1.3,0,Rotational,Medium,1173.1,6.45
M102340,12.9,357.7,56.4,2.145,8.81,2.4,3,Rotational,Medium,1071.5,5.21
M102341,6.2,301.4,82.3,2.002,8.87,1.1,1,Night,Low,1315.1,8.93
M102342,0.0,487.6,79.5,2.924,10.68,0.9,0,Rotational,High,1428.0,4.68
M102343,6.2,299.3,80.7,2.261,8.12,0.9,3,Day,Medium,1253.9,5.8
M102344,10.2,256.1,52.1,2.337,11.17,3.6,1,Night,Low,1081.5,6.62
M102345,3.1,497.2,56.4,3.553,7.22,1.7,2,Day,High,1088.6,5.3
M102346,6.3,433.5,71.7,2.657,9.94,0.0,1,Day,Medium,1302.8,4.94
M102347,4.2,460.2,75.9,3.328,10.66,3.0,0,Day,Medium,1460.6,6.41
M102348,13.0,382.4,59.2,1.901,10.62,0.0,0,Day,Low,1307.3,5.66
M102349,10.0,302.3,61.6,2.194,9.78,2.6,2,Day,Medium,1182.4,3.61
M102350,9.6,319.2,,9.211,9.19,3.5,4,Night,Medium,1077.5,13.82
M102351,9.5,396.9,86.2,2.343,8.68,1.0,2,Day,Medium,1535.7,7.57
M102352,6.9,311.8,62.8,1.158,7.67,0.0,1,Rotational,Medium,1046.5,2.87
M102353,7.8,446.1,68.3,3.94,8.47,2.2,2,Rotational,Medium,1357.6,6.43
M102354,2.3,380.7,68.9,2.33,8.06,3.2,1,Day,Low,1263.9,5.4
M102355,0.0,435.7,80.2,3.751,7.81,2.1,5,Day,Medium,1444.8,9.21
M102356,7.6,433.2,57.5,3.175,12.21,0.3,2,Rotational,High,1393.3,6.75
M102357,8.3,452.9,80.9,4.371,6.92,0.5,3,Night,High,1348.8,8.3
M102358,11.8,462.5,53.9,3.159,11.19,3.1,2,Rotational,Medium,1214.7,7.63
M102359,13.3,390.8,80.8,2.965,7.65,3.9,3,Day,High,1343.9,5.03
M102360,13.3,435.6,49.1,5.894,7.97,,2,Rotational,High,1150.8,10.07
M102361,3.0,440.1,66.8,1.095,7.94,0.0,1,Night,Medium,1176.3,4.13
M102362,5.6,213.5,85.9,1.711,7.83,1.3,0,Day,Low,1313.3,7.02
M102363,8.9,475.0,75.7,2.198,10.88,0.5,0,Day,Low,1321.1,6.88
M102364,17.1,432.7,72.6,1.424,10.38,1.3,4,Night,High,1399.2,5.46
M102365,12.9,467.9,56.5,2.612,9.15,4.9,1,Night,Medium,1151.5,5.43
M102366,11.5,310.6,59.9,2.487,13.56,5.1,0,Day,Medium,1198.8,2.45
M102367,5.4,393.2,82.8,5.405,9.47,1.3,1,Rotational,Medium,1390.9,11.37
M102368,3.5,327.2,73.2,3.177,9.59,1.7,0,Rotational,Low,1279.3,6.32
M102369,10.2,483.3,77.8,2.985,8.47,4.9,1,Night,Low,1433.6,7.36
M102370,2.6,300.6,68.8,2.746,8.29,4.3,2,Night,Low,1246.7,6.4
M102371,6.0,341.1,,1.962,8.7,0.1,1,Rotational,Medium,1097.8,4.61
M102372,6.5,465.4,76.4,5.183,10.78,1.6,2,Day,Medium,1455.4,11.35
M102373,13.4,366.5,70.9,6.08,10.36,2.0,5,Night,Low,1310.6,10.81
M102374,5.6,341.1,66.1,1.811,11.44,1.1,1,Day,Medium,1231.1,3.04
M102375,0.0,497.1,52.4,7.464,8.42,0.0,5,Day,Low,1185.1,12.59
M102376,9.0,500.6,78.5,2.374,10.38,2.3,1,Rotational,Medium,1479.1,7.28
M102377,4.2,481.4,72.8,2.279,9.96,3.2,0,Day,Medium,1502.6,3.13
M102378,7.2,492.1,61.3,4.206,10.15,1.1,1,Night,Medium,1355.7,7.08
M102379,6.7,400.3,81.0,4.397,8.2,1.0,3,Day,High,1407.5,8.0
M102380,5.9,402.6,70.7,3.204,7.94,0.0,3,Night,Low,1401.8,7.93
M102381,10.2,364.9,70.9,2.792,10.31,3.8,1,Rotational,Low,1284.0,7.09
M102382,0.9,434.3,77.7,5.967,10.81,0.8,5,Day,Medium,1483.9,12.92
M102383,4.9,375.1,75.4,2.431,8.57,1.6,1,Day,Medium,1264.7,3.41
M102384,9.7,383.2,71.2,3.208,10.41,1.7,1,Day,High,1313.8,4.59
M102385,4.5,471.0,65.9,7.744,11.3,1.2,2,Night,Medium,,13.42
M102386,0.6,520.7,89.8,1.701,8.96,0.7,2,Night,High,1594.4,8.65
M102387,9.7,453.9,59.9,2.64,7.34,0.0,1,Day,Medium,1235.4,5.41
M102388,11.5,572.5,76.2,5.543,7.53,2.7,0,Night,High,1463.2,10.28
M102389,6.8,360.0,67.1,4.323,8.49,2.3,0,Rotational,Medium,,5.08
M102390,0.0,263.8,73.0,5.191,8.83,0.0,4,Night,Medium,1149.2,8.19
M102391,9.8,480.7,81.6,1.714,9.45,3.0,0,Night,High,1415.4,5.52
M102392,0.4,354.4,64.6,3.898,9.48,0.0,1,Day,Medium,1190.6,4.9
M102393,8.2,396.7,74.6,2.879,9.09,0.6,1,Night,Medium,1284.4,6.19
M102394,3.5,269.6,70.9,10.342,10.52,0.7,1,Rotational,High,1274.8,15.8
M102395,2.4,343.6,60.9,4.976,8.36,0.0,0,Day,Medium,1144.0,6.2
M102396,5.2,292.3,81.8,3.283,11.4,1.8,3,Day,Low,1346.6,7.59
M102397,6.3,383.1,75.8,3.83,10.91,1.7,0,Day,Low,1384.6,7.37
M102398,4.4,386.5,63.2,3.411,10.8,0.4,2,Night,Low,1248.1,7.23
M102399,9.4,427.6,80.1,4.709,8.51,1.4,3,Night,Medium,1326.4,9.52
M102400,5.2,525.4,58.9,2.164,9.33,2.3,0,Day,Medium,1279.8,3.97
M102401,10.9,477.5,67.7,6.571,10.58,2.1,3,Day,Medium,1361.4,7.65
M102402,8.1,282.1,63.3,1.712,9.2,1.9,1,Day,,1163.3,3.69
M102403,4.2,471.7,76.3,3.679,8.45,2.5,1,Night,Low,1303.5,7.67
M102404,3.5,429.5,62.7,2.199,8.39,1.4,2,Night,Medium,1197.1,5.75
M102405,0.4,411.7,76.3,3.392,8.46,0.0,1,Day,Low,1410.6,6.67
M102406,8.2,418.1,74.5,5.441,7.76,0.8,3,Night,Medium,1294.2,9.96
M102407,5.6,437.4,63.9,1.41,13.81,0.9,0,Rotational,,1429.6,2.4
M102408,0.0,361.2,88.1,3.05,6.57,1.6,2,Day,Medium,1396.4,9.43
M102409,4.9,404.5,59.8,1.616,8.03,0.0,0,Day,High,1210.4,1.84
M102410,3.4,520.6,52.5,2.887,10.39,1.6,2,Day,High,1237.9,4.75
M102411,13.3,360.2,77.4,1.614,8.48,3.4,0,Night,High,1223.1,3.04
M102412,0.2,332.5,44.4,3.6,8.97,1.3,3,Rotational,Medium,957.7,10.36
M102413,1.2,414.8,84.4,2.683,10.09,0.0,2,Day,Medium,1499.9,7.05
M102414,11.4,323.9,69.1,4.824,11.05,4.6,3,Rotational,Medium,1326.5,6.82
M102415,12.4,273.6,52.3,6.137,9.09,0.6,2,Day,Medium,944.2,11.3
M102416,4.0,390.7,57.6,3.338,10.88,1.2,2,Rotational,Medium,1179.9,5.15
M102417,4.5,543.1,50.0,5.19,6.95,1.1,4,Rotational,High,1139.7,9.8
M102418,9.5,416.7,72.2,6.628,8.59,6.0,4,Night,High,1411.0,11.06
M102419,0.0,435.2,53.4,2.094,10.24,2.0,0,Day,Low,1173.7,5.11
M102420,0.0,238.9,73.5,6.804,12.46,2.0,1,Day,Low,1279.4,9.25
M102421,5.9,457.2,64.6,3.259,8.05,0.0,0,Day,Low,1270.7,6.21
M102422,13.2,427.9,62.8,2.036,7.79,1.2,1,Day,High,1074.6,3.31
M102423,5.3,363.5,73.6,3.854,10.01,0.8,1,Rotational,Medium,1330.5,6.15
M102424,7.4,435.3,74.9,3.203,9.58,0.0,2,Night,Medium,1371.9,8.13
M102425,11.5,434.5,80.6,1.643,8.42,0.6,1,Night,High,1344.1,6.85
M102426,15.4,329.9,61.0,1.915,7.67,4.8,1,Day,Low,1227.5,4.04
M102427,4.7,448.2,67.7,7.528,8.73,0.8,1,Day,Medium,1387.9,10.75
M102428,6.9,521.8,61.0,3.816,10.28,0.3,0,Rotational,Low,1355.1,9.48
M102429,14.3,400.6,69.8,6.965,9.0,1.3,2,Night,Medium,1292.8,12.43
M102430,0.9,346.3,59.4,2.696,11.26,0.8,0,Rotational,Low,1278.4,5.3
M102431,11.1,404.9,,2.224,9.3,0.0,2,Night,Low,1297.5,6.34
M102432,2.9,492.6,63.4,1.431,10.4,4.4,0,Day,Medium,,1.81
M102433,7.4,315.8,71.2,5.387,9.92,1.2,0,Rotational,High,1252.6,5.49
M102434,6.0,469.2,68.0,4.077,8.89,5.7,2,Rotational,Medium,1363.6,5.62
M102435,3.2,362.4,73.6,2.708,10.75,0.0,0,Night,Medium,1290.3,6.71
M102436,3.1,440.6,66.8,2.234,7.67,1.4,3,Day,High,1409.2,4.4
M102437,8.1,372.0,61.6,5.832,8.67,0.0,1,Night,Medium,1217.7,11.38
M102438,11.0,371.8,70.1,3.038,8.88,4.5,1,Rotational,High,1230.9,3.15
M102439,6.5,549.5,57.9,3.055,10.07,1.8,1,Rotational,Medium,1600.4,5.82
M102440,7.3,300.2,74.3,2.459,10.45,0.4,0,Rotational,Low,1245.5,4.47
M102441,9.3,461.3,76.5,9.36,8.28,1.4,1,Rotational,Medium,1859.0,15.62
M102442,3.1,567.2,70.2,4.371,8.07,1.2,1,Day,High,1385.8,7.28
M102443,10.0,478.3,70.4,1.635,9.62,1.5,1,Night,Medium,1347.8,4.48
M102444,10.3,306.9,85.6,3.457,7.19,3.4,2,Night,Medium,1338.9,11.52
M102445,17.4,311.1,72.2,5.354,11.01,4.5,1,Day,Medium,1285.8,7.34
M102446,5.5,356.1,68.8,3.182,9.16,0.0,1,Rotational,Medium,1241.3,6.06
M102447,5.2,433.4,60.4,5.624,7.75,0.5,0,Day,High,1202.8,5.03
M102448,10.1,439.2,76.8,6.49,7.72,0.7,3,Night,Medium,1413.0,12.89
M102449,10.3,311.9,65.0,5.216,9.97,2.1,0,Day,Medium,1256.1,7.37
M102450,4.9,345.8,51.2,2.538,9.93,1.7,3,Day,High,1270.9,4.04
M102451,5.4,351.0,65.9,3.262,8.35,0.3,0,Day,High,1254.8,3.54
M102452,9.2,404.6,70.1,3.947,9.33,1.7,1,Day,Medium,1284.5,5.91
M102453,3.7,588.7,59.0,2.625,7.81,1.0,0,Day,Medium,1276.9,4.57
M102454,5.4,340.7,66.7,2.582,9.11,2.0,3,Night,Medium,1256.1,7.06
M102455,7.4,337.0,67.2,2.505,11.71,2.6,2,Day,Medium,1254.4,3.81
M102456,11.0,323.7,67.4,11.844,12.7,1.5,3,Rotational,High,1237.2,17.47
M102457,4.6,474.0,81.6,2.899,9.18,0.0,1,Rotational,Low,1396.6,9.72
M102458,0.0,416.5,53.6,5.665,10.15,4.0,1,Day,Low,1152.9,6.7
M102459,0.0,343.8,90.4,2.15,10.09,3.2,3,Day,Medium,1375.6,8.37
M102460,2.0,389.2,67.6,7.775,6.92,0.7,5,Day,Medium,1238.6,10.41
M102461,1.7,352.7,74.4,2.748,7.78,1.0,4,Night,Low,1183.7,7.71
M102462,6.4,445.2,69.4,3.409,6.03,2.6,2,Rotational,Medium,1297.7,5.2
M102463,2.2,648.2,49.0,1.328,10.17,0.9,1,Day,Low,1409.5,6.5
M102464,4.2,466.8,56.4,5.803,12.42,0.0,1,Rotational,High,1284.5,6.06
M102465,3.9,412.1,62.2,6.466,11.1,1.5,3,Day,Medium,1151.9,8.08
M102466,5.2,363.5,78.9,1.834,9.57,1.3,1,Night,,1465.7,5.13
M102467,12.3,305.8,52.8,5.974,9.36,1.0,2,Rotational,Low,1040.1,10.18
M102468,9.6,482.4,58.6,1.701,8.97,0.0,3,Rotational,Low,1295.4,7.41
M102469,7.1,477.7,,4.554,11.09,5.1,1,Day,Medium,1329.5,7.14
M102470,5.2,380.4,73.2,2.875,9.82,4.6,1,Day,Low,1413.8,5.57
M102471,5.3,523.1,72.9,6.476,9.59,0.0,6,Night,Low,1308.8,14.55
M102472,8.3,421.8,57.2,3.761,7.85,5.0,2,Day,Medium,1057.7,4.65
M102473,9.3,485.9,50.4,5.29,10.4,3.0,6,Night,High,1284.3,9.95
M102474,3.4,445.2,73.9,6.165,9.28,1.9,4,Night,,1304.6,9.88
M102475,7.1,404.9,83.8,2.87,10.1,2.4,2,Day,Medium,1509.2,7.17
M102476,0.0,338.8,64.2,3.272,11.0,0.3,3,Day,Medium,,5.44
M102477,7.8,407.6,55.4,1.905,7.05,0.0,0,Rotational,Medium,1143.4,5.04
M102478,10.0,491.6,63.3,2.858,9.06,5.9,1,Day,High,1377.5,3.3
M102479,5.9,376.8,72.3,8.702,8.84,0.0,7,Night,Low,1219.3,19.55
M102480,14.3,457.4,65.4,,8.71,5.1,2,Day,Medium,1390.5,6.67
M102481,3.5,328.0,83.5,1.969,7.82,0.7,1,Day,Medium,1319.0,6.24
M102482,7.9,486.3,78.2,7.506,8.41,1.8,2,Day,Medium,1476.8,13.67
M102483,6.9,446.6,70.0,4.033,7.85,0.0,2,Day,Low,1409.6,7.87
M102484,6.6,317.8,46.5,5.029,10.74,0.1,2,Day,Low,,10.53
M102485,6.5,401.0,60.4,4.243,10.07,2.4,2,Rotational,Low,1371.2,6.63
M102486,7.4,499.2,62.0,4.095,9.96,2.8,2,Rotational,Low,1198.2,6.69
M102487,10.4,313.0,59.8,1.223,6.61,0.1,1,Day,High,1157.2,2.64
M102488,12.5,329.0,70.1,5.775,12.42,0.6,3,Night,Medium,1281.3,10.28
M102489,7.0,414.1,70.3,1.076,8.89,0.8,0,Day,Medium,1226.3,3.21
M102490,10.3,601.3,49.6,5.518,12.12,4.9,1,Day,Low,1511.8,10.37
M102491,4.2,362.8,76.9,3.49,10.62,3.2,1,Day,High,1285.3,3.69
M102492,10.1,462.1,68.2,5.042,9.15,3.9,1,Day,High,1268.3,4.49
M102493,4.0,442.1,71.9,3.594,12.56,3.8,0,Day,Medium,1493.1,4.69
M102494,11.4,369.9,76.2,5.595,10.35,0.4,0,Day,Low,1410.5,8.83
M102495,15.8,433.7,59.6,3.347,9.16,2.2,1,Day,Low,1202.6,6.12
M102496,6.5,381.9,81.8,3.821,8.91,2.4,2,Day,Medium,1310.5,9.5
M102497,0.0,389.6,66.4,4.065,11.05,0.0,0,Night,Medium,1274.8,7.52
M102498,4.8,278.8,84.6,8.494,8.7,0.4,1,Rotational,Low,1296.0,14.77
M102499,11.9,417.9,58.2,4.482,8.93,,1,Day,,1112.6,6.29
M102500,9.2,496.4,83.8,1.719,8.6,0.2,0,Day,Low,1467.5,7.21
M102501,8.0,424.9,58.1,2.504,8.37,0.9,0,Day,High,1249.8,3.74
M102502,11.0,512.7,96.0,4.477,8.46,0.0,1,Rotational,Medium,1673.3,16.0
M102503,8.9,469.3,57.5,6.233,12.16,1.1,3,Rotational,Medium,1349.8,7.42
M102504,11.9,414.9,79.6,2.314,11.01,2.5,0,Day,Low,1417.0,6.25
M102505,10.7,366.6,64.0,10.175,9.85,0.8,2,Day,Medium,1158.9,14.17
M102506,13.1,378.7,75.9,3.625,8.68,5.1,3,Night,Medium,1418.0,7.13
M102507,8.4,295.0,67.6,4.097,8.67,0.8,1,Day,Medium,1117.7,4.86
M102508,10.6,397.3,56.0,1.774,8.95,,0,Day,High,,2.38
M102509,5.8,432.4,37.2,5.799,12.18,0.0,0,Day,Low,1086.3,14.55
M102510,4.6,565.8,95.6,,9.94,0.1,2,Night,High,1712.7,12.15
M102511,13.8,464.9,68.8,2.287,10.62,6.8,0,Rotational,Medium,1331.4,3.65
M102512,7.9,346.5,35.6,2.833,9.8,2.6,0,Day,High,847.8,8.5
M102513,10.2,297.7,71.3,6.629,8.17,2.0,3,Day,Medium,1117.0,9.5
M102514,7.5,402.4,75.6,4.191,9.65,0.0,1,Night,High,1382.2,5.95
M102515,4.7,489.0,60.1,2.129,7.89,4.1,2,Rotational,Low,1186.1,4.57
M102516,7.0,401.2,60.2,2.547,11.29,2.0,1,Rotational,Medium,1329.4,6.04
M102517,12.7,466.1,67.8,6.718,8.38,3.7,2,Day,Medium,1363.6,10.76
M102518,9.2,404.6,81.2,2.95,8.64,1.4,2,Day,Medium,1404.6,8.12
M102519,0.2,480.9,69.1,4.394,10.72,0.0,3,Rotational,Medium,1397.8,8.02
M102520,6.1,284.2,84.1,4.966,8.45,1.0,2,Night,High,1399.8,10.6
M102521,14.1,556.4,80.4,0.601,9.17,0.2,1,Day,Medium,1620.0,7.25
M102522,6.1,325.4,65.5,6.248,5.54,1.9,3,Night,,1171.5,6.37
M102523,0.0,487.5,50.7,2.168,9.02,1.1,0,Day,High,1237.7,4.15
M102524,14.6,396.9,65.5,2.772,10.39,2.1,1,Rotational,Medium,1256.0,6.38
M102525,9.7,410.2,73.8,7.168,8.56,0.3,3,Rotational,Low,1443.2,11.29
M102526,6.7,399.5,68.7,6.845,10.34,0.0,0,Day,Low,1312.7,9.44
M102527,5.5,441.7,75.0,4.248,9.48,1.6,1,Day,Medium,1388.9,5.53
M102528,11.3,458.9,77.5,4.779,11.13,0.0,3,Day,Medium,1444.0,7.64
M102529,4.8,510.0,73.8,5.414,8.4,3.1,1,Day,Medium,1367.1,5.73
M102530,11.6,539.7,65.0,6.787,9.14,1.9,1,Day,Low,1373.5,11.0
M102531,9.2,448.2,73.7,7.233,7.3,0.4,1,Night,Low,1279.7,14.31
M102532,8.0,565.7,92.6,3.504,9.36,4.4,4,Day,Medium,1639.5,12.58
M102533,7.6,427.9,51.6,2.296,8.87,1.1,1,Rotational,Medium,1204.5,5.74
M102534,6.3,511.6,73.4,2.922,10.94,0.9,1,Rotational,Medium,1505.9,5.99
M102535,11.2,456.4,88.2,3.538,8.56,2.3,3,Day,Medium,1541.5,10.06
M102536,3.5,373.3,55.1,3.233,8.86,2.1,0,Day,Medium,1022.0,5.79
M102537,0.5,435.4,79.0,2.001,8.49,1.3,2,Night,Medium,1539.8,6.18
M102538,9.5,462.8,80.5,4.13,9.54,2.4,2,Rotational,Low,1418.0,10.68
M102539,9.5,417.3,51.8,1.516,12.48,5.3,1,Day,Medium,1198.8,6.6
M102540,8.9,455.1,75.8,3.465,5.5,3.0,0,Rotational,High,1311.3,5.28
M102541,8.6,493.6,65.0,3.578,9.43,1.6,0,Rotational,High,1351.4,3.27
M102542,5.7,418.0,67.3,3.517,11.26,0.0,1,Rotational,Low,1338.5,9.28
M102543,10.1,169.8,64.4,5.082,8.73,0.6,3,Night,Medium,988.6,6.89
M102544,6.8,562.7,82.4,4.756,10.29,0.7,1,Rotational,Medium,1540.3,11.22
M102545,5.1,394.7,66.8,10.088,11.27,0.0,6,Day,Low,1275.6,17.67
M102546,5.8,350.0,62.9,2.563,9.09,2.3,0,Rotational,Medium,1014.6,3.54
M102547,15.1,324.5,63.1,3.818,8.52,3.4,2,Night,Medium,1231.8,5.88
M102548,0.1,391.4,64.2,3.697,10.9,2.0,1,Day,High,1417.6,4.94
M102549,9.0,372.2,56.1,3.611,10.24,2.2,2,Rotational,Medium,1263.6,6.26
M102550,0.3,357.4,62.8,1.764,9.41,2.2,2,Night,Medium,1236.5,3.22
M102551,6.6,362.0,69.3,1.837,10.42,3.3,2,Rotational,Low,1325.5,5.92
M102552,5.3,465.0,72.4,3.331,10.94,0.1,0,Day,Low,1436.8,6.76
M102553,0.0,592.6,81.2,1.51,9.42,1.4,0,Night,Medium,1598.9,5.29
M102554,8.6,489.7,70.7,2.809,9.96,1.4,2,Day,Medium,1380.4,6.02
M102555,5.5,515.4,62.8,2.402,10.28,4.0,1,Night,Low,1315.8,6.61
M102556,0.0,387.9,56.9,2.861,8.81,0.0,2,Night,Medium,1009.6,7.09
M102557,10.4,428.9,71.2,5.848,11.28,1.3,4,Night,High,1382.5,12.78
M102558,12.7,456.3,66.7,1.936,7.95,6.2,2,Rotational,Medium,1268.2,3.24
M102559,13.0,363.9,67.1,5.129,9.3,1.6,1,Day,,1240.6,8.31
M102560,8.4,383.8,70.9,2.495,10.65,1.6,2,Night,High,1354.3,4.9
M102561,7.2,492.6,73.7,2.655,7.92,0.5,1,Night,Medium,1394.1,7.3
M102562,12.3,512.7,71.0,4.19,10.81,3.6,5,Night,Medium,1455.2,8.41
M102563,13.7,425.7,66.1,,9.79,3.8,2,Day,Low,1253.3,6.22
M102564,11.5,318.4,59.2,2.125,11.49,0.9,0,Day,Medium,1171.0,4.52
M102565,3.2,394.9,61.3,2.759,10.42,1.5,1,Day,Medium,1249.4,5.62
M102566,7.8,297.5,77.3,1.366,9.26,0.6,1,Day,Medium,1236.7,4.22
M102567,8.8,426.4,,4.017,9.85,1.6,3,Day,Medium,1246.1,5.01
M102568,0.0,441.7,53.2,0.704,9.9,1.8,1,Night,High,1066.4,4.45
M102569,8.9,397.0,80.8,5.176,12.53,2.0,1,Day,Medium,1602.2,6.94
M102570,16.1,440.5,57.6,4.516,9.63,3.6,2,Day,High,1138.5,3.93
M102571,9.6,455.4,68.4,7.394,9.29,1.6,2,Day,Medium,1372.4,9.26
M102572,12.9,441.8,73.4,9.885,9.21,3.3,7,Night,Medium,1402.2,15.49
M102573,7.7,317.9,68.0,5.301,9.78,2.2,1,Day,Low,1163.1,7.93
M102574,6.7,398.5,40.7,2.426,7.8,3.7,1,Day,Low,1018.9,10.13
M102575,8.5,454.8,72.3,9.839,8.93,1.0,4,Day,Medium,1386.8,15.39
M102576,3.7,554.2,82.6,1.828,7.98,1.5,1,Day,Medium,1453.9,4.67
M102577,3.1,396.9,76.7,1.282,8.18,0.0,0,Rotational,Medium,1306.1,3.2
M102578,12.1,466.8,44.6,,10.71,0.7,1,Day,Medium,1108.0,14.55
M102579,12.5,494.6,91.4,4.485,9.54,1.2,3,Day,Medium,1630.7,12.86
M102580,3.0,403.3,53.4,,8.39,1.1,0,Day,High,1146.4,2.94
M102581,10.9,517.6,56.1,1.686,9.27,3.9,1,Rotational,Low,1225.0,6.52
M102582,6.7,522.2,76.6,4.374,9.13,2.5,0,Rotational,Medium,1497.2,7.96
M102583,8.4,537.3,73.0,2.149,9.58,2.1,4,Night,Medium,1439.4,6.16
M102584,8.8,459.0,68.9,2.309,7.24,0.8,1,Night,Medium,1299.6,3.37
M102585,11.0,620.6,61.7,8.875,7.86,3.2,0,Rotational,Low,1405.5,12.23
M102586,7.3,367.7,82.6,9.719,7.34,0.0,3,Day,Low,1385.3,19.08
M102587,12.6,600.5,67.6,3.573,8.15,0.0,3,Night,Medium,1392.5,11.24
M102588,8.2,485.3,50.8,3.079,8.42,3.1,3,Day,Medium,1067.0,5.0
M102589,9.5,533.9,,5.213,7.95,0.7,0,Day,Low,1486.1,9.16
M102590,3.7,392.8,70.4,2.507,10.65,1.2,1,Night,Medium,1329.7,6.73
M102591,15.6,491.8,80.3,1.088,12.26,4.3,1,Day,High,1432.4,3.92
M102592,8.9,541.3,74.3,0.835,10.74,4.1,1,Day,High,1480.0,2.98
M102593,9.9,327.6,94.3,3.2,8.65,2.8,0,Day,Medium,1413.7,9.6
M102594,0.6,406.1,64.6,5.16,9.82,0.7,1,Rotational,Medium,1215.5,7.06
M102595,3.7,238.0,68.2,3.347,9.4,1.8,1,Rotational,Medium,1076.7,6.23
M102596,12.0,404.8,75.9,4.978,8.59,1.9,4,Rotational,Medium,1371.6,9.19
M102597,8.1,350.6,64.7,5.233,11.49,0.5,7,Night,Medium,1173.0,10.31
M102598,0.0,401.5,76.8,6.639,12.51,3.9,2,Day,Medium,1475.7,10.02
M102599,11.2,668.5,35.6,3.644,7.29,4.4,3,Night,High,1199.3,15.5
M102600,4.8,566.0,67.2,3.811,11.66,5.0,1,Night,Medium,1551.8,7.09
M102601,12.6,297.6,66.9,3.26,8.61,2.5,2,Day,Low,1165.0,6.31
M102602,6.6,467.2,66.5,2.918,9.11,3.2,3,Day,High,1389.3,3.21
M102603,7.8,487.9,58.4,1.513,9.92,2.5,1,Day,Medium,1251.4,4.11
M102604,11.7,391.3,78.0,5.965,11.82,2.1,7,Rotational,High,1425.5,11.77
M102605,3.4,435.2,62.5,2.74,9.92,1.5,0,Night,High,1315.8,4.83
M102606,3.0,443.5,70.2,2.663,10.12,2.5,1,Night,Medium,1360.0,6.34
M102607,6.2,305.5,67.6,2.532,10.78,,0,Rotational,Medium,1178.3,4.96
M102608,10.3,332.3,73.5,1.699,11.02,2.9,1,Day,High,1242.7,2.76
M102609,1.7,434.6,83.7,3.181,10.27,0.9,1,Day,High,1531.1,5.58
M102610,0.3,428.4,70.1,4.298,11.03,4.4,1,Day,Medium,1371.0,5.91
M102611,10.3,359.8,77.3,2.333,8.6,4.7,2,Day,Medium,1312.5,5.7
M102612,4.6,352.5,69.6,5.578,6.9,1.3,1,Day,Low,1217.9,8.6
M102613,5.4,412.4,62.4,2.762,12.24,2.4,1,Day,Low,1239.5,4.81
M102614,0.0,495.3,66.4,1.543,7.94,4.6,1,Day,High,1332.3,1.76
M102615,4.3,413.5,64.9,6.599,8.7,6.2,1,Day,Low,1234.1,7.98
M102616,7.0,557.9,74.2,3.666,9.0,1.3,1,Day,Medium,1404.8,5.6
M102617,10.7,360.9,69.2,5.112,8.74,1.3,1,Night,Medium,1205.8,8.48
M102618,3.9,436.4,59.3,5.173,8.41,4.2,1,Day,Medium,1274.6,6.51
M102619,13.6,389.9,65.6,2.069,10.2,3.1,6,Day,Medium,1227.1,4.4
M102620,4.3,470.0,51.2,2.558,10.21,4.5,1,Night,High,1205.1,6.02
M102621,4.3,353.6,66.0,5.569,10.43,3.1,1,Day,Medium,1288.3,6.97
M102622,13.1,583.8,68.0,8.311,10.34,4.5,2,Night,Low,1433.4,13.0
M102623,7.8,276.3,87.9,3.427,8.87,0.0,1,Day,High,1476.1,8.33
M102624,4.8,565.8,82.8,2.426,8.87,1.2,2,Day,Low,1613.9,8.05
M102625,6.4,427.6,56.6,7.7,11.18,0.4,2,Day,Medium,1202.6,12.59
M102626,12.4,467.0,70.2,2.427,8.72,2.6,1,Day,Low,1346.8,4.67
M102627,12.9,533.4,70.4,3.914,8.69,2.7,3,Rotational,Medium,1112.4,7.51
M102628,3.7,492.9,65.5,2.681,10.89,0.0,1,Day,Medium,1393.9,4.53
M102629,6.8,357.9,66.2,3.798,9.47,1.1,0,Night,Medium,1371.1,6.27
M102630,7.4,471.0,64.1,2.069,8.74,2.4,3,Rotational,Medium,1291.6,6.73
M102631,3.1,578.7,88.6,2.753,8.76,0.3,2,Rotational,High,1595.3,10.11
M102632,6.8,344.6,63.4,2.426,11.19,4.5,2,Rotational,Medium,1248.6,4.35
M102633,7.0,600.1,71.8,4.623,10.38,1.8,1,Day,Medium,1413.4,7.25
M102634,11.6,452.8,40.2,3.602,9.85,6.5,2,Night,Medium,1131.7,12.28
M102635,11.8,383.2,77.1,5.156,7.75,0.0,1,Day,Low,1298.6,8.15
M102636,5.7,344.1,81.0,2.197,9.86,2.8,2,Night,High,,6.71
M102637,6.1,401.0,56.4,2.991,9.18,2.3,4,Day,Low,1114.8,6.55
M102638,9.7,253.8,62.4,4.538,8.13,1.3,2,Rotational,Low,1078.8,6.69
M102639,4.7,384.7,73.0,5.101,8.6,4.8,1,Day,Low,1343.5,7.71
M102640,9.4,397.7,84.2,4.775,10.54,1.5,2,Rotational,Low,1705.8,11.19
M102641,6.6,328.7,73.1,3.892,11.36,2.5,3,Day,Medium,1352.4,6.94
M102642,3.1,483.6,64.8,2.211,7.91,0.9,1,Day,Low,1308.7,4.8
M102643,3.2,401.4,88.5,5.231,8.1,,1,Rotational,High,1375.0,11.81
M102644,12.8,366.0,60.6,8.417,10.54,1.8,5,Night,High,1245.5,13.91
M102645,6.4,392.3,97.6,0.899,8.89,2.6,1,Day,Low,1575.3,11.6
M102646,13.6,450.2,81.7,2.392,10.33,1.8,2,Day,Low,1469.4,7.4
M102647,4.9,426.2,77.2,3.788,8.87,1.4,3,Rotational,Medium,1447.3,8.54
M102648,8.2,360.4,56.6,3.314,10.37,0.2,1,Day,,1146.1,5.77
M102649,16.6,430.7,78.0,5.311,7.44,2.0,0,Night,Medium,1392.7,9.64
M102650,2.8,415.7,74.6,3.454,10.32,0.0,1,Day,Medium,1297.6,6.37
M102651,0.0,323.1,44.7,2.548,6.35,0.0,2,Day,Medium,976.4,6.48
M102652,12.1,395.5,52.5,1.993,10.89,5.0,0,Rotational,High,1244.6,3.65
M102653,3.7,469.2,71.9,1.833,9.45,1.0,0,Day,Medium,1303.9,2.83
M102654,6.9,468.6,66.5,2.29,10.16,0.0,1,Night,Low,1271.6,6.66
M102655,4.7,400.5,62.3,2.503,9.86,1.6,2,Day,High,1241.1,3.44
M102656,8.1,477.5,79.9,4.022,6.94,3.0,1,Day,Medium,1502.6,5.98
M102657,3.2,336.7,58.3,3.07,11.55,1.3,1,Day,High,1240.1,3.83
M102658,6.3,339.3,63.0,2.398,10.0,0.5,1,Day,Medium,1186.8,4.11
M102659,8.8,398.6,60.9,2.004,10.63,1.7,0,Rotational,Low,1238.4,5.93
M102660,3.0,547.3,73.6,2.337,8.3,2.3,2,Day,Medium,1386.4,5.96
M102661,4.2,433.9,49.1,2.504,9.86,0.0,1,Night,Medium,1168.3,8.22
M102662,5.6,396.6,62.5,2.284,7.54,0.0,2,Rotational,Medium,1111.2,5.59
M102663,1.3,551.3,49.0,4.649,9.72,0.5,2,Day,Medium,1314.0,7.65
M102664,5.3,395.6,64.6,6.58,8.09,0.4,2,Night,Medium,1229.5,11.18
M102665,7.5,610.0,76.0,1.844,14.5,3.6,0,Rotational,Low,1586.0,7.25
M102666,5.4,376.5,76.1,5.81,10.41,3.6,2,Day,Low,1380.5,10.91
M102667,5.9,334.0,60.0,4.696,11.5,1.2,3,Rotational,Low,1187.5,9.23
M102668,6.9,405.9,73.9,3.633,9.13,0.0,0,Rotational,Medium,,7.27
M102669,4.4,398.8,66.0,,10.1,0.0,1,Day,Medium,1244.9,11.67
M102670,9.8,351.3,83.0,3.049,10.86,0.7,4,Day,Low,1466.8,8.96
M102671,12.7,641.2,66.6,4.059,7.89,2.3,1,Rotational,High,1467.6,7.45
M102672,5.1,447.1,35.3,3.532,8.49,0.0,0,Day,Low,970.6,13.92
M102673,8.9,459.5,77.8,3.403,10.96,3.0,3,Day,High,1456.4,5.03
M102674,6.0,380.7,62.9,4.177,9.17,0.9,2,Day,High,1134.5,5.45
M102675,8.5,370.9,65.0,3.398,8.38,,1,Night,Medium,1179.4,6.82
M102676,13.3,507.2,71.7,4.192,8.55,,1,Rotational,,1412.3,5.82
M102677,9.0,277.6,52.3,2.375,7.67,1.4,2,,Medium,942.8,5.67
M102678,0.0,322.9,68.8,2.413,6.56,2.1,2,Rotational,Low,1194.1,5.92
M102679,8.8,399.0,73.9,2.37,6.96,0.1,0,Day,Low,1210.2,5.65
M102680,11.9,534.8,72.0,2.767,9.57,5.0,4,Night,Medium,1447.0,6.78
M102681,6.1,388.2,61.4,5.51,10.51,3.5,1,Day,Medium,1240.1,5.1
M102682,11.0,455.4,78.9,2.635,13.28,3.5,1,Rotational,Medium,1589.2,6.48
M102683,4.2,422.4,57.0,4.601,9.44,0.6,2,Day,Medium,1222.4,6.56
M102684,1.1,530.2,61.1,3.791,7.58,,3,Night,Low,1230.2,7.53
M102685,7.6,285.3,66.5,2.663,9.46,0.5,0,Day,High,1216.6,2.85
M102686,0.0,482.6,71.3,6.389,10.55,0.9,1,Night,Medium,1385.0,10.52
M102687,6.0,403.1,64.4,4.797,11.05,2.1,1,Night,Medium,,6.63
M102688,12.1,498.6,81.5,3.323,10.9,2.4,2,Day,Medium,1518.7,6.8
M102689,0.0,350.4,71.2,3.188,10.36,1.2,0,Day,Medium,,3.07
M102690,1.9,422.1,68.8,3.479,9.64,0.0,3,Day,Low,1383.2,7.32
M102691,2.9,411.3,70.9,1.545,10.61,2.8,0,Day,Medium,1373.1,3.06
M102692,6.7,334.8,76.1,2.198,7.72,1.0,0,Day,Low,1324.1,3.54
M102693,5.5,311.2,70.6,4.184,6.49,0.7,5,Rotational,High,1194.7,6.14
M102694,12.6,370.7,48.1,1.505,12.64,4.5,0,Day,Medium,1199.5,4.51
M102695,10.8,431.0,80.0,2.285,9.43,3.6,2,Day,Low,1413.3,10.0
M102696,9.0,355.7,69.3,2.728,10.3,3.6,0,Day,High,1112.1,2.41
M102697,7.6,391.9,75.5,12.0,5.5,2.7,5,Day,High,,15.97
M102698,8.6,259.7,63.5,4.65,11.82,2.1,3,Rotational,Low,1189.2,9.42
M102699,3.6,388.5,47.9,5.747,11.23,1.1,4,Night,Low,1178.2,11.73
M102700,10.4,507.0,42.9,2.22,7.15,0.2,2,Day,Medium,916.8,7.39
M102701,2.6,479.9,57.6,3.979,9.02,1.5,0,Night,Medium,1319.4,7.62
M102702,10.3,412.6,73.7,1.377,9.9,0.0,4,Day,Medium,1467.1,5.48
M102703,11.7,440.7,82.3,2.814,7.6,3.2,0,Day,Medium,1529.5,5.59
M102704,7.8,349.6,71.3,4.275,10.23,0.1,2,Day,High,1213.1,6.0
M102705,6.3,558.1,56.4,1.634,11.07,1.8,1,Day,Medium,,3.96
M102706,8.6,595.8,59.4,4.041,9.99,0.0,3,Night,Medium,1322.1,7.96
M102707,0.0,434.0,83.0,4.212,7.15,1.6,2,Day,High,1405.2,8.6
M102708,8.2,640.2,53.6,2.457,7.94,0.0,0,Day,Medium,1350.8,5.28
M102709,6.5,362.2,91.1,2.187,9.31,0.1,0,Day,High,1437.7,7.89
M102710,6.8,313.7,88.6,2.322,9.13,,1,Night,Medium,1442.6,9.98
M102711,9.8,359.7,91.5,2.791,9.16,6.1,1,Day,Medium,,9.69
M102712,6.7,401.3,72.2,2.834,9.1,0.6,0,Day,Medium,1301.8,3.78
M102713,2.4,616.5,64.2,4.284,6.79,1.5,1,Day,High,1362.7,6.67
M102714,6.4,396.1,71.9,2.542,10.71,2.8,2,Day,Low,1262.9,5.25
M102715,7.3,346.9,78.0,7.397,10.44,0.9,2,Night,Medium,1331.2,11.43
M102716,7.5,343.6,60.8,7.37,10.28,1.1,5,Day,Low,1169.3,12.05
M102717,7.6,516.9,,3.736,10.14,1.5,1,Rotational,High,1243.8,5.15
M102718,11.2,504.8,64.9,2.795,9.07,1.5,2,Night,Medium,,5.73
M102719,2.7,378.7,59.5,2.543,8.59,1.9,1,Night,High,1163.2,3.5
M102720,7.7,260.6,81.6,3.89,7.97,1.3,3,Day,Medium,1149.0,10.4
M102721,12.2,324.1,61.2,4.245,11.81,4.8,5,Day,Medium,1263.3,7.46
M102722,0.1,566.3,92.0,7.924,9.47,3.6,1,Night,Low,1916.9,16.42
M102723,7.7,478.5,78.8,2.728,7.01,0.0,3,Day,Medium,1376.4,7.75
M102724,4.7,425.6,82.1,3.961,9.46,2.1,4,Day,High,1468.0,8.68
M102725,5.5,578.9,70.3,3.437,6.37,0.7,1,Night,Medium,1426.0,6.32
M102726,3.4,586.5,72.2,2.494,9.87,4.9,0,Night,Medium,1563.0,4.99
M102727,6.3,416.9,56.8,3.513,9.71,2.0,2,Night,Medium,1185.4,5.09
M102728,14.4,418.5,79.3,2.453,8.69,2.7,3,Day,Low,1444.3,7.27
M102729,1.9,370.5,81.9,2.28,8.09,0.8,3,Rotational,Low,1395.2,6.47
M102730,2.3,395.8,64.7,9.101,10.34,3.9,0,Night,High,1822.5,11.39
M102731,1.8,293.7,87.4,2.491,9.38,1.6,0,Day,Medium,1318.2,7.95
M102732,13.9,293.3,60.3,2.301,6.59,3.3,3,Day,High,967.9,4.02
M102733,5.2,273.6,74.5,5.601,11.31,0.0,5,Day,High,1185.4,8.63
M102734,6.9,512.2,68.9,2.729,8.09,0.0,0,Day,High,1332.2,3.83
M102735,5.4,287.3,67.3,8.345,7.52,2.4,3,Day,High,1129.8,12.15
M102736,3.2,585.7,65.7,4.542,11.54,0.1,4,Night,Low,1427.2,11.77
M102737,6.1,357.9,57.1,2.203,11.09,4.7,1,Day,Medium,1133.2,1.74
M102738,16.8,567.7,73.8,5.929,8.87,4.2,3,Rotational,Medium,1405.0,10.29
M102739,12.6,389.0,64.9,2.32,7.62,3.9,0,Day,Medium,1240.8,2.33
M102740,3.6,286.9,53.6,8.906,8.14,0.8,2,Night,High,1010.8,14.49
M102741,9.6,529.1,56.6,3.718,8.84,4.0,1,Night,,1293.0,6.88
M102742,3.7,539.2,53.8,4.355,11.32,0.0,0,Rotational,Low,1285.4,8.16
M102743,0.0,343.0,62.2,3.372,11.44,0.2,0,Rotational,Medium,1196.8,5.98
M102744,11.1,391.8,73.3,3.792,9.75,0.8,2,Rotational,Low,1330.2,8.85
M102745,11.6,343.0,60.2,2.961,10.48,4.0,0,Day,Medium,1089.9,5.97
M102746,11.2,409.8,78.7,2.09,9.19,1.2,2,Day,Low,1386.0,6.21
M102747,5.1,429.2,66.7,3.935,8.19,0.0,2,Rotational,Low,1240.3,7.63
M102748,6.3,390.1,64.8,5.542,7.25,3.3,4,Rotational,Low,1097.4,7.97
M102749,10.0,265.4,68.2,1.831,9.98,3.0,0,Rotational,Medium,1138.3,2.65
M102750,8.6,370.6,83.3,7.172,10.85,2.1,5,Night,Medium,1412.0,13.7
M102751,5.4,479.8,52.9,4.484,8.73,1.2,2,Rotational,High,1131.9,7.8
M102752,0.5,402.2,86.2,2.669,11.28,0.9,2,Day,Low,1587.1,8.26
M102753,7.5,392.2,78.6,2.645,8.92,1.3,4,Day,High,1424.9,5.2
M102754,11.3,340.9,67.8,8.432,9.63,4.5,0,Rotational,Medium,1213.2,10.06
M102755,2.2,368.1,81.0,5.309,9.17,3.9,1,Day,Medium,1392.2,7.79
M102756,9.6,539.8,64.5,5.871,11.35,0.4,1,Rotational,Low,1395.1,10.97
M102757,8.3,323.1,71.1,2.928,10.24,1.4,3,Day,Low,1254.3,4.04
M102758,10.0,481.3,62.0,4.383,9.41,1.7,2,Night,Medium,1332.2,8.81
M102759,10.5,424.0,78.6,3.954,9.61,0.0,1,Day,Medium,1347.3,7.38
M102760,4.2,440.8,60.2,3.042,7.72,0.7,0,Night,Low,1163.8,6.56
M102761,0.5,357.7,67.4,3.507,6.15,3.4,2,Rotational,Medium,1153.5,4.95
M102762,4.9,390.1,75.5,5.784,8.7,1.5,0,Night,Medium,1261.0,9.7
M102763,10.6,419.5,79.5,7.388,9.21,1.8,3,Rotational,,1422.2,14.05
M102764,4.8,375.7,59.0,2.928,10.3,1.8,2,Day,High,1254.8,3.34
M102765,4.2,448.2,76.3,1.722,9.26,1.9,2,Day,High,1441.5,4.64
M102766,0.0,458.9,57.2,7.552,8.8,2.9,2,Rotational,Medium,1250.5,12.9
M102767,14.0,604.7,44.3,7.599,5.5,4.4,1,Rotational,High,1077.7,13.68
M102768,10.3,443.6,59.8,4.056,10.29,1.5,5,Day,High,1252.6,8.67
M102769,10.1,257.5,77.2,8.136,9.82,3.3,3,Rotational,Medium,1311.1,10.42
M102770,10.9,518.9,67.9,3.911,10.72,0.0,2,Night,High,1350.0,6.12
M102771,9.3,402.7,62.1,2.107,9.54,2.8,1,Day,Medium,1145.0,4.28
M102772,6.0,591.0,68.6,1.723,11.22,2.5,0,Day,Low,1499.4,5.92
M102773,6.3,545.0,68.2,1.715,8.67,2.8,1,Rotational,Medium,1378.7,3.4
M102774,5.3,377.1,,3.328,9.44,,0,Rotational,High,1395.8,5.4
M102775,17.5,481.4,50.3,2.63,9.86,4.3,0,Day,Medium,1247.7,7.01
M102776,9.2,369.5,66.9,2.486,10.49,1.0,4,Day,High,1266.6,3.32
M102777,5.1,420.2,82.7,8.524,10.12,2.4,0,Day,High,2076.1,10.56
M102778,8.9,477.5,,5.099,10.22,1.5,1,Rotational,Medium,1196.9,9.06
M102779,3.0,514.6,52.8,2.526,9.9,1.7,1,Rotational,Medium,1176.4,5.27
M102780,13.0,496.1,64.0,2.322,9.21,2.8,1,Day,Low,1282.0,3.5
M102781,4.4,426.4,68.1,2.61,10.85,4.9,1,Rotational,High,1259.9,3.8
M102782,9.0,631.1,68.1,5.262,6.99,1.0,1,Day,Medium,1410.8,7.99
M102783,11.3,389.0,61.9,3.206,8.56,1.9,1,Night,Medium,1149.9,5.75
M102784,8.5,283.4,61.4,3.819,11.89,2.5,1,Night,Medium,1195.7,6.93
M102785,7.4,299.8,63.7,7.218,8.49,1.9,5,Day,Medium,1177.6,10.08
M102786,7.0,545.3,71.3,12.0,9.38,3.7,7,Day,High,1465.9,19.69
M102787,6.8,413.5,81.7,4.573,11.58,0.5,2,Day,Low,1504.7,10.59
M102788,4.7,433.5,43.6,4.352,9.31,1.0,0,Rotational,High,1109.6,7.84
M102789,5.2,373.9,74.9,1.836,8.25,1.7,1,Day,Low,1294.1,5.8
M102790,12.9,381.5,66.8,3.992,11.3,3.0,3,Day,Medium,1425.9,7.23
M102791,6.6,353.1,73.8,3.425,9.07,2.1,2,Day,High,1322.8,4.27
M102792,3.9,460.0,81.0,5.187,9.17,1.6,2,Rotational,High,1423.3,10.76
M102793,4.9,411.7,59.7,2.729,6.53,0.0,2,Day,High,1100.1,4.08
M102794,11.4,457.0,78.4,3.671,9.31,4.1,0,Rotational,Medium,1380.0,7.38
M102795,9.7,448.9,54.2,4.493,10.52,2.2,2,Night,High,1210.4,7.9
M102796,9.2,383.8,69.4,8.579,8.85,3.5,5,Night,High,1178.6,10.09
M102797,6.0,296.0,65.3,7.256,7.58,0.4,2,Day,Medium,1096.1,10.59
M102798,9.3,288.6,68.5,6.253,8.78,2.0,2,Day,Medium,1006.9,8.15
M102799,4.4,677.3,57.1,4.776,8.58,0.9,1,Rotational,Medium,1470.9,7.2
M102800,6.0,545.6,72.8,2.676,9.12,0.2,1,Night,High,1441.2,6.17
M102801,10.9,533.9,85.4,4.774,8.72,2.9,4,Day,Medium,1701.8,11.65
M102802,10.5,362.7,57.3,2.257,12.0,4.6,2,Night,High,1198.5,4.58
M102803,3.1,420.8,70.1,2.995,9.95,0.0,3,Day,High,1320.0,4.19
M102804,3.6,350.7,77.4,8.078,6.89,0.4,0,Day,Medium,1197.4,11.14
M102805,7.4,308.5,64.7,4.345,9.61,1.0,4,Day,Low,1153.4,7.31
M102806,13.9,370.0,83.0,3.719,9.44,3.4,3,Night,High,1513.7,9.0
M102807,0.0,532.7,63.3,3.966,11.29,1.3,1,Night,High,1408.8,5.54
M102808,8.1,491.5,66.7,3.168,9.27,0.4,1,Rotational,Medium,1407.4,5.26
M102809,1.5,337.5,57.1,1.13,9.22,0.0,2,Day,Low,1107.5,4.05
M102810,4.5,393.2,69.4,1.764,12.29,1.2,0,Rotational,High,1446.3,3.26
M102811,5.5,483.7,,4.52,7.9,,2,Day,Low,1362.2,7.62
M102812,5.3,371.5,75.0,2.095,10.7,0.5,0,Day,High,1306.9,2.92
M102813,4.9,426.8,61.0,3.146,9.6,0.0,1,Rotational,Medium,1269.6,4.18
M102814,7.0,454.2,60.5,1.797,8.75,0.4,2,Day,Medium,1298.7,4.36
M102815,4.9,453.2,73.1,2.318,8.53,2.4,1,Day,Medium,1227.0,4.84
M102816,1.2,441.6,83.4,3.313,11.54,3.9,1,Day,Medium,1479.6,7.2
M102817,10.1,364.4,74.9,5.269,10.2,3.3,1,Rotational,Low,1232.6,8.47
M102818,10.0,373.2,88.3,5.825,10.4,2.9,0,Night,Medium,1534.0,13.05
M102819,10.4,323.6,74.1,2.299,10.83,1.5,1,Rotational,Medium,1340.9,4.44
M102820,0.8,287.3,73.7,,10.01,0.3,3,Rotational,Low,1237.0,8.18
M102821,8.2,410.2,75.5,1.628,7.91,0.8,2,Night,High,1316.3,4.34
M102822,9.7,489.4,84.4,3.415,7.14,3.4,2,Day,Low,1477.5,10.56
M102823,2.9,302.7,81.6,5.348,11.81,0.8,3,Day,,1403.2,10.79
M102824,7.0,443.2,56.1,3.211,9.81,0.5,0,,Low,1349.3,6.21
M102825,6.5,486.7,76.8,6.41,9.62,4.7,2,Day,High,1433.2,7.62
M102826,14.4,263.9,70.9,5.045,12.21,1.9,6,Day,Low,1259.3,7.63
M102827,14.7,397.0,65.9,3.746,7.9,4.0,0,Day,Low,1251.1,8.06
M102828,0.3,559.9,48.5,2.93,5.71,1.3,1,Rotational,Low,1188.6,8.98
M102829,17.0,466.9,51.1,2.542,6.78,1.4,1,Day,High,1109.0,5.07
M102830,3.3,261.0,64.0,1.602,8.7,0.0,1,Day,Medium,1112.7,2.16
M102831,10.9,476.0,51.9,1.737,9.68,5.2,0,Night,Medium,1188.1,4.74
M102832,10.9,356.4,64.2,5.46,11.59,2.0,1,Day,High,1237.0,6.92
M102833,3.0,478.8,75.9,7.077,10.76,1.0,2,Night,Medium,1633.2,12.53
M102834,9.0,361.3,61.6,1.934,5.66,2.0,2,Rotational,Medium,1091.1,3.89
M102835,6.6,415.5,68.9,3.435,13.7,0.6,0,Day,Low,1501.7,6.27
M102836,9.2,374.3,56.2,1.511,8.88,2.1,1,Day,Medium,1105.0,3.97
M102837,7.9,420.3,71.3,2.037,11.34,2.1,4,Rotational,Medium,1314.1,5.79
M102838,11.8,371.8,73.6,3.781,10.32,3.8,1,Rotational,Low,1246.1,9.09
M102839,7.3,401.0,52.3,2.562,9.51,4.2,2,Day,Low,1102.8,5.97
M102840,6.3,320.1,59.7,1.274,9.14,0.0,1,Day,Medium,993.5,1.79
M102841,11.4,461.7,54.1,7.842,7.83,6.0,1,Day,Low,1232.8,12.39
M102842,9.3,434.9,73.6,3.24,7.57,0.0,0,Rotational,High,1306.2,4.81
M102843,9.9,282.6,69.8,1.911,9.25,0.7,1,Day,High,,2.31
M102844,4.3,504.4,67.5,3.54,7.42,0.0,1,Rotational,Medium,1257.8,6.67
M102845,2.8,405.0,66.6,3.189,11.97,2.1,1,Day,Low,1245.5,4.43
M102846,4.7,433.7,71.6,4.1,9.65,0.4,3,Day,Medium,1283.9,5.1
M102847,4.5,485.0,71.8,2.801,12.64,0.8,0,Day,High,1541.4,4.11
M102848,10.1,447.9,62.5,3.885,8.85,1.5,2,Night,Medium,1305.7,7.7
M102849,10.9,519.0,61.0,5.322,8.61,1.6,3,Rotational,Medium,1286.3,10.92
M102850,6.4,395.1,67.4,1.718,10.39,0.4,1,Day,Medium,1216.3,4.01
M102851,12.7,507.9,65.9,2.348,9.11,0.4,1,Day,Medium,1349.7,4.86
M102852,12.5,430.4,90.7,,10.96,0.0,3,Night,Medium,1640.7,13.3
M102853,8.0,463.1,63.8,2.52,11.66,0.0,1,Day,Low,1460.6,7.28
M102854,3.7,454.3,71.2,3.187,11.15,2.1,3,Day,Low,1537.5,4.58
M102855,13.3,525.5,73.1,2.624,11.55,1.3,2,Day,Medium,1514.5,5.67
M102856,6.8,481.3,83.4,2.707,10.73,,0,Day,Medium,1489.8,6.06
M102857,7.5,382.3,59.1,2.595,8.68,4.7,2,Night,Low,1168.5,6.65
M102858,5.6,365.5,82.7,1.769,11.21,3.2,0,Day,Low,1393.1,6.13
M102859,3.4,415.8,66.4,4.177,10.55,1.7,0,Day,Low,1376.3,5.45
M102860,1.1,355.4,95.5,5.647,8.57,1.6,2,Day,Low,1574.4,14.43
M102861,9.5,330.6,72.0,3.04,8.76,0.0,1,Day,Medium,1226.2,4.51
M102862,3.9,239.1,54.5,5.337,9.36,0.0,4,Night,High,1038.9,8.8
M102863,19.2,288.3,65.8,2.597,11.17,3.5,5,Day,Low,1268.9,7.01
M102864,2.7,588.8,82.7,2.522,9.68,0.0,2,Day,Medium,1528.3,7.88
M102865,2.0,364.2,68.9,,9.49,0.4,0,Day,Medium,1320.5,4.5
M102866,9.0,581.8,67.3,4.111,9.26,4.4,3,Night,Medium,1440.6,7.22
M102867,13.1,454.3,75.9,3.138,8.97,2.7,5,Day,Low,1363.6,9.92
M102868,7.3,415.8,64.2,4.657,7.75,3.1,0,Day,Low,1129.9,5.28
M102869,9.3,292.4,65.7,1.745,10.69,2.1,0,Rotational,,1210.6,2.64
M102870,0.0,420.4,57.6,2.852,7.97,0.0,1,Rotational,High,1195.0,3.58
M102871,4.3,580.8,87.0,5.378,9.6,3.3,1,Day,High,1765.1,10.29
M102872,2.7,552.4,54.6,5.371,8.89,1.4,0,Day,Low,1215.7,10.35
M102873,0.0,443.3,69.9,5.043,10.65,4.3,2,Night,Medium,1436.1,7.78
M102874,7.5,322.4,73.3,5.531,8.99,,1,Rotational,Medium,1329.8,8.69
M102875,0.0,338.6,67.8,2.756,7.99,0.2,0,Night,High,1160.4,3.97
M102876,1.7,347.5,54.2,1.415,10.98,0.0,0,Day,Medium,1190.4,3.37
M102877,4.9,528.6,57.0,2.917,8.26,2.2,1,Rotational,Low,1170.3,6.95
M102878,3.7,558.7,73.7,4.563,9.73,1.9,3,Rotational,Medium,1603.6,8.83
M102879,8.6,436.7,59.4,4.952,11.41,0.8,0,Rotational,Medium,1262.5,6.86
M102880,8.2,394.2,45.2,2.552,8.4,0.1,3,Day,Medium,971.2,7.6
M102881,10.6,551.6,72.3,2.046,9.34,0.6,1,Night,High,1449.3,4.73
M102882,10.0,336.8,58.4,2.151,8.85,2.6,1,Day,High,1116.1,3.27
M102883,11.6,424.4,74.9,2.53,9.7,1.8,2,Day,Medium,1322.3,7.42
M102884,7.0,459.4,65.8,1.286,9.4,1.6,0,Rotational,Medium,1384.4,4.1
M102885,8.2,346.7,65.3,2.551,10.88,0.0,0,Rotational,Medium,1259.7,4.97
M102886,9.0,365.9,,3.401,8.57,2.2,2,Night,Medium,1238.1,5.91
M102887,7.6,359.3,55.5,3.162,11.41,1.1,1,Rotational,Medium,1099.6,4.16
M102888,5.4,540.4,58.9,2.815,11.91,1.9,4,Day,Medium,1420.4,3.56
M102889,5.7,582.7,65.1,2.352,9.88,1.3,0,Rotational,Low,1480.3,3.8
M102890,3.7,429.8,55.4,2.493,8.31,3.3,1,Rotational,Medium,1180.8,4.87
M102891,8.7,397.2,75.9,2.515,9.44,3.8,1,Night,Medium,1349.5,5.32
M102892,6.6,369.0,64.6,4.724,9.31,1.7,2,Day,Medium,1187.0,6.62
M102893,4.3,420.1,52.1,3.319,12.16,4.2,2,Day,Medium,1219.0,6.32
M102894,4.4,373.2,,12.0,9.35,2.1,4,Day,Medium,1201.0,15.94
M102895,2.2,411.8,69.1,2.812,11.57,4.5,1,Night,High,1405.1,3.31
M102896,10.9,455.1,63.1,4.133,9.67,2.5,2,Day,Medium,,7.47
M102897,7.3,385.5,72.4,2.843,9.57,4.3,0,Day,Low,1206.6,5.34
M102898,3.5,403.9,74.3,2.809,8.97,2.2,0,Night,High,1358.0,4.7
M102899,10.2,404.2,94.4,,9.11,1.7,4,Day,Medium,1510.0,17.65
M102900,4.8,393.0,80.7,5.467,10.83,0.7,2,Day,Medium,1365.6,10.37
M102901,1.4,382.5,50.0,1.381,8.4,1.5,0,Night,High,972.6,4.06
M102902,11.1,484.8,64.0,1.991,10.94,3.7,1,Day,Medium,1306.2,4.38
M102903,4.9,269.5,65.1,3.101,11.66,3.1,0,Rotational,Low,1077.6,5.59
M102904,5.4,553.8,74.3,2.564,8.61,0.0,4,Night,Medium,1439.5,9.46
M102905,7.2,431.5,57.7,1.562,11.31,0.2,0,Rotational,Low,1319.8,6.5
M102906,11.6,471.9,62.2,3.518,11.07,1.9,3,Day,Medium,1323.9,6.83
M102907,7.1,481.6,,1.298,10.8,6.0,0,Night,Medium,1166.4,5.21
M102908,2.2,359.8,61.4,3.537,8.55,1.2,1,Rotational,Medium,1089.3,5.3
M102909,9.2,342.3,61.8,4.783,9.32,1.9,2,Day,High,1299.4,6.35
M102910,5.1,332.3,64.6,5.136,9.32,0.5,4,Day,Low,1190.7,7.12
M102911,14.6,399.0,54.9,3.089,12.64,0.9,1,Day,Medium,1239.3,6.97
M102912,7.0,479.4,78.8,7.067,9.48,2.4,3,Rotational,Medium,1460.4,12.36
M102913,0.0,370.4,73.2,3.919,9.23,2.5,1,Rotational,Medium,1187.9,4.76
M102914,8.4,471.7,52.1,5.068,7.78,1.7,3,Rotational,Medium,1036.9,10.64
M102915,14.8,218.7,68.3,2.298,8.04,4.7,1,Rotational,Medium,1014.6,4.59
M102916,13.3,387.2,50.8,7.105,8.47,5.6,1,Day,Medium,1027.0,10.56
M102917,14.3,519.2,82.8,3.315,10.04,5.8,0,Night,High,1488.3,7.26
M102918,2.9,405.5,85.8,7.304,7.36,1.5,2,Day,Medium,1399.3,10.43
M102919,10.6,349.5,67.4,6.547,8.5,,3,Day,Medium,1261.9,8.63
M102920,4.1,364.2,58.6,,6.71,3.6,2,Day,Medium,1159.6,6.74
M102921,7.9,162.6,60.7,4.067,11.6,,1,Night,Medium,1012.4,5.56
M102922,1.9,334.0,63.0,3.034,9.66,,1,Rotational,High,1159.1,2.96
M102923,4.4,509.9,66.8,2.204,9.97,3.0,1,Day,Medium,1398.4,4.55
M102924,4.3,370.5,83.1,4.471,7.87,4.9,2,Rotational,High,1374.7,6.11
M102925,10.6,380.5,,4.358,11.24,1.6,3,Day,High,1413.0,6.46
M102926,10.2,221.8,78.7,1.478,11.75,1.9,1,Night,Medium,1319.1,5.9
M102927,8.1,281.4,69.9,3.186,9.6,0.4,1,Day,Medium,1239.3,5.21
M102928,1.6,521.2,55.3,5.124,8.78,4.6,4,Night,High,1296.6,7.13
M102929,5.8,472.5,59.5,6.909,10.33,0.4,4,Day,Medium,1281.9,11.7
M102930,4.0,309.7,68.7,4.771,10.6,2.3,2,Rotational,Medium,1281.8,7.61
M102931,10.5,366.4,54.8,1.555,10.81,4.4,2,Day,,978.3,4.41
M102932,11.7,417.5,71.3,1.96,10.5,2.9,4,Day,High,1359.9,3.84
M102933,11.2,318.3,76.9,2.793,10.95,2.5,2,Rotational,High,1369.3,5.91
M102934,4.0,249.6,74.0,6.682,8.46,0.0,1,Day,Low,1111.5,9.6
M102935,0.0,406.5,73.6,2.451,10.87,1.6,2,Day,Medium,1443.0,2.92
M102936,0.0,468.7,47.5,5.637,8.82,0.0,2,Day,Low,,12.22
M102937,12.7,470.3,82.7,2.431,5.74,3.5,0,Day,High,1284.2,6.19
M102938,5.4,494.4,50.8,4.333,8.81,2.5,0,Rotational,Low,1176.7,9.27
M102939,4.0,287.9,66.3,2.075,8.67,0.5,0,Night,Low,986.0,5.05
M102940,13.6,424.9,74.8,3.013,9.86,4.5,2,Day,Medium,1379.1,5.43
M102941,12.1,397.2,,1.886,10.76,0.0,2,Day,Low,1423.7,4.99
M102942,7.1,412.6,53.9,6.832,9.79,6.0,2,Day,Low,1154.4,8.17
M102943,5.8,402.0,55.9,2.346,12.51,4.5,0,Day,Medium,1190.2,4.05
M102944,6.5,363.9,71.2,1.532,8.71,2.5,1,Day,Medium,1317.4,3.69
M102945,7.9,163.5,73.6,1.472,6.52,4.2,3,Day,Medium,913.2,3.59
M102946,13.4,518.8,55.8,3.181,9.92,4.3,2,Night,Low,1299.0,8.67
M102947,8.7,448.0,72.3,2.64,8.68,4.7,0,Day,Low,1341.4,6.14
M102948,9.9,293.8,51.3,4.592,7.87,0.4,3,Day,High,881.7,7.28
M102949,11.7,460.2,74.9,2.952,9.05,0.7,1,Day,High,1363.8,4.82
M102950,2.3,382.0,,,8.32,2.1,2,Rotational,Medium,,4.75
M102951,10.0,384.4,68.9,2.738,8.47,0.3,1,Rotational,High,1262.7,3.97
M102952,5.8,354.7,67.0,5.547,11.78,1.3,5,Day,High,1392.0,4.75
M102953,0.0,465.6,80.8,2.062,9.69,0.5,1,Night,High,1454.5,7.06
M102954,0.0,352.0,70.7,1.566,9.1,4.5,1,Rotational,High,1232.0,1.85
M102955,2.9,326.8,61.4,2.2,11.9,0.2,1,Rotational,High,1168.9,4.14
M102956,9.1,516.2,72.0,1.888,9.06,1.6,0,Day,Medium,1368.9,3.02
M102957,7.5,404.8,91.6,1.785,7.65,2.4,2,Night,Low,1582.8,11.8
M102958,7.7,407.5,76.1,4.083,7.51,0.5,2,Night,Medium,1378.9,8.09
M102959,14.8,478.9,67.3,2.909,9.38,,2,Day,Medium,1250.2,3.11
M102960,1.9,363.3,58.8,3.564,7.04,0.0,1,Rotational,Medium,1104.9,6.95
M102961,6.9,380.2,61.2,4.322,7.74,0.9,2,Day,Medium,1118.8,7.2
M102962,8.2,446.0,75.5,1.429,8.93,2.3,1,Rotational,Medium,1390.2,4.78
M102963,4.1,289.0,58.3,4.415,11.2,2.3,1,Day,Medium,971.7,6.09
M102964,7.1,438.8,68.0,1.817,11.44,2.1,2,Day,Medium,1261.2,3.01
M102965,0.6,355.8,83.8,2.488,10.49,0.9,1,Night,High,1410.1,5.65
M102966,12.6,492.7,69.7,1.289,9.49,0.0,1,Rotational,High,1420.1,3.06
M102967,4.3,466.5,56.1,4.606,8.64,1.1,3,Night,High,1189.5,7.12
M102968,15.1,455.2,92.0,1.427,10.08,2.8,2,Rotational,Low,1508.2,11.21
M102969,6.9,283.4,87.4,1.822,12.17,0.0,0,Night,Medium,1461.8,8.34
M102970,11.1,411.2,73.5,1.889,9.71,2.3,1,Night,Medium,1331.4,5.29
M102971,6.8,319.9,82.0,3.113,8.81,2.5,2,Day,Medium,1310.9,8.16
M102972,6.9,416.9,65.1,3.066,9.26,0.0,0,Day,Medium,1205.3,2.98
M102973,4.7,223.2,76.0,4.983,9.1,1.9,2,Night,Low,1277.7,10.29
M102974,7.5,289.0,63.3,,10.32,4.7,0,Day,Medium,1134.9,2.46
M102975,8.3,521.1,53.1,5.381,8.35,1.6,1,Rotational,High,1273.5,7.9
M102976,3.9,451.4,96.5,4.013,10.11,0.6,4,Day,High,1606.8,15.39
M102977,6.5,389.9,52.5,2.069,10.35,1.8,2,Day,Medium,1030.1,4.44
M102978,4.6,342.8,71.3,2.378,10.02,0.0,2,Day,Medium,1293.9,3.73
M102979,16.2,327.8,71.1,7.066,7.87,2.9,4,Day,Low,1236.3,10.81
M102980,6.6,437.0,73.7,6.133,9.28,1.5,0,Day,Medium,1274.1,7.94
M102981,13.2,390.8,67.0,5.013,8.71,3.1,2,Rotational,Medium,1302.1,7.64
M102982,6.2,551.5,67.1,5.353,9.39,3.9,5,Day,Medium,1376.2,8.24
M102983,8.0,404.3,69.5,4.189,8.5,2.4,3,Day,High,1345.7,3.35
M102984,1.7,425.0,73.3,3.926,11.37,5.1,4,Rotational,Low,1414.6,6.85
M102985,5.2,302.0,68.0,3.404,9.78,2.3,2,Rotational,Medium,1154.2,6.17
M102986,7.8,389.3,67.2,7.763,7.07,0.0,2,Rotational,Medium,1169.3,12.44
M102987,13.3,435.0,53.5,2.632,7.51,3.8,1,Day,High,1216.1,4.3
M102988,7.9,388.3,90.2,3.744,11.31,0.0,1,Day,Medium,1581.2,9.98
M102989,12.5,378.7,73.9,1.413,9.23,0.0,0,Day,Medium,1327.9,3.69
M102990,9.6,447.8,70.3,1.624,8.92,1.0,0,Rotational,Medium,1383.0,3.48
M102991,13.5,548.8,61.1,8.228,11.19,0.7,4,Rotational,Low,1440.5,16.51
M102992,6.8,432.3,57.0,4.519,9.27,0.8,3,Night,Medium,1259.4,10.04
M102993,16.6,517.3,77.5,2.985,7.71,0.3,1,Night,High,1531.4,7.45
M102994,5.1,472.8,66.2,3.453,7.81,1.4,1,Day,Medium,1366.3,4.39
M102995,3.9,512.2,74.8,1.684,10.44,0.0,3,Rotational,Medium,1593.7,6.15
M102996,2.2,368.2,53.1,2.68,12.54,0.3,2,Day,Medium,1150.7,5.82
M102997,16.3,402.4,85.0,1.601,10.76,5.9,2,Rotational,Medium,1447.0,7.12
M102998,10.3,402.8,92.0,7.783,8.93,0.0,0,Day,Medium,,14.8
M102999,5.7,466.4,,4.665,9.16,1.5,2,Day,High,1341.6,6.74
M103000,12.0,487.4,73.1,4.165,9.57,2.2,4,Night,Medium,1391.5,9.82
M103001,9.8,430.6,76.2,7.349,6.47,2.2,2,Day,Low,1280.6,10.73
M103002,14.9,494.5,53.3,3.847,9.54,1.9,1,Rotational,High,1245.5,6.85
M103003,0.8,372.1,86.5,0.962,10.38,0.0,1,Day,Low,1418.8,6.57
M103004,5.9,495.3,73.3,8.805,12.16,2.6,4,Day,Medium,1430.6,12.58
M103005,5.1,506.3,,2.181,11.14,,1,Night,Medium,1348.2,5.31
M103006,0.0,477.6,55.9,3.6,12.39,2.6,0,Rotational,Medium,1313.7,4.54
M103007,11.2,431.4,78.9,3.494,12.02,2.2,3,Day,Medium,,6.39
M103008,5.9,480.6,70.3,3.745,11.59,0.0,1,Night,Medium,1372.2,8.46
M103009,10.0,344.0,73.3,3.401,9.54,3.9,0,Day,Medium,1239.2,2.85
M103010,16.4,436.9,68.3,3.431,10.02,2.0,5,Rotational,High,1382.0,7.23
M103011,5.6,445.5,57.0,1.715,6.99,3.9,0,Night,High,1148.3,3.58
M103012,5.3,307.0,73.6,12.0,9.7,0.0,3,Rotational,,1362.6,20.6
M103013,7.5,460.3,65.8,4.598,10.35,3.9,1,Night,High,1340.6,5.0
M103014,10.9,313.9,67.8,,9.07,0.2,1,Night,Medium,1174.3,6.78
M103015,4.7,383.6,94.1,8.339,7.19,0.4,1,Night,Medium,1370.1,20.39
M103016,4.5,423.4,77.6,1.943,11.87,1.2,1,Night,High,1399.4,7.25
M103017,11.2,357.9,78.2,,10.11,1.7,2,Day,Medium,1302.1,8.83
M103018,8.5,427.0,97.9,2.515,12.08,1.7,3,Day,High,1680.2,12.7
M103019,0.0,425.7,72.2,4.06,10.61,2.8,2,Day,Low,1278.6,6.49
M103020,2.1,350.3,69.3,4.105,11.55,0.2,2,Rotational,Low,1302.4,9.05
M103021,13.0,468.3,60.5,1.032,11.24,1.9,0,,Medium,1318.4,3.13
M103022,8.6,355.0,63.0,1.623,8.48,0.9,1,Day,Medium,1080.2,2.94
M103023,4.0,614.5,45.5,7.339,8.74,1.0,3,Day,High,1212.8,10.56
M103024,6.3,410.7,76.7,2.927,8.86,1.4,2,Day,High,1306.4,3.09
M103025,7.1,320.4,54.1,9.032,8.05,0.6,4,Rotational,Medium,1041.7,13.23
M103026,9.9,336.3,77.9,,12.15,2.3,5,Day,Medium,1362.8,10.43
M103027,1.6,517.5,67.5,2.974,9.56,1.5,2,Rotational,Medium,1452.5,5.59
M103028,3.6,385.2,69.4,2.846,10.19,1.1,0,Day,Low,1171.4,3.01
M103029,8.1,304.1,67.5,7.57,7.5,4.6,0,Night,Low,1211.7,12.15
M103030,6.6,492.6,83.2,9.502,10.73,1.9,5,Rotational,High,1452.8,13.09
M103031,9.3,384.7,81.3,2.877,8.89,2.5,1,Night,Low,1429.7,7.9
M103032,2.1,475.5,,7.164,11.39,0.7,1,Day,Low,1307.8,10.21
M103033,8.4,499.5,58.1,5.557,8.47,0.6,0,Rotational,Low,1268.1,9.97
M103034,11.4,443.3,78.2,6.057,11.5,5.1,2,Rotational,Medium,1524.4,9.56
M103035,8.9,623.7,57.3,3.492,10.91,0.9,0,Day,Low,1380.9,7.13
M103036,7.6,273.4,50.9,2.372,8.8,2.9,0,Night,Low,1004.8,5.12
M103037,6.6,350.5,73.5,1.96,11.63,3.9,0,Night,Medium,1296.3,4.94
M103038,3.7,398.2,81.4,1.73,11.22,1.7,0,Night,High,1519.3,4.31
M103039,6.7,612.2,63.5,8.632,10.23,1.6,2,Day,High,1387.1,11.69
M103040,12.0,572.8,72.4,3.338,8.01,1.4,5,Rotational,Medium,,9.39
M103041,6.5,529.5,63.4,1.873,10.7,1.9,1,Day,Medium,1380.9,3.09
M103042,3.4,352.5,75.9,5.481,9.6,0.0,4,Day,Low,1363.7,9.36
M103043,5.0,362.4,80.0,2.613,9.57,2.2,1,Night,Medium,1321.2,7.58
M103044,7.8,349.6,65.1,2.398,9.61,2.6,0,Day,Medium,1194.3,3.09
M103045,5.5,353.4,56.7,9.337,9.45,2.5,2,Day,High,1100.3,12.38
M103046,8.9,546.9,52.0,1.707,8.2,4.2,0,Rotational,Medium,1282.8,5.33
M103047,9.1,399.3,78.2,3.734,7.23,0.6,2,Day,High,1376.1,6.15
M103048,10.6,410.5,55.5,2.471,6.92,3.4,1,Night,Medium,1040.6,5.71
M103049,12.7,485.8,72.1,2.281,9.95,0.7,2,Rotational,High,1231.9,4.95
M103050,11.0,278.6,76.6,1.597,5.86,2.3,4,Rotational,Low,1060.7,7.71
M103051,3.3,424.5,62.5,3.421,10.59,2.0,2,Rotational,Medium,1354.5,6.17
M103052,3.4,326.8,66.2,,10.26,3.7,0,Night,Low,1310.9,4.02
M103053,6.7,395.0,79.0,4.462,9.05,4.7,0,Day,Medium,1347.7,5.02
M103054,5.2,370.2,59.1,3.243,11.04,4.0,3,Day,Medium,1183.9,5.36
M103055,2.4,365.8,58.0,2.84,9.11,0.0,2,Day,High,1139.5,1.25
M103056,5.2,439.2,65.4,2.151,10.13,,1,Day,High,1302.4,1.57
M103057,5.1,438.8,82.1,6.789,6.56,1.8,3,Day,High,1454.1,9.35
M103058,4.3,401.3,85.7,4.796,6.14,1.0,1,Rotational,High,1443.3,9.93
M103059,5.7,451.5,66.9,2.362,9.15,0.3,3,Rotational,Medium,1230.0,6.42
M103060,11.7,346.2,60.2,1.683,10.13,0.9,1,Night,Medium,1116.2,4.83
M103061,7.8,477.9,79.7,1.292,10.93,2.1,1,Night,Medium,1508.0,5.7
M103062,16.9,402.5,49.6,5.863,9.23,4.4,3,Night,Medium,1206.5,11.45
M103063,7.7,378.9,70.7,5.231,9.87,1.3,6,Day,Medium,1321.3,12.77
M103064,5.8,352.4,67.5,5.603,10.68,2.4,0,Rotational,Low,1272.6,9.23
M103065,7.0,399.5,82.2,3.126,9.31,0.4,2,Day,Medium,1391.1,6.58
M103066,8.0,579.0,83.3,4.968,10.38,2.7,2,Night,Low,1551.8,12.41
M103067,8.7,414.6,57.6,5.549,7.81,0.0,0,Day,Medium,1092.5,6.06
M103068,15.3,322.7,69.8,3.206,7.02,2.1,0,Rotational,High,1116.3,4.12
M103069,3.6,498.1,61.7,2.776,8.7,2.2,1,Night,Medium,1350.3,5.24
M103070,10.4,379.9,,2.038,10.66,2.8,2,Day,Low,1330.3,4.69
M103071,7.8,444.1,74.8,4.109,8.43,0.4,1,Rotational,High,1417.3,4.96
M103072,0.7,368.5,64.3,4.391,10.48,1.2,1,Rotational,Low,1203.1,7.61
M103073,10.1,528.9,70.1,2.709,7.96,2.9,1,Day,,1372.1,4.91
M103074,12.1,369.8,78.5,2.874,8.63,2.4,3,Night,Low,1509.1,10.14
M103075,3.6,538.8,84.7,2.978,9.86,0.0,0,Day,High,1620.5,5.61
M103076,7.0,330.8,71.2,4.931,8.5,2.5,3,Day,Medium,,6.12
M103077,0.1,395.1,69.3,1.67,8.75,0.0,1,Night,Medium,1204.7,5.28
M103078,2.0,539.0,55.8,1.911,5.59,1.6,0,Day,High,1227.7,3.22
M103079,11.2,434.3,85.4,1.929,10.76,3.8,1,Day,Medium,1533.3,6.93
M103080,5.1,613.1,73.5,3.082,9.32,1.4,1,Day,High,1473.2,5.17
M103081,2.6,397.1,69.5,3.887,8.08,0.4,0,Night,High,1291.2,6.13
M103082,7.9,441.8,68.9,1.946,12.25,3.4,0,Day,Low,1331.2,5.56
M103083,4.9,581.9,72.0,5.23,8.32,5.4,2,Rotational,Medium,1555.4,10.01
M103084,5.1,291.3,76.5,6.899,8.73,0.0,2,Rotational,Medium,1225.6,10.05
M103085,10.0,280.8,77.9,4.083,8.06,2.8,3,Night,Medium,1281.4,9.26
M103086,2.4,352.4,85.7,5.821,11.16,3.3,5,Night,Medium,1534.4,10.69
M103087,3.4,489.1,70.7,2.101,11.65,1.2,1,Day,Medium,1397.7,4.25
M103088,7.6,283.2,87.3,2.126,11.5,0.6,1,Day,High,1443.0,6.47
M103089,10.9,470.7,79.6,4.294,11.49,0.0,1,Night,Medium,1636.7,9.99
M103090,12.0,464.8,67.3,3.257,8.6,3.0,1,Day,Medium,1401.1,7.27
M103091,4.3,591.2,49.7,2.124,12.01,2.5,1,Rotational,High,1204.7,6.24
M103092,10.7,508.9,68.9,6.77,9.21,4.1,6,Night,High,1407.6,11.28
M103093,3.9,450.9,85.1,3.855,7.19,1.8,0,Day,Medium,1524.2,6.36
M103094,14.3,535.5,59.5,4.717,8.86,4.5,4,Day,High,1363.3,7.26
M103095,2.5,465.8,68.9,2.37,9.99,0.0,0,Rotational,High,1391.6,4.84
M103096,12.3,380.9,69.8,7.69,8.53,1.8,2,Day,Medium,1346.0,7.47
M103097,4.4,322.7,78.4,3.071,9.72,1.6,0,Day,Low,1326.1,6.71
M103098,15.1,371.6,63.7,5.526,10.3,2.6,2,Day,Medium,1402.5,7.18
M103099,9.4,416.6,58.4,2.481,10.12,1.9,1,Rotational,Medium,1162.4,5.71
M103100,2.9,434.9,74.3,3.612,10.48,2.6,2,Day,Medium,1419.0,4.93
M103101,4.9,238.5,59.8,4.388,9.23,0.5,3,Night,Low,1012.1,8.3
M103102,10.1,401.3,47.8,9.004,8.41,0.0,4,Rotational,Medium,1131.0,17.43
M103103,11.2,422.4,88.2,2.665,7.29,2.8,1,Day,High,1452.4,7.46
M103104,6.7,466.5,78.2,3.674,9.37,1.4,2,Night,Medium,1330.7,9.21
M103105,7.2,558.3,88.7,4.463,8.69,1.8,2,Night,Low,1499.0,14.81
M103106,10.0,435.8,77.6,1.637,9.32,2.3,3,Day,Medium,1302.8,5.24
M103107,7.5,342.7,75.5,1.119,6.39,0.8,2,Day,Low,1112.6,6.96
M103108,1.8,265.5,72.1,2.018,7.22,0.0,0,Day,Low,1187.8,3.62
M103109,3.7,478.4,66.0,5.385,10.26,0.8,6,Day,Low,1317.5,10.81
M103110,7.9,346.1,73.6,7.832,7.05,0.7,1,Rotational,Medium,1235.5,13.85
M103111,11.9,493.7,61.9,2.093,9.21,1.4,4,Day,Medium,1331.7,4.25
M103112,13.5,538.8,56.2,1.807,8.25,4.6,3,Day,Low,1160.1,6.04
M103113,10.1,288.8,64.3,7.152,8.16,3.0,3,Rotational,Medium,1079.3,10.73
M103114,8.1,467.1,82.2,2.502,9.63,3.4,1,Rotational,High,1618.9,4.08
M103115,10.0,529.9,54.4,2.757,9.54,0.0,0,Night,Medium,1335.6,6.66
M103116,4.3,506.6,54.6,6.887,10.32,0.0,3,Day,High,1297.1,10.74
M103117,6.4,241.8,74.5,6.343,7.85,3.6,3,Rotational,Low,1188.5,11.71
M103118,3.7,347.4,77.0,,8.17,1.4,1,Day,High,1628.1,20.63
M103119,2.0,311.2,73.3,1.411,11.18,1.8,2,Night,Low,1232.4,6.51
M103120,8.3,464.5,78.9,1.77,9.16,1.4,1,Day,Medium,1541.8,5.11
M103121,7.7,455.1,73.1,5.814,10.05,1.2,1,Rotational,Medium,1286.1,8.14
M103122,9.8,190.7,61.0,3.892,8.75,2.5,4,Rotational,Medium,910.3,5.92
M103123,9.2,394.4,82.1,2.25,10.18,0.6,2,Rotational,Low,1437.5,8.22
M103124,8.0,488.1,76.2,2.795,5.77,2.7,2,Rotational,Low,1352.1,7.88
M103125,9.2,432.6,68.3,5.786,11.23,1.9,2,Rotational,High,1447.9,8.02
M103126,6.8,432.4,67.8,7.126,8.82,0.0,2,Day,Low,1164.7,10.52
M103127,8.7,389.0,72.1,3.31,7.63,4.6,1,Night,Medium,1289.4,4.77
M103128,4.1,330.0,64.6,2.355,7.91,0.5,2,Rotational,Low,1154.1,7.06
M103129,8.5,418.6,50.1,2.893,9.1,1.2,4,Day,Medium,1102.1,7.97
M103130,9.7,424.4,76.3,6.498,9.33,4.7,4,Day,Low,1294.0,11.46
M103131,4.3,472.3,75.6,6.435,9.71,3.1,4,Night,Medium,1397.1,12.61
M103132,7.2,479.2,42.7,3.659,7.71,0.2,1,Night,Medium,1034.9,11.9
M103133,4.5,427.3,73.6,2.548,10.81,3.0,1,Day,High,1536.1,3.45
M103134,4.9,513.1,87.3,5.705,8.71,2.7,2,Day,High,1590.4,9.8
M103135,2.5,388.1,55.6,7.474,8.64,1.0,2,Rotational,High,1050.0,9.38
M103136,12.1,297.3,67.2,1.605,9.16,0.9,4,Day,Low,1267.3,6.6
M103137,11.3,460.5,66.0,2.956,10.49,1.2,2,Rotational,Low,1382.3,5.93
M103138,9.1,430.7,86.3,5.918,9.45,2.8,2,Night,Medium,1480.0,12.67
M103139,14.9,462.2,80.3,3.445,8.69,3.9,1,Rotational,High,1431.8,7.52
M103140,6.2,312.5,58.3,2.601,9.01,0.9,1,Day,High,1058.0,2.35
M103141,19.1,572.2,71.8,3.642,11.33,1.4,1,Night,High,1526.5,7.24
M103142,6.1,480.4,93.3,3.996,11.08,2.2,1,Rotational,Medium,1674.5,12.02
M103143,8.0,395.5,61.1,1.89,10.05,4.1,0,Day,Medium,1223.6,2.93
M103144,5.4,340.5,67.9,3.474,9.72,1.7,1,Night,High,1216.5,3.8
M103145,8.5,511.6,73.6,3.99,12.97,3.7,2,Day,High,1536.4,6.27
M103146,10.3,326.3,61.3,2.598,10.2,1.2,2,Day,Medium,1202.1,4.59
M103147,6.5,612.2,87.4,2.248,9.77,2.1,1,Rotational,Medium,1692.1,8.27
M103148,14.1,367.9,62.8,2.537,9.2,1.1,1,Day,High,1230.7,2.07
M103149,8.0,566.2,52.7,2.043,10.04,0.9,1,Day,Medium,,6.27
M103150,8.1,404.3,62.2,5.08,5.5,4.0,4,Rotational,High,1162.1,6.78
M103151,3.4,554.4,75.2,2.03,11.04,2.7,0,Day,Medium,1454.8,2.33
M103152,8.7,357.5,59.2,3.649,7.59,2.8,1,Night,High,1156.8,4.9
M103153,6.5,421.6,71.3,2.754,8.42,3.3,0,Day,Medium,1207.5,5.33
M103154,4.6,488.4,74.2,2.332,7.4,3.2,1,Rotational,High,1435.6,2.81
M103155,3.9,476.3,54.7,6.591,8.4,2.6,3,Rotational,Medium,1252.1,10.6
M103156,17.7,513.6,61.8,3.11,8.99,3.2,5,Night,High,1326.4,8.08
M103157,5.9,378.6,71.8,2.376,10.83,3.1,3,Night,Medium,1288.6,5.27
M103158,1.2,427.2,75.7,2.265,11.43,1.5,0,Rotational,Medium,1422.1,3.53
M103159,4.2,526.1,62.1,3.934,12.41,4.2,1,Night,Low,1460.9,7.98
M103160,6.8,360.1,69.7,5.019,9.65,0.3,1,Day,High,1303.0,5.41
M103161,9.2,468.7,64.9,6.267,9.17,2.9,4,Day,Medium,1263.2,8.36
M103162,9.2,401.4,76.0,3.053,10.67,,2,Rotational,Low,1363.7,7.96
M103163,9.7,437.5,73.7,2.963,8.22,2.8,3,Night,Low,1488.4,9.9
M103164,4.4,427.2,63.9,3.545,8.05,1.1,1,Day,High,1147.8,3.06
M103165,8.4,353.0,73.3,3.609,8.95,1.1,1,Day,Medium,1139.7,5.47
M103166,3.5,397.8,63.5,2.257,9.45,0.0,1,Night,Low,1105.9,6.79
M103167,4.5,432.3,,6.898,6.4,2.3,1,Night,Medium,1277.7,10.8
M103168,3.3,411.3,73.2,3.357,11.1,0.0,3,Rotational,High,1336.8,4.13
M103169,2.2,553.7,94.1,4.338,9.86,2.5,3,Day,Medium,1675.4,12.66
M103170,11.3,505.8,64.3,4.105,10.7,4.9,2,Night,Medium,1421.4,7.02
M103171,9.8,444.6,66.4,4.063,7.14,0.0,0,Day,Medium,1356.8,5.43
M103172,10.9,355.1,60.9,2.01,8.5,3.1,0,Day,Medium,1151.5,4.13
M103173,7.2,350.0,56.6,3.31,8.43,1.6,1,Rotational,Medium,1100.7,3.83
M103174,10.1,587.8,63.0,,9.2,4.3,1,Day,,1496.0,16.38
M103175,0.0,334.2,75.3,7.342,9.45,2.1,5,Day,Medium,1326.8,9.27
M103176,10.5,429.7,76.1,3.591,10.8,2.1,4,Day,Low,1448.9,7.18
M103177,7.7,450.7,71.3,2.764,9.65,2.5,0,Night,Low,1442.4,6.26
M103178,9.5,393.5,64.7,1.095,8.39,3.6,0,Day,Medium,1200.7,2.69
M103179,8.5,334.8,62.6,2.589,12.78,,1,Day,Medium,1158.8,4.46
M103180,3.1,353.3,57.9,3.192,9.1,3.5,1,Night,High,1126.1,4.32
M103181,1.0,373.5,61.9,2.833,8.14,1.6,0,Night,High,1106.5,3.56
M103182,4.2,359.7,53.8,2.933,6.67,1.4,1,Rotational,High,1005.1,4.46
M103183,9.3,532.9,82.9,4.532,9.64,2.0,2,Day,Medium,1509.6,9.33
M103184,9.8,419.2,88.2,2.013,10.54,2.2,3,Rotational,High,1522.9,8.1
M103185,1.5,375.5,,3.805,7.79,0.6,1,Night,Medium,1012.3,10.1
M103186,3.1,429.1,71.2,3.142,10.44,3.7,1,Day,High,1274.0,3.5
M103187,4.1,476.8,71.0,2.136,9.63,1.9,1,Night,Medium,1464.1,6.0
M103188,5.6,390.7,70.3,7.668,6.84,2.1,3,Day,Medium,1278.0,9.33
M103189,1.6,496.7,61.5,4.825,10.44,1.1,0,Rotational,Low,1258.3,6.59
M103190,1.3,312.0,79.2,2.241,9.1,1.4,0,Day,High,1318.0,3.08
M103191,3.7,519.6,72.5,4.3,7.81,1.4,2,Day,Medium,1532.4,7.74
M103192,7.3,419.2,79.4,,10.94,0.0,0,Night,Medium,1455.2,6.35
M103193,2.3,415.9,59.9,2.383,10.91,2.0,0,Day,Low,1247.7,4.55
M103194,6.5,361.1,52.8,6.448,7.78,3.8,3,Night,Medium,962.5,11.03
M103195,11.2,315.6,72.8,3.958,9.94,3.6,0,Day,High,1214.2,3.48
M103196,1.8,278.3,57.4,3.802,9.8,0.0,1,Day,High,1077.9,5.18
M103197,6.2,355.2,79.6,5.438,9.4,2.2,2,Night,High,1387.8,9.74
M103198,11.1,470.0,44.6,4.507,8.73,0.7,3,Night,High,1054.0,10.55
M103199,5.3,338.3,62.8,2.907,9.28,0.7,2,Rotational,Medium,1171.5,6.11
M103200,4.7,288.4,61.2,5.303,10.91,3.2,0,Night,Medium,1239.6,6.51
M103201,11.7,342.7,64.3,1.427,10.11,2.3,0,Night,High,1213.5,2.81
M103202,5.8,387.3,70.9,2.378,6.61,1.1,2,Rotational,Medium,1291.3,3.48
M103203,11.4,390.6,72.4,3.163,6.28,3.2,1,Day,Medium,1224.7,5.3
M103204,8.7,409.0,75.0,4.366,6.71,1.4,1,Rotational,High,1350.8,6.33
M103205,5.6,507.8,76.3,2.822,7.46,0.0,3,Day,Low,1438.3,6.84
M103206,8.9,526.2,66.1,1.361,8.37,2.3,0,Rotational,Medium,1295.6,5.57
M103207,8.3,590.5,91.2,1.268,8.82,2.0,2,Night,High,1602.2,10.32
M103208,11.1,281.9,83.3,3.209,9.4,3.1,1,Rotational,High,1400.6,7.95
M103209,4.8,347.2,64.6,2.615,9.45,1.8,1,Day,Medium,1232.1,3.98
M103210,7.2,479.4,66.5,2.106,9.43,0.8,0,Rotational,Medium,1273.4,4.18
M103211,6.8,381.4,64.3,1.937,11.22,1.8,2,Rotational,Medium,1264.7,3.15
M103212,9.8,493.2,72.0,,6.98,0.0,3,Day,High,1374.6,5.6
M103213,2.9,437.6,57.3,6.367,10.0,0.2,1,Night,Medium,1097.8,12.47
M103214,11.1,554.2,59.3,3.55,9.99,2.3,2,Day,Medium,1355.4,6.1
M103215,8.9,508.6,44.2,6.41,7.61,0.0,1,Night,Medium,1131.6,13.92
M103216,1.7,510.2,63.6,2.754,10.3,1.4,0,Rotational,High,1356.4,3.69
M103217,11.8,385.0,79.7,,10.06,0.0,1,Night,High,1440.6,10.41
M103218,15.9,411.7,66.3,6.527,9.44,2.2,4,Night,Low,1209.2,11.15
M103219,11.0,394.1,66.9,3.068,5.87,3.4,1,Rotational,Medium,1283.4,4.87
M103220,12.7,292.0,71.1,3.364,10.95,1.7,2,Night,Medium,1070.1,7.17
M103221,7.3,545.1,57.0,2.753,9.84,,1,Day,Medium,1212.7,6.04
M103222,0.4,483.4,68.3,4.465,10.11,2.6,0,Night,Low,1418.5,8.1
M103223,0.0,390.7,77.8,5.213,5.5,0.0,1,Rotational,Low,1278.0,8.03
M103224,8.0,530.9,71.4,3.958,8.7,0.0,1,Night,Medium,1305.4,8.98
M103225,4.6,366.4,78.8,2.96,7.35,4.5,2,Day,Medium,1372.1,5.51
M103226,3.3,263.8,81.9,1.569,11.44,1.2,0,Rotational,Low,1274.4,6.67
M103227,6.7,505.6,75.3,3.241,7.84,3.9,0,Rotational,Medium,1441.2,5.27
M103228,9.5,311.3,60.2,3.016,11.72,1.9,2,Day,Medium,1013.6,5.96
M103229,1.2,403.4,64.2,3.736,10.93,0.0,0,Day,High,1185.0,3.76
M103230,5.2,437.5,,3.52,9.83,0.4,1,Day,Medium,1587.6,9.16
M103231,13.0,452.8,71.5,7.288,11.2,0.9,2,Rotational,Medium,1519.5,13.79
M103232,2.7,492.1,70.0,2.344,8.08,4.7,0,Night,Low,1355.5,5.5
M103233,10.5,469.4,58.5,1.51,8.35,3.7,1,Day,Medium,1223.8,3.6
M103234,5.1,466.7,67.0,1.875,10.88,0.7,2,Day,,1272.6,5.54
M103235,9.2,352.8,75.9,2.419,8.09,3.2,2,Night,High,1236.7,5.81
M103236,11.4,445.0,68.2,,7.51,3.8,1,Rotational,Low,1211.6,7.92
M103237,10.0,292.0,62.3,1.736,9.02,0.0,1,Day,Low,1066.3,6.5
M103238,10.6,552.8,64.8,1.855,8.18,0.8,2,Rotational,Medium,1258.3,5.8
M103239,2.4,300.8,81.1,4.083,12.3,0.9,1,Night,Medium,1434.4,9.9
M103240,11.5,390.6,75.3,5.077,10.66,1.8,5,Night,Medium,1341.9,9.19
M103241,3.6,307.9,73.9,1.53,8.64,1.6,3,Day,Low,1318.4,4.81
M103242,8.0,357.9,72.8,1.369,8.0,2.7,2,Day,High,1193.6,2.4
M103243,8.0,421.1,55.0,2.241,10.01,1.6,0,Night,Low,1166.0,7.04
M103244,8.9,375.1,71.0,4.612,11.28,0.4,1,Day,High,,7.47
M103245,8.3,517.3,79.7,3.567,9.94,3.5,1,Night,Medium,1480.8,9.45
M103246,3.6,439.3,65.1,2.282,8.07,0.8,0,Night,Low,1156.7,5.38
M103247,1.6,380.7,78.8,4.805,7.34,1.8,3,Night,Medium,1330.1,11.67
M103248,10.5,408.6,74.0,3.533,8.93,3.3,2,Night,Medium,1379.2,5.99
M103249,7.7,523.7,77.1,3.146,9.97,3.9,2,Day,Low,1510.3,7.32
M103250,11.6,497.3,68.6,1.481,8.79,0.1,2,Rotational,Low,1417.6,5.3
M103251,6.8,323.2,77.8,2.259,11.01,1.8,1,Rotational,Medium,1298.6,6.18
M103252,1.4,362.1,51.9,8.833,10.29,0.0,3,Day,High,1235.6,11.51
M103253,10.9,460.4,68.4,2.806,9.86,0.9,0,Night,Medium,1334.0,5.39
M103254,5.5,450.0,75.8,2.058,10.26,3.8,1,Day,Medium,1409.4,4.72
M103255,8.4,330.7,71.3,2.743,7.42,0.3,6,Day,Medium,1230.4,6.73
M103256,4.4,483.7,80.1,3.524,8.75,2.0,1,Day,Low,1572.2,7.54
M103257,13.6,344.3,66.3,5.164,7.94,1.9,4,Rotational,Medium,1152.8,8.91
M103258,3.5,530.8,62.0,4.529,10.08,2.8,1,Night,Medium,1428.5,7.56
M103259,5.7,465.0,50.0,2.367,7.96,2.3,0,Night,Medium,1127.8,7.18
M103260,7.4,323.8,65.0,6.27,9.62,2.5,1,Day,Low,1078.1,8.21
M103261,2.6,375.0,73.7,4.99,9.25,1.4,1,Day,Medium,1321.2,7.4
M103262,8.3,373.6,76.4,2.658,10.4,0.5,2,Day,Medium,1351.2,5.26
M103263,13.4,433.6,52.6,3.114,7.7,0.0,1,Day,Low,1203.4,8.19
M103264,5.0,402.7,80.9,4.483,10.18,4.2,2,Rotational,Medium,1365.5,6.35
M103265,8.6,322.6,57.3,5.682,7.9,2.7,2,Day,Medium,1025.9,7.11
M103266,0.0,301.5,66.7,1.554,8.05,0.8,1,Day,Low,1069.7,2.61
M103267,6.8,466.7,61.7,3.439,9.29,0.2,2,Day,Medium,1319.9,4.37
M103268,5.7,444.3,72.6,3.269,11.29,1.6,1,Rotational,Medium,1406.6,5.94
M103269,3.7,429.0,69.0,2.496,8.24,0.0,2,Day,High,1306.4,3.9
M103270,11.3,443.0,75.5,2.49,6.83,3.5,4,,Medium,1356.1,6.89
M103271,5.7,367.4,88.3,5.625,8.08,0.8,1,Night,Low,1282.2,15.0
M103272,6.3,435.6,72.4,4.338,8.92,1.7,2,Night,Medium,1196.3,7.02
M103273,5.5,635.8,61.7,9.519,12.3,0.8,0,Day,Medium,1565.8,13.29
M103274,0.0,519.8,73.1,2.497,10.08,1.2,1,Rotational,Medium,1409.3,5.15
M103275,2.5,395.5,89.4,3.556,8.37,0.0,0,Night,High,1497.1,8.97
M103276,10.8,375.5,75.2,3.876,9.29,2.7,2,Day,Medium,1324.8,5.9
M103277,0.0,176.9,78.4,5.197,11.86,5.0,2,Day,High,1348.9,6.49
M103278,3.9,510.8,50.5,6.548,9.14,0.0,5,Rotational,Medium,1186.1,13.19
M103279,5.4,486.9,72.3,3.479,9.16,3.4,4,Day,Medium,1440.7,5.04
M103280,14.0,373.8,65.1,1.921,8.89,1.1,0,Rotational,Medium,1212.8,3.53
M103281,10.1,298.3,60.5,2.327,10.54,3.0,1,Night,High,1150.0,3.95
M103282,4.8,321.8,67.8,3.566,8.71,1.4,2,Day,Medium,1162.5,2.79
M103283,12.2,457.8,69.2,5.82,10.81,1.3,3,Day,Medium,1381.4,8.05
M103284,4.0,412.4,61.1,1.611,11.09,0.0,1,Day,Medium,1232.7,3.57
M103285,11.0,478.8,70.1,1.85,10.42,7.7,1,Day,High,1328.6,1.28
M103286,1.6,427.3,66.1,,9.16,0.0,4,Night,Medium,1246.7,9.3
M103287,11.3,502.2,75.7,1.739,7.4,2.4,3,Day,High,1374.7,2.26
M103288,5.4,451.4,70.5,1.892,9.16,2.2,2,Rotational,Medium,1371.5,5.08
M103289,2.9,490.4,72.1,5.861,8.5,1.5,1,Day,High,1299.1,6.01
M103290,6.1,242.4,78.8,2.972,8.33,0.9,0,Day,Low,1127.9,6.54
M103291,8.1,315.1,74.1,2.861,9.14,0.7,3,,High,1286.1,7.1
M103292,5.0,389.0,67.9,6.581,10.22,0.2,1,Rotational,Medium,1279.0,9.64
M103293,9.2,511.8,45.0,1.951,8.57,4.1,3,Day,Low,1220.5,8.04
M103294,4.7,579.8,73.7,1.765,7.44,3.1,2,Rotational,Medium,1359.5,6.21
M103295,9.5,406.0,58.0,7.498,8.06,2.5,2,Rotational,Medium,1118.2,10.48
M103296,8.8,368.0,67.1,3.731,12.04,0.5,2,Day,Medium,1393.5,5.16
M103297,6.8,253.8,72.1,4.664,10.32,0.7,3,Day,Medium,1104.0,6.15
M103298,5.2,493.4,82.7,2.842,8.06,2.1,2,Day,Medium,1503.5,6.78
M103299,7.6,373.2,88.3,3.148,11.43,2.9,0,Day,High,1507.6,6.11
M103300,9.2,671.5,57.9,2.335,9.14,0.2,2,Rotational,High,1459.3,4.72
M103301,15.2,357.2,53.5,3.893,12.92,2.0,3,Night,Medium,1229.3,10.08
M103302,10.8,598.9,71.6,5.031,9.89,4.2,0,Rotational,Low,1441.7,10.58
M103303,10.9,483.6,70.7,3.662,10.35,2.4,3,Day,Medium,1490.0,5.75
M103304,19.4,332.6,54.8,,10.76,0.3,0,Night,Medium,1124.4,10.65
M103305,9.1,439.7,67.8,4.624,11.73,1.8,1,Night,Low,1382.9,9.07
M103306,8.9,485.6,74.6,1.966,8.84,2.5,1,Day,Medium,1431.9,3.8
M103307,9.8,400.9,54.5,3.088,11.6,2.5,0,Rotational,High,1236.7,5.32
M103308,3.0,491.2,57.1,2.653,8.56,0.0,1,Night,Medium,1153.9,6.04
M103309,5.2,489.4,60.9,4.839,8.96,2.2,1,Night,Medium,1291.6,9.15
M103310,5.0,470.7,65.7,4.182,9.51,2.1,1,Day,Low,1338.5,6.52
M103311,9.6,418.6,75.6,3.538,10.88,1.3,3,Rotational,Medium,1363.8,8.05
M103312,6.3,320.1,64.4,5.511,9.0,2.7,3,Night,Medium,1183.5,8.38
M103313,7.6,413.5,68.6,1.306,11.98,1.6,0,Day,Medium,1366.8,3.06
M103314,11.3,435.0,92.7,2.456,11.49,1.1,2,Day,Low,1525.7,10.85
M103315,10.5,260.5,57.5,2.562,9.56,2.0,4,Day,Medium,1075.6,3.7
M103316,6.4,434.4,60.8,3.765,8.05,3.1,3,Rotational,High,1163.8,6.28
M103317,4.3,411.8,75.5,,11.0,0.0,2,Rotational,Low,1487.2,9.2
M103318,11.5,309.8,78.9,3.318,6.36,4.4,2,Night,Low,1231.5,8.22
M103319,10.1,391.7,72.6,1.72,10.61,0.4,3,,High,1280.1,4.6
M103320,0.6,393.5,87.9,4.069,8.26,0.8,2,Night,Low,1489.7,11.09
M103321,5.7,584.1,71.5,3.54,11.38,1.2,2,Day,High,1458.7,6.3
M103322,7.7,438.7,46.3,1.593,7.42,2.4,1,,Medium,1075.4,5.2
M103323,10.1,508.1,69.1,2.864,8.51,1.9,1,Day,Medium,1316.6,4.77
M103324,10.6,410.0,61.7,4.003,10.16,1.1,1,Day,Medium,1260.3,5.55
M103325,8.1,260.7,83.2,7.588,10.4,2.5,6,Rotational,High,1216.1,15.3
M103326,9.3,477.1,78.6,1.926,8.56,2.1,3,Day,Medium,1326.0,4.2
M103327,7.3,364.1,50.5,4.929,9.0,2.7,2,Day,Low,1127.8,7.55
M103328,4.3,391.5,,1.938,10.93,0.6,1,Rotational,High,1512.4,3.98
M103329,6.0,330.5,78.3,1.759,11.01,3.6,2,Day,High,1392.9,3.38
M103330,7.1,426.2,64.4,1.812,8.97,0.9,1,Day,Medium,1316.0,3.13
M103331,6.9,510.5,67.1,4.493,8.59,3.1,1,Night,Low,1316.6,10.43
M103332,0.0,499.3,83.3,3.543,7.45,1.0,2,Day,High,1421.2,7.42
M103333,5.4,554.8,46.3,2.837,9.88,0.9,0,Day,Medium,1165.5,6.0
M103334,7.2,566.9,72.9,4.174,10.72,0.0,3,Day,High,1479.8,6.42
M103335,5.9,246.1,80.0,3.389,9.73,0.0,2,Rotational,Low,1335.8,8.99
M103336,6.0,318.5,67.0,3.509,8.11,1.9,2,Day,High,1138.1,3.67
M103337,9.0,266.3,75.1,2.853,12.18,3.5,3,Day,High,1243.2,3.57
M103338,2.7,473.7,69.1,,6.34,1.6,1,Rotational,Medium,1306.1,3.77
M103339,0.5,361.1,59.4,7.734,10.82,2.4,2,Day,Low,1153.6,10.88
M103340,5.6,378.4,59.1,6.687,9.83,1.0,2,Night,Medium,1181.3,9.24
M103341,10.1,401.6,75.8,7.353,10.2,0.0,2,Day,High,1432.2,10.15
M103342,13.8,452.5,61.0,2.535,8.32,1.8,0,Rotational,Medium,1219.6,5.2
M103343,10.1,293.7,51.2,2.361,9.27,2.1,1,Night,Medium,1022.3,6.09
M103344,1.1,313.0,69.3,2.699,9.94,0.7,2,Night,Medium,1271.2,5.53
M103345,6.1,420.1,62.4,5.681,9.37,2.9,2,Night,High,1281.2,7.99
M103346,8.0,521.9,54.8,3.32,6.81,2.3,2,Day,Medium,1145.6,5.86
M103347,7.7,417.8,68.8,2.53,12.07,0.3,3,Day,Low,1319.3,7.19
M103348,9.2,352.7,76.4,3.983,10.48,0.2,1,Day,High,1286.5,3.38
M103349,3.3,237.4,68.2,2.297,9.55,0.8,1,Rotational,Medium,1146.5,2.44
M103350,7.3,501.0,56.3,1.686,9.65,3.3,0,Day,Medium,1243.6,3.82
M103351,8.7,357.4,73.3,3.542,12.03,0.0,0,Day,High,1383.6,4.99
M103352,10.3,322.5,79.4,2.565,8.39,,2,Rotational,Medium,1214.7,6.0
M103353,3.8,274.2,92.3,3.297,8.05,4.3,2,Day,Medium,1327.7,10.56
M103354,5.6,297.7,83.9,0.867,10.78,3.0,3,Rotational,High,1433.0,4.42
M103355,0.0,338.3,56.9,2.125,10.19,0.0,0,Night,Medium,1113.5,4.22
M103356,4.5,399.7,77.4,3.246,7.99,2.4,1,Day,Medium,1322.5,5.78
M103357,4.9,317.3,70.8,1.556,11.13,2.4,0,Day,Medium,1193.9,2.73
M103358,2.9,435.8,55.3,1.582,9.94,0.3,0,Day,Low,1245.6,4.71
M103359,7.7,399.1,71.1,3.385,8.15,3.6,2,Day,Medium,1324.0,6.58
M103360,6.8,608.9,89.1,4.715,10.24,1.7,0,Night,Medium,1714.0,13.35
M103361,0.0,275.1,81.2,2.126,10.01,0.7,0,Rotational,Medium,1239.7,3.14
M103362,7.9,433.7,,2.912,9.37,2.9,1,Day,Medium,1246.3,4.73
M103363,3.3,434.8,68.2,2.946,10.08,2.2,1,Day,High,1209.6,3.62
M103364,8.9,332.4,73.4,1.52,10.44,0.6,2,Day,Medium,1291.0,4.74
M103365,1.9,428.1,49.0,6.001,10.87,1.6,1,Day,High,1130.0,9.99
M103366,7.1,485.4,49.4,3.03,9.66,0.0,2,Day,Medium,1254.7,7.72
M103367,5.9,428.2,69.7,3.046,9.09,2.1,1,Day,Medium,1371.1,4.58
M103368,8.2,537.7,69.8,4.001,9.86,1.7,0,Night,Medium,1561.7,7.6
M103369,7.5,234.9,47.8,1.522,11.29,0.9,0,Day,High,900.2,3.63
M103370,6.0,348.4,72.3,,10.44,3.4,3,Day,Low,1348.8,5.4
M103371,0.9,545.4,80.0,5.614,9.01,0.0,0,Day,Medium,1538.4,9.71
M103372,1.1,497.5,65.6,3.562,9.58,2.1,0,Rotational,High,1311.8,2.89
M103373,4.7,465.9,68.7,4.183,12.0,2.7,1,Night,High,1383.8,8.14
M103374,7.0,524.8,74.3,2.821,10.62,,0,Day,Low,1570.2,5.8
M103375,4.6,257.1,72.8,5.112,9.73,1.7,4,Day,Medium,1198.0,7.97
M103376,9.5,487.6,49.6,2.2,11.21,2.3,1,Day,Low,1154.2,7.59
M103377,5.9,510.5,58.0,3.267,8.69,0.2,0,Night,High,1326.3,6.47
M103378,3.1,364.0,63.6,3.366,9.99,0.1,2,Rotational,High,1262.4,5.1
M103379,5.9,643.5,58.5,3.257,12.31,2.6,0,Day,Medium,1487.0,5.41
M103380,7.9,436.7,84.1,5.666,10.48,2.6,3,Rotational,Medium,1426.1,14.55
M103381,8.3,233.6,75.0,9.916,11.93,1.4,1,Rotational,High,1130.7,14.61
M103382,14.5,452.4,55.8,3.143,9.37,1.5,2,Night,,1336.4,7.91
M103383,4.3,358.8,65.6,4.2,8.79,1.6,0,Night,Medium,1180.8,6.12
M103384,6.7,519.0,80.4,2.223,11.24,2.8,2,Rotational,Low,1675.6,10.25
M103385,8.7,466.6,,5.562,6.76,1.5,1,Night,High,1223.3,5.55
M103386,6.9,369.2,77.4,2.563,9.77,1.4,2,Night,Medium,1393.5,6.52
M103387,5.0,547.7,83.2,,11.05,3.0,2,Night,Medium,1523.4,18.8
M103388,0.8,499.9,81.4,1.44,10.34,1.5,1,Rotational,Low,1641.6,6.31
M103389,5.0,349.6,70.0,9.716,6.35,1.6,3,Day,Low,1170.9,11.72
M103390,2.7,407.1,81.8,5.45,7.48,1.2,3,Rotational,High,1376.0,10.2
M103391,0.1,463.9,62.3,1.894,9.33,4.1,0,Rotational,High,1323.4,2.77
M103392,3.8,389.0,95.3,10.588,10.21,0.4,6,Day,High,,22.18
M103393,2.8,391.6,70.6,2.087,10.27,1.4,1,Day,,1412.6,3.4
M103394,9.3,423.1,80.6,2.837,9.49,1.9,2,Rotational,Medium,1355.9,6.74
M103395,9.4,329.4,64.0,1.736,10.6,0.0,1,Rotational,Medium,1218.7,4.81
M103396,3.4,230.2,73.5,3.086,10.16,1.1,1,Night,Medium,1206.0,6.63
M103397,6.0,440.3,74.0,3.234,9.31,2.5,0,Night,High,1456.4,6.61
M103398,0.0,250.9,57.8,5.028,10.31,2.1,2,Rotational,Low,967.5,6.64
M103399,5.0,335.6,57.5,11.236,8.53,0.5,3,Day,Medium,,14.79
M103400,8.6,269.4,65.8,2.569,10.46,3.6,0,Day,Medium,1180.7,2.67
M103401,10.3,279.9,80.2,0.838,8.23,0.0,1,Rotational,Medium,1138.5,5.54
M103402,4.1,456.2,47.9,4.592,10.23,0.0,2,Day,High,1025.5,7.69
M103403,11.2,401.1,64.0,2.521,10.19,3.2,1,Day,High,1199.9,3.38
M103404,0.9,398.0,82.4,8.242,9.05,0.8,0,Rotational,Medium,1403.2,10.86
M103405,2.0,308.1,54.4,3.263,10.45,0.6,1,Day,Medium,989.5,5.55
M103406,9.8,364.3,81.8,2.272,11.81,3.1,4,Day,Medium,1464.5,5.99
M103407,13.7,452.0,55.6,2.001,7.97,4.1,1,Day,Medium,1208.8,3.24
M103408,9.0,415.6,57.9,4.533,10.93,0.1,1,Day,Medium,1129.6,6.73
M103409,6.8,489.9,66.4,2.893,11.13,3.1,0,Night,Medium,1432.0,5.91
M103410,0.0,502.0,88.6,6.916,9.19,2.6,2,Rotational,High,1605.2,11.56
M103411,0.0,398.6,61.0,2.988,10.7,0.1,0,Day,,1249.9,5.13
M103412,7.5,262.6,48.9,6.735,9.12,2.4,2,Rotational,Medium,1041.2,10.12
M103413,5.6,355.7,,1.665,11.38,0.2,1,Day,Medium,1180.0,6.17
M103414,2.6,411.7,78.3,1.392,5.5,2.9,2,Rotational,Medium,1301.9,3.96
M103415,7.3,354.0,53.1,5.026,11.67,2.2,2,Rotational,Medium,1141.6,7.39
M103416,7.5,330.4,81.1,2.632,7.83,1.5,1,Day,High,1342.8,3.92
M103417,10.8,425.9,68.8,2.91,9.63,3.4,2,Day,Low,1309.4,5.81
M103418,7.5,626.6,67.6,2.002,8.28,1.5,1,Day,Medium,1497.6,5.31
M103419,11.9,378.5,71.3,1.929,11.74,4.5,3,Rotational,Low,1415.5,5.33
M103420,7.0,419.8,59.2,4.562,9.16,2.6,1,Day,High,1218.9,4.96
M103421,6.5,308.5,69.5,3.289,8.69,0.0,0,Night,Medium,1171.4,5.3
M103422,11.3,525.7,54.9,1.954,11.18,4.6,4,Day,Medium,1248.5,5.93
M103423,3.1,494.4,82.8,4.93,10.6,1.9,1,Night,Medium,1562.5,10.74
M103424,18.3,488.5,56.7,5.974,9.0,2.6,1,Night,Low,1318.6,14.89
M103425,8.5,535.6,72.8,3.144,8.01,2.1,6,Day,Medium,1456.9,7.58
M103426,8.5,383.7,56.6,5.483,7.81,1.9,3,Rotational,Low,991.3,10.73
M103427,9.1,394.3,62.1,2.012,11.41,2.1,2,Day,Medium,1326.4,4.46
M103428,14.5,565.3,63.9,4.431,10.13,1.5,1,Rotational,Medium,1369.9,5.84
M103429,10.2,473.8,100.8,3.6,9.76,4.5,1,Night,Low,1700.1,16.96
M103430,0.6,231.4,67.8,2.235,10.24,2.6,1,Rotational,Low,1091.0,4.61
M103431,12.6,458.7,72.8,24.672,6.58,2.1,5,Rotational,High,1553.3,43.74
M103432,5.6,370.6,,3.73,9.01,1.1,4,Rotational,High,1053.4,5.3
M103433,7.4,496.3,51.4,2.471,9.05,3.7,0,Day,High,1166.5,3.77
M103434,1.9,454.7,66.2,3.353,10.97,0.0,2,Day,Low,1282.3,5.95
M103435,9.1,272.1,88.4,2.149,7.3,0.0,1,Rotational,Low,1206.5,9.89
M103436,4.4,442.9,71.7,1.862,11.08,2.5,1,Day,Low,1499.0,5.93
M103437,7.4,437.9,77.9,2.652,12.19,0.2,0,Day,Low,1458.4,6.2
M103438,5.9,450.9,58.0,2.743,6.92,1.5,3,Rotational,Medium,1267.7,7.28
M103439,14.7,468.9,65.8,2.221,9.52,3.1,1,Rotational,Medium,1306.2,2.96
M103440,14.9,547.2,70.2,6.206,10.25,0.6,2,Rotational,Medium,1473.8,11.55
M103441,7.2,455.2,60.0,2.264,10.81,4.4,3,Night,Medium,1299.0,5.95
M103442,7.3,421.9,72.4,2.083,6.25,1.9,1,,Medium,1221.0,4.44
M103443,5.5,517.6,74.8,1.835,10.01,2.7,2,Day,High,1494.6,4.23
M103444,11.4,610.6,74.0,1.749,9.17,3.4,2,Night,Medium,1633.8,6.39
M103445,5.7,497.8,66.3,5.55,9.08,1.1,1,Rotational,Medium,1364.2,6.03
M103446,5.3,437.5,80.0,3.778,12.6,1.1,3,Rotational,High,1488.8,7.23
M103447,10.9,456.8,65.2,4.689,9.18,2.2,1,Rotational,High,1308.8,6.13
M103448,4.8,441.8,64.2,5.525,10.17,1.7,3,Night,Low,1337.4,10.16
M103449,6.8,421.6,83.9,2.81,9.32,1.4,3,Day,Medium,1431.9,7.39
M103450,0.7,604.0,55.8,6.932,9.86,4.8,2,Day,Medium,1329.4,9.15
M103451,9.8,356.3,49.3,2.427,10.33,4.8,2,Day,Medium,1050.9,5.15
M103452,14.8,518.2,58.5,1.92,10.84,1.4,1,Day,Low,1343.3,5.2
M103453,9.9,409.3,72.3,4.002,8.33,3.1,2,Day,Low,1373.9,6.93
M103454,12.8,294.2,82.1,3.569,9.73,3.7,4,Night,High,1335.7,8.83
M103455,3.6,404.0,60.7,3.566,9.78,2.6,1,Day,High,1250.2,1.73
M103456,7.9,373.5,88.0,5.516,7.03,3.8,2,Day,Medium,1415.8,10.83
M103457,3.2,469.1,68.3,3.501,8.07,1.6,1,Day,Medium,1173.6,4.87
M103458,6.1,427.8,86.0,13.384,10.84,3.6,0,Night,Medium,1750.1,22.43
M103459,10.1,333.1,58.7,6.552,8.81,0.6,4,Rotational,Low,979.4,10.15
M103460,7.4,545.0,89.5,3.794,13.42,2.3,2,Day,High,1659.8,10.05
M103461,1.3,512.7,66.3,4.251,10.94,3.6,1,Day,Low,1292.2,6.52
M103462,1.7,554.8,53.3,1.634,10.18,2.4,2,Night,Medium,1277.2,5.63
M103463,1.5,440.1,95.0,12.0,11.77,1.0,3,Night,Low,1597.2,25.07
M103464,9.0,417.0,72.3,1.499,10.66,1.6,1,Day,Low,1374.4,4.99
M103465,15.3,479.8,76.8,2.535,9.78,0.0,4,Night,Medium,1481.5,7.05
M103466,12.4,370.9,86.5,2.497,7.38,1.5,2,,High,1356.4,7.34
M103467,0.0,431.1,74.8,9.526,10.5,0.6,3,Day,Low,1358.2,15.32
M103468,12.7,405.1,78.7,2.459,11.6,4.8,0,Rotational,Low,1440.9,5.21
M103469,10.7,295.8,68.6,4.141,8.61,0.9,4,Day,Medium,1193.8,6.6
M103470,0.8,430.8,76.1,2.506,6.76,2.4,0,Rotational,Medium,1258.6,3.84
M103471,5.8,382.5,67.6,1.974,7.9,1.4,2,Night,Medium,1163.0,6.62
M103472,11.4,399.4,67.8,4.416,12.14,0.0,2,Rotational,Low,1396.6,7.33
M103473,9.2,450.9,69.3,2.318,9.62,1.9,2,Day,High,1384.8,4.71
M103474,1.8,528.2,63.6,3.683,11.69,1.0,2,Day,Medium,1464.7,5.39
M103475,9.4,347.9,73.5,4.542,9.53,0.0,3,Day,High,1321.3,6.75
M103476,0.0,391.4,73.5,8.614,8.76,0.0,3,Rotational,Medium,1281.5,13.27
M103477,6.1,355.0,77.0,1.766,12.7,2.1,0,Day,Medium,1290.5,2.44
M103478,11.6,349.4,75.0,3.076,8.94,2.1,0,Night,Medium,1290.2,5.81
M103479,7.1,369.5,90.0,3.14,9.13,3.1,4,Rotational,Medium,1560.8,10.33
M103480,5.0,403.3,79.6,3.322,10.19,3.0,3,Day,Low,1428.0,6.22
M103481,10.6,469.8,65.7,11.994,9.06,1.8,2,Day,Medium,1275.0,16.31
M103482,10.9,447.2,73.0,3.044,10.67,2.3,2,Day,High,1293.8,4.51
M103483,12.2,330.2,83.5,0.941,10.17,6.5,1,Day,High,1287.9,2.44
M103484,10.5,530.0,57.6,3.007,10.23,2.6,2,Day,Medium,1288.6,6.9
M103485,11.3,500.3,90.2,3.129,8.58,1.3,2,Day,Medium,1557.0,9.72
M103486,9.9,343.4,59.5,2.943,7.01,,1,Day,High,1038.4,1.96
M103487,8.1,524.0,77.9,2.318,8.25,3.4,1,Day,High,1498.0,5.05
M103488,7.4,447.8,68.1,1.715,8.38,0.7,1,Rotational,Low,1259.0,4.56
M103489,6.1,406.7,67.4,9.774,9.94,1.1,2,Day,Medium,1219.2,11.96
M103490,2.2,450.4,53.7,3.893,8.28,0.0,1,Night,Medium,1210.2,8.79
M103491,3.2,417.8,78.0,3.016,7.3,0.0,0,Day,Low,1345.4,6.02
M103492,5.9,466.3,,9.62,7.78,0.9,1,Day,High,1140.6,14.24
M103493,8.0,435.9,52.1,2.15,10.08,2.7,1,Day,Medium,1113.6,4.79
M103494,12.8,391.3,80.8,4.487,10.53,2.6,1,Day,Medium,1353.6,7.32
M103495,6.8,247.8,87.7,1.778,8.74,1.2,3,Rotational,Low,1239.8,9.65
M103496,11.0,464.8,60.7,4.833,8.9,0.0,4,Rotational,Medium,1252.2,8.11
M103497,11.3,388.2,79.0,1.883,10.42,3.7,1,Day,High,1418.9,4.54
M103498,6.1,486.1,76.8,4.201,9.75,2.4,0,Day,,1390.8,5.41
M103499,9.4,460.9,67.0,8.816,11.28,1.5,5,Night,High,1330.2,14.65
M103500,6.0,390.4,82.7,,9.26,5.3,2,Night,Low,1384.5,8.12
M103501,12.3,507.0,66.2,,8.25,6.5,1,,High,1287.6,0.9
M103502,9.5,437.4,73.7,3.38,11.13,3.0,2,Night,High,1357.7,4.78
M103503,2.2,433.9,54.2,4.222,9.03,0.8,0,Night,High,1178.5,7.93
M103504,7.6,408.3,54.7,5.21,8.32,2.8,3,Night,Medium,1084.3,9.16
M103505,13.6,563.1,80.9,6.936,10.84,1.9,2,Day,Medium,1597.0,10.89
M103506,6.3,359.4,74.1,7.116,11.67,0.0,2,Day,Medium,1341.1,9.4
M103507,8.8,392.6,66.4,3.11,9.77,0.3,0,Day,Low,1250.3,4.88
M103508,9.2,314.8,89.0,2.388,7.99,0.8,1,Day,Medium,1333.9,9.68
M103509,2.9,481.8,103.5,7.285,11.8,0.0,0,Day,Medium,2257.5,21.67
M103510,9.0,370.5,72.8,2.535,10.07,2.8,3,Day,Medium,1277.1,3.58
M103511,1.4,380.0,52.0,4.213,9.83,0.9,2,Night,High,1090.5,6.92
M103512,4.5,376.1,66.8,1.692,8.89,3.4,4,Day,High,1212.0,2.71
M103513,11.3,425.3,58.8,2.089,11.19,1.5,3,Day,High,1189.6,4.12
M103514,8.4,313.7,69.0,4.398,7.84,1.1,2,Day,High,1114.3,5.04
M103515,5.8,229.3,57.7,2.403,7.69,3.1,2,Night,Medium,1017.4,4.0
M103516,8.8,458.9,54.8,3.995,12.34,0.8,3,Night,High,1183.7,8.42
M103517,6.8,240.3,43.1,2.21,8.21,0.6,1,Day,Medium,901.9,6.88
M103518,7.1,492.6,69.8,3.834,10.94,2.7,1,Rotational,High,1344.5,5.61
M103519,9.6,552.5,42.7,,11.57,5.1,2,Day,Medium,1240.3,6.1
M103520,4.1,406.0,64.5,1.283,9.82,0.0,1,Rotational,Low,1260.7,4.92
M103521,7.2,530.5,75.6,5.355,8.18,1.0,1,Day,High,1266.0,8.68
M103522,5.8,417.9,60.1,2.344,10.44,0.0,3,Day,High,1357.0,3.74
M103523,0.7,555.9,56.1,2.932,11.59,0.0,1,Night,Low,1447.3,7.83
M103524,3.3,381.2,,2.35,10.01,4.2,3,Night,Medium,1172.2,4.31
M103525,13.3,219.0,78.7,14.965,8.38,3.1,2,Day,Low,1548.9,18.93
M103526,8.5,413.2,70.0,3.922,9.96,3.0,0,Day,Low,1282.1,6.1
M103527,1.7,565.2,56.6,4.354,7.42,0.0,0,Night,Medium,1172.5,7.47
M103528,0.8,465.5,66.9,2.522,8.04,2.0,2,Day,Low,1221.3,6.31
M103529,6.6,376.2,64.2,3.239,9.11,2.5,2,Day,Low,1208.3,4.58
M103530,13.2,448.0,67.9,4.09,9.59,3.1,2,Day,Medium,1310.1,6.15
M103531,6.3,502.5,86.0,7.189,7.7,3.7,3,Day,High,1539.1,12.78
M103532,12.2,412.7,70.2,3.87,9.87,1.6,1,Rotational,High,1347.0,5.72
M103533,8.4,643.2,73.5,2.01,10.28,2.3,2,Day,Medium,1598.7,4.43
M103534,8.9,376.0,61.1,3.796,9.18,0.4,2,Night,High,1248.8,5.87
M103535,1.7,505.2,70.5,3.057,6.26,2.6,1,Night,Low,,7.48
M103536,10.8,484.8,65.0,1.222,9.66,2.4,2,Day,Medium,1304.2,3.26
M103537,5.7,360.5,68.3,1.32,12.22,0.0,1,Day,Medium,1319.9,3.1
M103538,10.5,383.9,75.1,3.212,10.19,0.0,3,Day,High,1463.2,3.76
M103539,3.7,506.5,62.5,3.35,9.52,1.6,4,Night,High,1322.7,6.07
M103540,7.7,432.3,63.6,,8.94,0.2,0,Night,High,1185.8,5.23
M103541,8.4,448.7,62.6,5.166,10.37,2.7,3,Night,Medium,1263.5,8.68
M103542,6.4,280.9,62.4,2.08,9.81,1.8,0,Night,High,1088.7,1.42
M103543,8.6,475.8,69.9,1.66,10.56,2.6,1,Day,Low,1442.3,4.74
M103544,5.9,444.4,64.0,2.197,7.86,0.7,0,Day,Low,1185.0,4.44
M103545,4.4,414.6,84.5,2.448,9.68,3.0,1,Night,Medium,1466.8,7.17
M103546,13.4,450.7,97.5,3.225,8.81,2.2,4,Rotational,Low,1633.5,17.33
M103547,11.2,385.2,61.8,2.228,10.06,1.2,3,Night,High,1293.2,5.82
M103548,4.0,369.7,71.2,1.138,6.58,0.0,1,Day,Medium,1189.8,2.48
M103549,9.3,399.4,79.4,0.919,8.91,4.8,0,Rotational,Low,1426.4,5.37
M103550,4.0,380.5,65.1,3.531,10.31,2.7,1,Night,High,1296.1,4.79
M103551,2.3,605.3,57.1,1.888,10.56,2.5,1,,Medium,1303.7,5.01
M103552,11.1,497.5,87.1,1.218,9.45,1.0,3,Night,Medium,1552.4,10.55
M103553,0.2,337.7,75.5,4.538,6.26,2.6,1,Day,Low,1216.2,6.56
M103554,10.7,593.1,71.5,7.189,10.46,3.5,2,Night,High,1667.4,10.7
M103555,6.0,383.2,84.0,3.167,11.88,0.0,2,Day,High,1536.4,6.46
M103556,6.2,422.5,76.5,3.797,8.24,0.0,5,Night,High,,8.65
M103557,8.6,496.3,67.5,3.813,8.86,1.1,3,Day,Medium,1255.0,8.12
M103558,9.3,252.6,57.3,1.044,10.71,,1,Day,Medium,1043.1,3.49
M103559,3.7,399.9,62.6,5.178,10.75,2.4,3,Day,Medium,1133.6,9.34
M103560,9.9,371.3,81.3,,11.15,2.0,2,Night,High,1307.3,11.8
M103561,7.5,437.4,75.5,8.318,11.02,1.5,1,Day,Medium,1420.1,12.38
M103562,2.0,451.5,65.9,2.668,7.2,1.9,0,Day,Medium,1188.1,1.37
M103563,6.3,413.4,87.4,1.882,8.78,5.6,0,Rotational,Low,1448.7,8.38
M103564,12.5,409.5,66.3,6.549,10.44,2.6,5,Night,Low,1332.7,11.87
M103565,13.7,510.5,78.9,4.261,9.37,3.4,4,Night,Low,1416.4,10.23
M103566,9.9,445.6,70.4,5.141,10.05,0.0,4,Night,Low,1375.5,10.66
M103567,2.2,423.5,89.3,2.402,9.3,1.6,3,Night,Medium,1534.3,10.06
M103568,9.0,432.6,76.3,3.803,8.85,4.1,1,Day,Low,1399.7,5.96
M103569,10.4,576.1,68.5,1.961,9.14,0.0,2,Day,Low,1473.7,5.83
M103570,9.9,434.7,66.0,3.311,7.82,0.6,2,Rotational,Low,1273.5,9.42
M103571,10.1,376.3,67.8,2.79,8.41,2.5,0,Rotational,Medium,1235.0,3.2
M103572,8.5,257.7,60.0,10.716,9.4,1.1,3,Day,Low,1020.5,16.22
M103573,6.7,298.1,53.0,4.368,9.43,0.0,0,Night,Medium,991.3,8.2
M103574,4.6,380.3,71.4,1.132,10.35,0.1,1,Day,Medium,1160.0,3.28
M103575,0.0,410.8,62.1,3.318,9.07,4.9,0,Rotational,Low,1307.9,5.25
M103576,8.4,372.8,62.1,3.991,12.01,0.2,1,Day,High,,5.06
M103577,7.7,449.8,,2.62,11.34,3.2,2,Day,High,1333.8,1.98
M103578,9.2,371.7,68.6,1.913,8.75,0.0,1,Day,High,1239.5,2.28
M103579,1.6,342.3,68.1,4.619,9.8,0.0,3,Night,High,1285.7,6.76
M103580,9.6,472.1,87.1,2.053,11.32,3.9,1,Night,Low,1593.3,11.63
M103581,15.2,536.4,75.3,4.427,8.54,2.8,1,Night,Medium,1442.5,8.54
M103582,7.3,325.9,91.2,,8.38,1.1,0,Rotational,Medium,1436.5,8.23
M103583,6.8,440.7,63.2,2.542,11.45,1.0,1,Day,Low,1429.7,5.97
M103584,8.2,258.1,100.5,18.285,10.54,1.1,2,Night,Medium,1889.6,39.73
M103585,15.1,294.7,63.8,4.24,11.11,3.9,4,Day,High,1203.5,5.33
M103586,2.9,370.0,61.8,3.373,9.97,2.4,1,Night,High,1173.0,3.09
M103587,7.8,516.5,91.6,3.271,9.12,1.0,3,Day,Low,1609.5,12.76
M103588,3.8,353.8,59.6,3.474,7.49,2.9,2,Rotational,Medium,1157.1,4.8
M103589,4.8,350.6,43.5,2.235,9.71,0.0,2,Rotational,High,990.4,7.4
M103590,6.8,423.1,60.2,1.555,11.35,1.7,1,Rotational,High,1214.5,2.32
M103591,12.4,423.2,45.9,4.413,11.37,1.5,4,Night,High,1024.8,10.57
M103592,14.2,353.3,57.5,7.135,11.11,0.3,2,Night,,1115.9,12.23
M103593,8.8,588.8,58.6,4.491,10.68,4.7,1,Day,Low,1471.8,5.71
M103594,5.5,397.4,68.4,3.77,12.82,2.3,1,Day,High,1350.9,4.93
M103595,17.0,429.7,45.5,1.814,7.17,4.2,2,Day,Medium,914.8,5.93
M103596,5.3,385.8,81.2,5.148,9.85,0.8,3,Rotational,High,1296.0,9.2
M103597,4.7,457.4,47.4,4.224,8.09,1.9,4,Night,High,1115.1,11.46
M103598,0.0,525.0,66.6,4.855,11.83,4.7,1,Day,High,1328.4,3.98
M103599,12.6,561.4,64.4,5.567,8.67,0.5,3,Night,Medium,1281.7,11.1
M103600,10.9,355.2,77.1,7.338,11.01,3.8,4,Night,,1387.6,10.3
M103601,16.7,513.6,71.9,1.901,8.83,1.4,0,Rotational,Medium,1485.0,5.43
M103602,1.4,466.7,81.1,1.743,10.13,0.0,1,Night,High,1529.4,5.49
M103603,12.8,502.8,64.0,3.575,9.34,2.1,3,Rotational,Medium,1242.2,4.84
M103604,7.3,412.2,62.9,2.093,9.48,2.3,0,Rotational,Medium,1276.0,4.24
M103605,10.2,404.1,72.5,1.92,10.0,6.0,0,Night,Medium,1413.6,4.11
M103606,0.4,499.5,79.3,6.111,10.88,1.1,3,Day,High,1454.8,9.61
M103607,12.9,501.1,77.1,2.005,9.34,1.0,2,,High,1479.3,4.79
M103608,10.1,553.1,71.5,3.302,10.84,1.5,3,Rotational,Medium,1552.4,6.34
M103609,6.8,436.9,70.6,1.469,11.06,2.0,1,Rotational,Medium,1422.7,4.65
M103610,9.6,410.9,67.6,3.426,8.87,0.0,0,Day,Low,1155.0,6.37
M103611,3.9,210.9,72.5,5.998,12.33,3.8,4,Day,Medium,1177.4,6.92
M103612,4.7,283.0,90.4,6.089,10.62,1.2,0,Rotational,Low,1405.8,13.84
M103613,5.1,386.5,65.3,5.598,8.85,2.4,1,Day,Low,1211.3,9.69
M103614,0.0,326.4,64.0,3.193,10.42,0.9,0,Night,Medium,1177.1,4.81
M103615,10.4,489.2,63.1,5.788,11.06,1.3,1,Rotational,High,1265.6,7.45
M103616,11.8,308.6,72.3,4.117,10.38,4.7,2,Night,Medium,1215.7,8.5
M103617,4.2,377.4,44.7,2.666,9.8,0.1,1,Day,Medium,988.6,9.29
M103618,8.4,380.7,66.5,4.018,5.5,2.5,0,Rotational,Medium,1155.2,4.7
M103619,5.9,522.4,77.7,,8.05,0.4,1,Day,Medium,1417.2,8.44
M103620,8.3,368.3,62.2,1.709,10.52,0.0,0,Rotational,Low,1204.1,4.85
M103621,4.5,458.5,70.1,1.954,8.02,1.9,0,Day,High,1191.8,2.91
M103622,3.5,436.6,91.2,3.09,10.27,0.7,4,Day,Medium,1602.6,12.75
M103623,11.2,496.8,71.6,1.802,10.83,2.9,2,Day,Medium,1433.4,4.06
M103624,6.7,492.3,43.4,1.79,9.33,0.6,2,Night,Medium,1139.1,7.73
M103625,15.1,417.2,52.5,2.69,6.85,3.5,0,Night,Medium,1024.6,6.54
M103626,7.2,275.8,65.2,5.452,8.39,0.1,0,Night,High,1105.2,6.8
M103627,3.3,400.3,59.2,5.401,10.53,1.5,0,Day,Medium,1222.1,7.64
M103628,11.9,418.3,69.1,3.898,11.39,1.8,2,Rotational,High,1330.8,4.41
M103629,9.5,444.3,64.8,3.633,6.38,2.3,2,Day,High,1205.3,3.96
M103630,9.9,357.3,80.8,9.429,9.62,2.4,2,Day,High,1418.4,14.99
M103631,11.8,517.0,56.0,2.535,7.3,0.3,0,Day,High,1203.3,4.44
M103632,4.4,421.2,65.7,3.745,9.64,2.1,1,Day,Medium,1325.2,5.01
M103633,6.5,341.8,70.4,2.473,9.26,0.6,1,Rotational,High,1283.3,3.99
M103634,6.3,381.1,71.8,1.744,13.04,0.0,0,Day,,1290.6,3.2
M103635,1.8,583.9,69.6,6.004,8.69,2.1,0,Day,Medium,1501.7,6.52
M103636,5.9,476.5,41.5,2.85,11.07,3.6,0,Day,Medium,1106.5,8.05
M103637,12.3,509.1,83.2,16.091,11.01,3.0,5,Rotational,Low,2203.1,29.0
M103638,7.9,331.5,66.3,2.936,9.21,3.7,0,Night,Low,1201.6,7.6
M103639,1.6,361.4,77.5,6.192,9.68,2.3,0,Day,Medium,1292.6,7.84
M103640,0.8,362.1,76.0,2.017,9.5,0.4,0,Day,Medium,1135.6,4.06
M103641,13.7,435.7,70.6,5.941,8.38,7.6,1,Night,Medium,1462.1,9.17
M103642,6.6,405.2,71.4,5.192,8.25,4.5,3,Rotational,Low,1236.7,10.3
M103643,4.4,378.4,82.9,1.353,8.89,0.1,3,Day,Medium,1368.6,6.06
M103644,5.9,389.1,80.7,2.564,7.79,0.0,1,Day,Medium,1271.7,5.26
M103645,1.1,352.5,71.0,5.531,8.75,4.8,0,Day,Low,1180.8,10.6
M103646,12.7,404.7,91.6,7.528,9.21,0.0,5,Day,Low,1496.0,16.21
M103647,5.4,514.6,61.1,4.748,9.74,3.9,1,Night,Medium,1260.6,6.99
M103648,12.5,291.4,55.0,2.723,10.17,1.7,1,Day,Medium,1029.3,4.48
M103649,7.2,449.5,67.9,2.046,9.21,1.5,1,Day,Medium,1299.0,5.14
M103650,12.7,537.3,63.9,4.408,8.35,4.6,3,Day,Medium,1380.5,6.21
M103651,8.0,404.4,40.9,2.683,10.14,0.6,4,Day,Medium,1043.7,8.83
M103652,10.4,375.0,60.8,2.741,10.69,3.4,2,Day,Low,1128.8,5.81
M103653,9.9,498.6,71.8,2.968,8.77,0.9,5,Rotational,Medium,1452.5,8.77
M103654,9.5,336.3,67.4,5.16,8.03,1.0,1,Night,Low,1130.3,7.95
M103655,8.4,418.1,59.5,8.193,8.83,0.3,3,Rotational,Medium,1087.8,13.23
M103656,6.1,331.6,68.5,5.548,9.23,2.5,3,Day,High,1221.3,6.79
M103657,14.7,261.0,69.4,3.336,11.22,3.7,4,Day,Medium,1174.0,4.39
M103658,3.4,407.1,75.9,2.118,10.54,2.5,2,Day,High,1228.4,2.32
M103659,7.0,312.6,60.9,4.636,9.5,1.4,1,Day,High,1098.0,5.06
M103660,7.1,419.0,77.6,7.635,12.35,1.5,4,Night,Medium,1518.9,12.38
M103661,8.6,514.8,56.0,5.484,9.45,0.3,3,Day,Low,1261.5,10.03
M103662,5.3,577.6,62.5,3.684,11.62,1.3,2,Rotational,Medium,1352.4,7.99
M103663,8.3,427.9,86.7,2.6,11.33,2.0,1,Night,Low,1562.5,10.65
M103664,6.3,506.6,56.7,,11.23,0.2,3,Day,Low,1336.5,7.98
M103665,0.7,453.9,60.8,,9.98,0.9,2,Night,Low,1273.7,13.14
M103666,7.0,387.4,54.2,3.729,9.68,0.0,2,Day,Medium,1229.4,6.95
M103667,2.6,256.4,58.9,3.153,9.51,0.1,3,Day,High,1134.8,3.22
M103668,0.1,558.3,69.5,2.355,10.78,1.9,1,Night,Medium,1509.2,5.95
M103669,7.5,330.8,75.8,12.0,8.32,0.0,6,Night,Medium,1193.5,22.02
M103670,9.0,537.5,67.8,2.127,9.11,1.9,0,Night,Low,1413.1,6.95
M103671,9.1,465.6,64.4,2.031,12.0,0.7,2,Day,Medium,1361.8,5.09
M103672,9.3,337.0,54.3,3.604,10.44,4.0,0,Night,Medium,1081.7,7.46
M103673,0.0,446.5,60.0,3.001,10.93,0.0,1,Day,High,1256.9,3.38
M103674,1.6,601.3,51.0,5.538,7.67,3.0,0,Rotational,High,1077.7,9.61
M103675,14.9,550.5,76.1,5.633,8.85,3.3,2,Day,Low,1487.5,12.26
M103676,2.8,376.4,76.9,1.809,10.0,,2,Rotational,Medium,1344.3,4.99
M103677,9.4,359.5,67.6,2.276,9.44,1.8,1,Night,Medium,1129.7,6.94
M103678,4.3,428.5,72.9,2.143,7.66,2.0,4,Rotational,Medium,,5.18
M103679,7.3,405.9,77.6,4.915,10.64,1.7,1,Day,Medium,1260.0,7.28
M103680,4.5,522.0,69.1,4.113,11.12,2.3,2,Night,Low,1504.9,7.5
M103681,9.2,482.9,83.3,2.757,9.07,0.9,1,Day,Medium,1618.5,7.38
M103682,7.5,276.2,56.7,3.7,10.69,0.6,4,Rotational,High,1087.3,5.44
M103683,5.2,459.0,,1.891,12.54,0.2,0,Day,Medium,1369.8,2.9
M103684,2.8,404.8,62.9,2.29,11.79,2.6,3,Day,Low,1206.7,5.66
M103685,8.1,423.2,75.1,1.733,9.14,2.7,0,Night,Medium,1407.9,4.56
M103686,2.1,441.2,52.2,3.571,7.84,4.5,1,Day,Low,1047.2,6.3
M103687,8.7,521.9,83.9,3.564,9.85,2.8,2,Rotational,Medium,1508.4,10.43
M103688,17.5,503.1,74.2,2.03,13.02,5.4,0,Rotational,Medium,1393.8,3.87
M103689,12.4,356.3,87.3,4.098,11.51,3.8,0,Day,High,1481.6,8.82
M103690,9.9,415.0,67.6,5.633,9.49,1.7,4,Rotational,Low,1226.6,13.08
M103691,6.7,381.9,61.9,1.983,11.84,0.0,2,Night,High,,5.77
M103692,0.0,277.0,,2.82,11.25,2.6,0,Night,Low,1196.4,5.6
M103693,1.7,410.7,79.3,4.292,6.65,1.1,2,Day,Medium,1435.0,5.71
M103694,12.1,576.8,60.1,3.31,11.09,,0,Night,Medium,1448.2,5.89
M103695,3.8,274.5,46.0,1.672,9.68,2.4,0,Day,Medium,996.5,4.38
M103696,4.2,418.0,47.9,2.663,8.2,1.6,2,Day,Medium,932.8,4.82
M103697,6.3,415.2,70.9,2.62,9.64,4.7,2,Night,Low,1335.1,5.83
M103698,2.8,444.5,,3.049,10.12,2.2,1,Rotational,High,1534.5,6.75
M103699,2.1,338.2,53.7,3.115,8.31,0.9,0,Day,Medium,1099.4,5.22
M103700,6.8,298.9,65.0,7.265,9.32,2.1,2,Night,Medium,1142.3,10.92
M103701,3.4,302.8,64.2,2.991,9.0,3.6,0,Day,High,1144.3,1.87
M103702,4.0,533.1,89.1,1.406,10.69,1.4,0,Day,Low,1651.4,9.16
M103703,3.9,336.5,92.8,3.475,9.05,0.0,2,Day,Medium,1521.6,11.25
M103704,9.1,377.5,72.7,7.956,6.95,0.4,2,Day,High,1203.2,9.99
M103705,6.1,598.9,77.9,3.054,8.83,2.5,2,Rotational,Medium,1547.5,5.5
M103706,6.3,357.6,77.6,2.667,8.08,1.4,2,Night,Medium,1419.2,6.19
M103707,9.4,449.1,53.9,2.85,7.56,3.1,2,Night,High,1141.6,6.2
M103708,6.4,510.4,75.7,4.446,11.27,0.0,1,Night,High,1493.1,6.36
M103709,5.9,506.3,56.8,2.844,10.71,1.9,1,Day,Medium,1403.9,5.93
M103710,8.9,306.8,66.1,1.556,8.05,0.6,1,Day,Low,1138.4,4.17
M103711,9.7,359.4,80.5,,7.6,1.2,2,Rotational,Medium,1385.1,8.42
M103712,6.4,445.7,68.9,3.214,9.35,1.3,3,Night,High,1408.3,6.19
M103713,7.3,584.0,80.1,4.34,7.51,2.9,2,Day,High,1488.2,7.83
M103714,3.9,355.3,82.3,2.481,9.14,0.3,2,Day,High,1395.3,4.42
M103715,3.6,378.0,48.7,2.863,9.61,4.1,2,Day,,1061.6,7.24
M103716,10.1,455.7,44.0,3.396,9.96,0.3,1,Rotational,Medium,1030.8,10.05
M103717,8.8,472.7,80.8,2.251,10.01,3.8,1,Night,Medium,1417.8,7.07
M103718,8.8,477.8,81.2,3.171,8.33,1.1,2,Day,Low,1488.7,9.2
M103719,8.1,348.1,70.8,4.194,9.61,0.5,4,Rotational,Medium,1298.7,7.55
M103720,7.2,374.8,72.3,1.834,11.42,2.4,2,Day,Low,1378.5,4.19
M103721,9.8,438.3,77.8,3.87,6.35,0.3,4,Rotational,High,1323.4,7.14
M103722,10.7,527.3,77.6,1.925,9.99,1.7,0,Night,Medium,1437.6,6.61
M103723,10.6,399.7,64.7,1.944,7.73,7.3,2,Rotational,Low,1322.1,6.17
M103724,6.6,418.1,78.5,2.384,11.61,2.4,2,Rotational,Low,1400.4,6.83
M103725,12.5,332.8,64.2,6.571,10.73,2.2,1,Day,Medium,1233.3,9.13
M103726,7.9,578.4,70.7,1.408,10.68,1.1,0,Day,High,1449.6,1.9
M103727,9.5,433.1,70.2,2.633,8.22,2.1,6,Rotational,Medium,1266.4,7.39
M103728,8.1,511.6,58.5,3.276,9.9,1.1,1,Rotational,High,1259.1,5.63
M103729,8.0,422.5,59.8,5.951,10.06,2.1,1,Day,Medium,1229.3,7.01
M103730,4.1,427.2,92.6,8.793,5.94,0.4,5,Night,Low,,22.5
M103731,9.8,292.5,58.2,2.689,9.72,6.3,1,Day,High,1132.8,1.08
M103732,18.4,237.2,72.1,4.348,10.42,1.2,0,Night,Low,1103.4,8.54
M103733,5.5,526.4,74.4,3.167,7.38,1.7,2,Rotational,Medium,1312.1,6.33
M103734,7.3,426.6,67.4,3.157,10.4,2.3,1,Night,Medium,1287.3,7.14
M103735,5.2,437.5,,,9.65,1.9,2,Rotational,Medium,1382.2,6.72
M103736,5.0,313.8,71.6,1.503,11.57,1.8,2,Day,Medium,1237.1,4.14
M103737,13.2,343.2,58.4,3.242,8.88,2.9,1,Day,Medium,1130.1,5.9
M103738,4.3,510.3,73.9,4.159,9.77,1.8,1,Day,Medium,1431.9,8.37
M103739,5.1,567.9,,2.16,10.01,0.6,1,Day,Medium,1328.3,2.24
M103740,0.7,367.2,87.1,4.173,5.5,0.4,3,Day,High,1388.5,9.13
M103741,4.0,477.1,72.7,1.399,8.97,3.5,0,Day,High,1405.2,2.72
M103742,0.2,436.2,60.3,3.479,9.63,1.4,0,Night,Medium,1252.1,6.22
M103743,9.5,409.8,71.8,6.495,5.97,1.3,2,Day,Low,1212.7,10.44
M103744,18.2,577.4,57.8,2.976,10.51,1.7,1,Night,High,1316.0,6.94
M103745,5.5,381.5,70.8,2.036,9.63,3.5,0,Day,Medium,1356.6,2.24
M103746,0.3,525.5,65.5,1.628,9.62,6.0,0,Day,,1369.1,4.36
M103747,10.6,452.4,58.9,4.036,10.58,3.1,2,Night,High,1184.5,6.57
M103748,4.1,418.6,58.8,5.28,8.88,0.3,3,Night,Low,1230.6,10.22
M103749,12.2,536.6,94.8,3.228,9.56,3.3,4,Rotational,Low,1793.1,12.67
M103750,5.9,444.7,69.0,2.633,10.8,0.9,1,Day,Medium,1311.7,4.95
M103751,4.5,411.8,63.3,1.264,9.58,2.6,1,Night,Low,1244.1,4.19
M103752,6.3,537.3,61.3,3.533,6.73,0.0,0,Rotational,Medium,1256.2,7.36
M103753,10.0,526.2,73.2,2.352,9.58,2.1,1,Night,High,1485.1,6.18
M103754,6.1,522.2,61.0,2.421,9.6,1.1,4,Day,Medium,1316.4,5.21
M103755,5.0,120.0,,7.45,10.85,0.1,4,Day,High,903.8,6.41
M103756,6.2,457.4,67.6,1.349,8.99,2.6,2,Day,Medium,1351.7,2.6
M103757,1.9,438.0,67.6,1.442,8.03,1.5,2,Day,Low,1294.6,4.46
M103758,8.6,417.0,63.4,3.727,8.04,,3,Day,High,1289.4,4.78
M103759,0.0,471.8,58.2,2.738,11.66,0.4,1,Night,High,1376.5,4.36
M103760,5.2,442.1,,2.562,9.93,0.8,1,Day,Medium,1270.1,5.42
M103761,10.0,477.6,62.8,3.805,11.59,6.1,2,Day,Medium,1398.8,4.25
M103762,8.2,397.2,61.3,3.773,11.8,2.3,1,Rotational,Low,1313.7,5.11
M103763,9.4,547.3,71.0,2.04,8.38,3.6,1,Day,Low,1480.6,5.85
M103764,6.7,486.2,92.5,2.47,8.27,2.7,0,Day,Medium,1576.4,10.16
M103765,11.7,466.1,82.6,3.403,9.31,4.1,2,Day,Medium,1383.7,7.35
M103766,10.7,462.0,89.4,3.609,10.42,5.8,3,Rotational,Low,1503.3,11.73
M103767,8.8,518.4,61.8,4.228,7.4,1.4,1,Day,Medium,1237.2,6.07
M103768,10.7,506.8,86.4,2.48,10.18,2.3,2,Night,Medium,1538.1,9.47
M103769,10.0,410.4,70.5,3.949,10.11,1.7,1,Rotational,Medium,1369.7,7.19
M103770,5.2,504.2,78.8,5.34,7.81,0.3,5,Day,Medium,1459.8,10.5
M103771,1.6,434.8,73.0,3.399,7.86,2.9,0,Day,Low,1332.5,4.96
M103772,8.7,582.9,64.2,3.154,10.17,0.0,2,Rotational,High,1430.5,6.48
M103773,9.2,513.3,75.9,2.951,12.61,0.2,3,Day,Medium,1499.1,7.97
M103774,11.4,366.8,73.3,2.438,9.06,3.2,2,Night,High,,5.07
M103775,3.3,618.1,48.5,2.077,9.99,0.3,2,Rotational,High,1305.9,6.5
M103776,3.4,241.3,66.6,2.86,8.59,0.0,2,Rotational,Medium,1105.5,5.59
M103777,8.8,474.2,77.6,4.16,9.85,1.2,3,Day,High,1444.9,8.85
M103778,6.7,360.8,71.1,2.129,8.56,3.3,3,Rotational,Medium,1170.1,4.28
M103779,0.0,580.0,73.2,3.197,9.11,0.0,0,Day,Medium,1553.2,5.29
M103780,8.5,441.5,59.7,3.017,13.17,2.3,3,Rotational,Medium,1363.3,6.18
M103781,0.0,352.5,70.8,8.076,9.66,1.6,6,Rotational,Medium,1391.9,12.14
M103782,3.2,397.3,66.9,4.765,7.15,0.7,1,Night,High,1249.5,6.77
M103783,12.4,359.3,65.8,4.727,10.46,1.3,2,Night,High,1287.5,10.58
M103784,14.3,394.0,60.5,5.259,11.19,3.0,4,Night,Medium,,9.2
M103785,2.1,392.1,78.1,2.527,10.51,0.0,1,Day,Medium,1416.2,6.11
M103786,5.7,356.2,71.8,6.609,9.23,1.5,4,Day,Low,1305.3,9.71
M103787,7.2,443.0,,3.595,8.12,0.5,2,Day,Medium,1192.6,5.48
M103788,14.1,453.3,90.6,3.247,8.16,1.1,3,Day,Medium,1627.3,8.07
M103789,5.0,335.3,73.2,1.809,9.22,3.6,3,Day,Medium,1294.3,3.65
M103790,5.1,279.0,81.2,2.716,8.95,1.0,3,Day,Medium,1359.7,5.02
M103791,13.2,446.4,71.0,1.373,8.66,1.3,1,Day,Low,1395.9,5.09
M103792,5.5,465.2,64.1,2.933,11.32,0.0,2,Night,Medium,1284.5,6.2
M103793,9.9,482.1,56.3,2.489,10.88,0.0,1,Day,Medium,1224.0,3.81
M103794,1.1,466.8,70.7,2.721,11.4,2.1,1,Night,Medium,1403.3,5.49
M103795,6.3,553.7,38.7,1.66,8.32,0.1,2,Night,Medium,1074.8,11.01
M103796,0.4,504.8,71.0,4.72,8.12,0.1,3,Night,Low,1386.1,12.43
M103797,2.8,647.8,71.5,4.465,9.62,0.3,3,Night,Medium,1597.8,9.6
M103798,10.4,683.6,65.6,7.728,10.12,1.2,2,Day,High,1423.5,8.87
M103799,6.8,270.6,67.0,7.62,9.61,0.3,2,Night,High,1135.7,10.74
M103800,5.7,233.2,54.2,3.59,10.02,1.6,1,Day,Medium,1059.3,5.49
M103801,4.0,419.4,83.2,5.538,11.88,2.5,3,Rotational,Medium,1410.3,10.35
M103802,6.1,462.9,64.3,3.784,9.17,4.0,2,Rotational,High,1325.2,4.66
M103803,8.2,413.5,57.3,2.681,10.71,1.8,4,Rotational,High,1278.1,5.98
M103804,10.9,479.8,74.0,2.889,10.28,2.9,1,Rotational,Medium,1369.9,4.92
M103805,0.0,397.0,69.2,4.57,9.64,0.0,2,Night,Low,1308.5,10.92
M103806,3.7,361.0,64.1,12.0,10.64,2.8,3,Night,Medium,1274.1,19.39
M103807,7.6,373.9,62.9,5.95,8.35,0.0,0,Day,Medium,1203.3,7.95
M103808,6.6,403.0,67.9,3.755,8.05,0.7,1,Rotational,High,1288.1,3.82
M103809,8.6,491.7,82.8,4.229,10.15,1.0,3,Day,Medium,1547.3,10.74
M103810,8.1,378.6,73.2,4.21,7.04,3.0,2,Night,Medium,1267.0,6.44
M103811,5.8,395.4,67.6,3.174,10.27,2.2,3,Night,Medium,,6.72
M103812,4.9,468.5,77.4,4.846,7.81,0.0,1,Day,Medium,1452.6,7.71
M103813,6.0,403.1,68.3,3.072,11.78,1.3,1,Day,Medium,1306.9,5.04
M103814,11.6,514.9,72.4,2.002,8.91,3.3,1,Day,Medium,1455.9,3.98
M103815,4.1,341.8,69.7,4.224,11.68,0.9,3,Night,Medium,1219.9,6.43
M103816,6.7,323.4,74.5,4.516,9.18,2.5,0,Rotational,Medium,1183.2,5.87
M103817,7.7,445.9,63.1,3.087,9.12,0.0,1,Day,Low,1107.1,5.78
M103818,13.2,454.4,55.5,3.876,10.8,1.0,2,Rotational,Medium,1200.9,8.76
M103819,5.8,346.5,78.0,5.368,9.94,0.1,1,Day,High,1285.1,7.24
M103820,10.8,534.2,84.6,3.235,9.4,1.3,1,Day,Low,1550.1,8.58
M103821,11.9,583.6,56.0,2.655,8.89,4.9,3,Rotational,Low,1315.3,8.37
M103822,6.7,366.6,70.0,2.329,8.91,1.4,1,Rotational,Medium,1208.4,4.89
M103823,6.2,546.4,79.9,9.641,13.04,2.5,1,Day,Medium,2094.0,13.49
M103824,5.7,217.5,77.7,7.152,6.99,0.7,1,Day,Medium,1177.5,8.65
M103825,6.0,511.5,70.7,3.007,7.7,1.9,1,Day,Low,1289.7,5.83
M103826,10.4,347.1,104.6,3.974,11.27,2.6,1,Day,High,1516.7,16.09
M103827,7.9,503.0,64.7,2.823,11.15,3.7,4,Day,Medium,1374.2,6.09
M103828,7.9,338.3,84.9,2.704,8.12,1.6,3,Night,Medium,1295.7,9.22
M103829,2.5,414.2,,2.139,6.87,5.1,1,Day,High,1465.7,4.31
M103830,3.1,351.1,73.9,3.491,11.41,1.4,3,Day,High,1373.7,4.8
M103831,15.6,401.8,68.4,2.564,7.93,0.4,0,Day,,1210.7,5.59
M103832,6.3,575.5,69.0,6.277,8.76,0.0,0,Rotational,High,1449.5,7.33
M103833,3.9,410.8,68.1,3.146,9.64,2.8,1,Night,Low,1301.5,6.43
M103834,12.7,599.4,80.5,3.247,7.89,3.4,2,Day,High,1603.5,6.92
M103835,8.1,387.2,58.4,3.034,10.89,1.2,0,Day,Low,1160.7,6.67
M103836,9.3,546.8,66.2,3.997,9.53,0.0,4,Rotational,Low,1551.9,10.08
M103837,6.4,281.8,64.9,6.997,8.18,3.2,3,Day,Medium,1140.7,7.79
M103838,5.7,395.6,49.0,1.974,8.31,1.0,1,Night,Medium,1064.2,8.03
M103839,6.3,374.4,77.4,3.815,11.45,0.0,3,Night,Medium,1429.6,8.21
M103840,1.5,550.7,79.7,1.515,9.08,0.3,0,Rotational,High,1493.4,4.92
M103841,6.6,435.7,61.0,6.12,10.42,0.7,3,Night,Low,1253.8,13.09
M103842,8.2,242.5,79.3,3.145,9.49,1.8,2,Day,Medium,1191.0,6.28
M103843,14.4,308.6,50.6,1.572,6.87,0.7,1,Day,Low,1015.4,5.65
M103844,7.3,333.9,68.3,1.754,10.62,0.0,0,Day,Low,1237.1,4.33
M103845,0.0,499.4,66.6,4.988,11.11,0.0,1,Night,Low,1389.5,9.75
M103846,6.6,488.4,69.0,1.444,12.26,2.6,0,Day,Medium,1419.8,2.02
M103847,18.0,394.5,68.9,3.816,6.65,0.1,3,Day,Low,1195.8,7.69
M103848,10.5,373.4,67.2,2.68,5.5,1.2,2,Night,Low,1101.6,7.88
M103849,3.8,480.9,63.7,3.012,10.46,3.4,2,Rotational,Medium,1319.9,4.73
M103850,9.4,324.0,66.8,2.37,8.6,0.3,1,Day,Low,1018.8,4.35
M103851,4.0,458.9,83.0,2.062,7.35,0.0,0,Day,,1500.2,3.5
M103852,1.6,451.7,61.6,2.602,9.66,2.5,1,Day,Medium,1247.7,2.29
M103853,5.6,396.7,92.8,4.419,8.83,1.1,3,Day,Medium,1470.4,15.03
M103854,7.4,453.8,61.0,2.868,7.59,2.1,1,Day,High,1270.3,2.61
M103855,0.0,428.7,70.6,4.098,9.38,1.5,2,Day,Medium,1434.5,5.03
M103856,2.4,462.3,74.3,2.941,10.35,1.7,2,Day,Low,1337.9,7.47
M103857,7.0,306.6,64.8,4.507,9.76,2.1,2,Day,Medium,1245.0,4.72
M103858,5.4,472.2,83.2,4.086,9.77,0.6,4,Day,High,1426.6,7.95
M103859,8.6,507.3,74.0,2.534,10.17,1.9,1,Rotational,High,1458.1,5.44
M103860,2.1,447.3,65.7,2.061,6.96,0.5,0,Night,Medium,1321.7,4.71
M103861,9.9,471.1,83.1,,9.42,1.3,4,Rotational,Medium,1430.9,10.07
M103862,2.3,410.7,56.8,2.211,9.86,0.5,0,Night,Medium,1132.1,4.72
M103863,13.6,495.8,61.8,4.265,8.93,5.0,1,Day,High,1364.5,5.8
M103864,0.1,425.5,74.2,3.372,8.26,3.8,0,Rotational,Medium,1170.4,4.69
M103865,2.6,322.4,76.8,2.634,8.38,3.0,1,Rotational,High,1353.3,3.89
M103866,8.7,489.7,,4.115,9.06,3.4,2,Day,Medium,1302.7,6.23
M103867,13.7,281.1,66.6,6.579,10.87,4.5,0,Day,High,1210.6,7.78
M103868,8.3,444.0,65.2,4.539,11.79,0.9,2,Rotational,Medium,1265.3,6.43
M103869,9.3,387.3,80.4,3.542,11.49,2.8,1,Rotational,High,1434.2,4.82
M103870,7.1,381.9,70.6,7.469,7.16,0.0,3,Day,High,1190.2,10.82
M103871,2.9,434.6,58.4,1.437,8.09,2.4,1,Night,Low,1148.2,4.59
M103872,5.0,359.7,57.8,1.904,10.49,4.6,1,Rotational,High,1110.8,1.44
M103873,2.2,463.5,84.6,2.632,11.45,0.0,2,Day,Medium,1566.6,8.45
M103874,1.9,424.8,60.1,6.751,8.05,1.4,3,Day,Low,,9.92
M103875,8.6,367.5,71.0,5.32,9.77,0.6,0,Night,Medium,1320.5,8.49
M103876,2.5,533.7,82.9,1.408,7.8,2.4,4,Day,Medium,1519.7,4.64
M103877,8.3,437.4,74.0,2.669,9.91,0.5,0,Day,Low,1377.5,6.37
M103878,1.8,473.6,59.7,,8.53,1.4,2,Night,High,1264.9,3.32
M103879,8.2,540.4,56.8,3.254,9.77,0.9,3,Rotational,High,1303.3,7.28
M103880,5.0,539.0,88.6,5.212,7.68,1.0,1,Day,High,1445.0,10.63
M103881,12.6,469.3,56.5,5.408,7.05,1.2,2,Day,Medium,1185.7,9.4
M103882,8.3,394.3,61.9,3.796,14.15,2.7,2,Day,Medium,1296.0,5.8
M103883,11.9,298.5,72.1,2.684,9.6,3.6,0,,High,1169.5,2.42
M103884,4.0,437.6,65.6,3.165,12.7,2.8,2,Day,Medium,1294.2,3.95
M103885,7.2,513.0,74.3,4.672,11.76,0.0,2,Day,High,1447.3,6.03
M103886,3.1,450.1,51.9,10.737,7.05,1.1,1,Rotational,Low,1135.0,19.05
M103887,5.3,127.2,65.7,1.836,10.04,1.5,0,Night,Medium,901.5,1.86
M103888,6.0,494.0,75.5,7.348,7.56,0.8,2,Day,High,1422.8,8.28
M103889,4.1,499.2,75.5,3.751,9.06,2.3,1,Rotational,High,1347.7,5.43
M103890,2.1,394.4,61.7,5.003,6.67,1.7,1,Day,Low,1137.3,5.09
M103891,1.3,504.0,56.8,3.642,7.14,0.2,3,Night,High,1310.3,6.6
M103892,0.0,473.4,70.4,6.7,8.22,2.6,1,Night,Medium,1356.7,9.92
M103893,2.8,361.7,53.6,3.915,8.68,0.5,2,Rotational,Medium,1045.7,8.0
M103894,9.5,528.1,82.1,2.4,9.56,0.0,0,Rotational,Medium,1432.0,8.44
M103895,0.6,312.3,69.7,4.158,7.95,0.2,2,Day,High,1192.7,2.89
M103896,1.5,415.1,60.3,5.832,9.72,0.8,2,Night,High,1170.6,8.49
M103897,14.2,406.7,56.4,3.32,11.2,2.4,1,Day,High,1165.8,5.31
M103898,4.5,349.8,61.0,1.177,9.91,2.0,1,Day,Medium,1301.2,2.64
M103899,8.3,445.8,50.8,3.135,9.4,2.1,1,Day,Medium,1138.2,6.65
M103900,9.6,531.4,73.4,3.487,10.01,2.9,1,Day,Low,1404.0,6.55
M103901,9.7,526.1,59.2,3.246,7.35,0.5,1,Day,Medium,1231.4,5.28
M103902,0.9,481.5,72.4,,10.93,2.3,0,Day,High,1375.6,2.19
M103903,6.1,275.8,73.9,6.433,7.7,3.6,2,Day,High,1161.3,7.74
M103904,0.5,306.4,78.6,1.014,11.83,0.0,3,Day,Medium,1323.4,5.27
M103905,16.8,434.1,70.8,3.48,10.66,4.0,1,Night,Medium,1378.9,7.3
M103906,0.6,417.1,80.4,3.504,10.33,0.0,0,Rotational,Medium,1412.6,6.12
M103907,2.8,377.7,83.2,9.463,10.4,0.9,4,Rotational,High,1518.6,13.94
M103908,2.8,582.0,70.8,3.296,9.5,2.4,1,Day,Medium,1533.4,4.07
M103909,1.0,429.0,71.5,4.149,8.32,1.0,1,Day,Low,1257.7,5.72
M103910,12.4,466.1,61.9,3.534,8.09,1.0,1,Day,Medium,1206.2,5.71
M103911,16.7,504.0,57.1,3.481,12.13,1.9,0,Rotational,Medium,1273.6,5.54
M103912,5.1,424.7,82.1,8.016,9.65,2.3,2,Rotational,Medium,1450.2,12.51
M103913,1.7,640.2,74.7,1.904,7.83,3.4,2,Rotational,Medium,1566.3,6.13
M103914,0.0,340.1,75.6,2.378,10.28,0.0,0,Rotational,High,1305.6,3.26
M103915,6.0,368.5,61.5,4.841,10.01,1.7,1,Rotational,Medium,1277.7,6.57
M103916,5.7,339.9,85.9,3.775,9.01,1.6,2,Day,Medium,1432.1,8.48
M103917,4.4,552.8,65.5,2.882,8.15,0.1,0,Day,Low,1397.4,6.07
M103918,7.9,488.2,59.2,3.205,10.6,1.3,0,Rotational,High,1379.1,4.24
M103919,8.6,373.7,61.7,5.243,10.92,0.6,3,Rotational,Low,1239.8,7.15
M103920,8.3,346.6,85.3,4.231,9.98,2.6,5,Day,Low,1440.9,11.04
M103921,5.7,537.7,55.8,2.325,9.61,2.9,2,Night,Low,1303.5,7.04
M103922,2.6,450.7,59.7,3.739,8.33,0.2,2,Day,Low,1205.8,8.74
M103923,9.7,539.9,99.9,3.238,10.22,5.6,0,Day,Medium,1698.7,12.79
M103924,7.1,414.9,78.4,4.201,8.55,2.4,0,Day,Low,1430.0,8.29
M103925,10.6,463.5,59.9,2.828,7.59,1.1,2,Rotational,Medium,1170.1,5.67
M103926,10.2,445.5,56.1,1.815,11.19,0.5,0,Night,High,1233.9,6.29
M103927,1.3,367.0,49.6,4.647,7.96,3.0,0,Rotational,Medium,1093.9,8.09
M103928,1.3,407.7,69.1,4.368,6.65,0.5,2,Day,Low,1337.7,9.02
M103929,4.0,319.3,76.0,6.737,11.46,0.8,1,Day,High,1442.5,4.98
M103930,2.8,462.0,84.7,1.719,6.88,2.2,2,Day,Medium,1475.8,6.31
M103931,10.0,484.7,47.2,3.205,8.92,3.0,1,Day,High,1146.3,5.63
M103932,8.4,504.2,53.4,2.959,7.86,2.5,4,Night,Medium,1243.2,8.98
M103933,11.4,476.7,,2.723,8.41,3.1,1,Rotational,High,1269.8,4.34
M103934,8.6,409.1,98.7,1.536,12.84,1.1,3,Day,High,1678.1,12.48
M103935,7.8,551.9,77.7,1.948,9.35,0.7,0,Rotational,Medium,1612.8,5.73
M103936,11.8,495.8,86.7,9.967,10.04,0.1,3,Rotational,Medium,1851.4,20.48
M103937,8.9,538.0,54.5,2.586,10.69,1.1,0,Day,Medium,1300.9,5.18
M103938,7.3,543.4,44.7,2.196,8.53,0.0,2,Rotational,Medium,1146.7,8.21
M103939,12.9,409.3,68.4,6.788,11.11,2.7,4,Rotational,Medium,1419.9,10.76
M103940,7.5,453.0,66.9,10.879,10.06,3.6,5,Rotational,Medium,1345.4,18.33
M103941,5.8,485.8,65.1,3.228,10.63,2.2,1,Day,Medium,1305.5,5.13
M103942,3.6,322.3,63.8,1.567,8.41,1.7,2,Night,Medium,1114.1,4.6
M103943,9.8,324.2,59.8,4.048,10.17,3.0,1,Night,Medium,1154.5,7.23
M103944,11.9,309.6,57.2,1.17,9.49,0.0,0,Rotational,High,1019.4,2.88
M103945,6.8,410.8,83.3,1.69,11.19,0.6,1,Night,High,1477.7,6.11
M103946,12.2,391.7,58.2,4.083,8.69,3.0,1,Rotational,Medium,1118.8,6.61
M103947,0.0,298.0,65.0,1.662,12.55,0.1,2,Rotational,Medium,1150.0,1.66
M103948,6.8,432.7,67.6,2.863,10.01,2.7,1,,Medium,1333.4,1.97
M103949,6.8,411.9,,1.581,9.31,1.6,1,Rotational,Medium,1406.5,5.19
M103950,4.1,520.5,58.6,3.415,9.14,1.2,1,Night,Medium,1350.5,5.89
M103951,16.5,591.1,78.8,5.822,9.49,4.8,4,Rotational,Medium,1556.6,9.94
M103952,6.7,458.8,61.6,2.444,8.56,0.9,0,Day,Medium,1218.4,3.97
M103953,5.4,360.8,66.2,3.288,10.5,0.2,2,,Medium,1236.7,5.48
M103954,7.1,475.0,86.1,2.208,9.48,0.0,3,Rotational,Medium,1627.2,9.27
M103955,0.0,420.8,57.3,2.287,12.42,1.8,0,Rotational,Medium,1207.9,3.22
M103956,4.0,399.6,75.9,2.191,8.85,2.3,0,Rotational,Medium,1336.0,4.82
M103957,10.9,346.8,79.1,4.918,9.32,2.7,3,Day,Low,1293.0,9.07
M103958,4.5,380.5,71.4,1.638,8.85,2.3,0,Day,Medium,1334.8,3.53
M103959,3.7,404.9,66.7,2.812,12.3,3.8,0,Rotational,Medium,1307.3,3.48
M103960,12.2,488.3,91.4,4.075,7.33,4.0,0,Night,High,1439.2,11.75
M103961,12.4,463.4,67.8,5.233,9.64,6.1,3,Night,High,1308.6,6.81
M103962,9.1,575.2,70.2,4.138,9.97,1.8,1,Day,Medium,1480.2,8.35
M103963,5.2,477.3,64.3,3.202,7.81,0.0,1,Day,Low,1320.1,6.02
M103964,6.0,456.1,69.7,2.498,13.46,2.2,0,Night,Medium,1508.3,5.37
M103965,3.8,394.0,78.6,5.273,8.1,2.2,2,Night,Medium,1289.7,10.7
M103966,3.0,331.8,65.0,2.152,9.55,0.9,0,Night,High,1161.4,3.0
M103967,2.8,371.6,44.8,2.168,12.03,2.5,1,Day,Low,1076.9,9.31
M103968,4.5,360.5,73.6,6.529,8.94,2.4,1,Day,Medium,1277.0,9.52
M103969,2.9,202.3,56.1,3.975,9.72,3.9,3,Day,Medium,889.6,3.7
M103970,0.7,334.3,76.2,4.046,8.98,1.2,2,Day,Medium,,6.55
M103971,7.9,556.2,68.0,4.478,9.42,0.9,3,Day,High,1369.5,7.14
M103972,7.9,451.3,78.4,3.166,11.12,2.0,0,Night,Medium,1507.3,7.8
M103973,13.8,388.0,57.6,1.618,8.87,8.1,0,Day,Medium,1245.8,1.51
M103974,4.3,453.9,62.1,3.764,5.52,0.7,2,Rotational,Low,1201.8,7.33
M103975,8.2,254.0,64.3,3.29,9.45,0.3,1,Night,Low,1083.0,7.86
M103976,8.3,444.0,51.7,2.161,9.59,0.0,2,Rotational,Medium,1148.2,5.99
M103977,6.0,528.6,80.2,1.926,9.79,1.7,1,Day,High,1618.8,3.79
M103978,10.0,409.7,50.1,3.244,9.23,7.5,3,Day,Medium,1000.5,5.22
M103979,10.1,269.4,80.1,1.684,8.21,2.2,1,Day,Medium,1260.8,3.89
M103980,8.3,384.8,72.7,,9.13,0.9,2,,High,1345.2,2.49
M103981,6.0,528.7,65.8,2.909,12.15,2.8,0,Rotational,Low,1511.1,5.18
M103982,5.6,442.0,71.8,3.128,9.44,1.0,3,Rotational,Medium,1236.0,6.71
M103983,1.5,299.4,71.5,4.061,10.48,3.5,1,Rotational,High,1194.7,5.4
M103984,3.8,621.2,63.6,4.531,7.95,1.0,2,Rotational,High,1366.8,6.32
M103985,4.5,313.4,71.3,,9.06,2.1,2,Day,High,1206.8,2.79
M103986,2.5,399.4,76.0,5.129,8.0,4.1,5,Night,Medium,1285.8,9.61
M103987,8.8,331.8,57.6,2.975,11.44,3.1,1,Day,Medium,1141.0,4.0
M103988,11.8,331.9,71.8,7.978,7.17,2.4,4,Day,High,1184.1,8.76
M103989,3.4,381.6,39.1,2.478,10.06,1.9,0,Day,Medium,979.0,7.37
M103990,8.1,474.1,46.8,1.483,10.01,4.4,2,Day,High,1132.5,5.71
M103991,2.9,529.7,74.2,5.037,9.91,1.1,0,Day,Medium,1497.6,7.03
M103992,5.8,387.2,63.4,4.107,5.98,0.1,2,Day,Medium,1202.1,6.58
M103993,4.2,334.1,58.6,6.055,6.47,0.3,5,Day,,1146.5,9.22
M103994,9.4,460.7,67.4,3.876,9.68,5.3,0,Night,High,1319.9,6.25
M103995,4.3,463.2,63.6,10.697,8.12,0.0,6,Rotational,Medium,1326.0,14.47
M103996,11.0,440.4,57.1,3.021,8.54,1.6,1,Day,High,1193.0,3.94
M103997,6.0,443.4,50.0,5.602,8.86,0.5,1,Day,High,1053.7,7.73
M103998,4.4,410.4,46.4,2.553,7.92,0.0,4,Night,Medium,983.4,8.5
M103999,2.0,428.3,95.6,12.338,7.66,0.7,1,Rotational,Low,1696.6,21.95
M104000,8.0,404.6,63.4,4.66,9.5,0.1,0,Day,High,1284.7,5.06
M104001,10.6,511.0,78.7,5.034,6.64,0.0,0,Rotational,High,1485.8,8.74
M104002,8.1,609.4,63.2,,8.74,0.5,2,Night,Medium,1413.5,10.85
M104003,16.0,435.3,71.9,0.658,8.5,0.0,0,Day,Medium,1250.0,3.02
M104004,12.7,419.4,66.6,,9.46,4.3,1,Night,Low,1389.3,6.05
M104005,5.8,441.7,68.5,2.49,13.08,2.0,3,Day,High,1412.7,2.55
M104006,5.7,364.1,69.0,2.749,8.03,0.6,2,Day,High,1192.4,2.74
M104007,8.9,485.0,63.1,2.881,10.11,3.6,1,Day,Low,1250.0,5.57
M104008,3.6,457.5,54.5,5.413,9.83,0.7,1,Day,High,1154.0,5.87
M104009,11.7,384.3,76.4,,10.34,3.5,3,Day,Medium,1406.3,6.54
M104010,8.4,496.7,85.5,2.576,9.18,2.2,0,Rotational,Low,1525.2,8.2
M104011,8.0,421.6,86.3,1.593,11.66,1.8,2,Day,Medium,1420.7,6.89
M104012,9.7,337.5,61.9,7.146,10.53,1.0,1,Day,High,1146.1,10.56
M104013,13.9,449.9,59.9,2.402,10.55,0.0,3,Night,Medium,1213.5,7.2
M104014,7.7,440.1,61.9,3.11,7.38,0.0,0,Day,Low,1157.6,4.91
M104015,6.5,501.6,66.1,9.674,9.64,1.7,6,Night,High,1361.9,19.71
M104016,13.0,490.7,67.4,2.435,8.74,1.2,3,Rotational,Medium,1230.3,6.93
M104017,10.9,410.7,57.0,2.893,8.21,2.9,2,Day,High,1148.7,4.67
M104018,5.7,379.9,51.7,3.729,8.56,1.5,1,Day,Medium,1216.1,6.02
M104019,7.0,420.1,68.5,1.487,9.42,0.1,0,Rotational,Medium,1253.3,4.24
M104020,7.8,450.9,35.0,1.404,10.19,0.6,2,Rotational,Medium,1088.0,12.05
M104021,8.4,461.1,66.9,2.61,10.97,1.5,2,Rotational,Low,1325.5,5.61
M104022,1.6,445.6,57.6,2.655,10.9,0.5,1,Rotational,High,1170.5,5.02
M104023,0.8,412.3,76.6,3.551,9.94,1.0,2,Rotational,Medium,1239.9,7.56
M104024,3.5,504.7,79.5,2.036,9.58,0.0,0,Rotational,High,1552.7,4.83
M104025,3.1,362.7,79.8,4.125,9.01,1.0,3,Day,Low,1367.5,8.17
M104026,4.4,630.7,64.2,1.129,9.13,4.7,1,Rotational,Low,1279.5,5.72
M104027,9.5,484.9,55.5,3.205,8.33,5.8,3,Day,Medium,1200.8,5.19
M104028,6.3,324.2,,3.975,8.86,1.5,2,Rotational,High,1009.6,5.29
M104029,7.8,435.7,71.2,3.913,10.03,2.2,4,,High,1487.0,5.09
M104030,2.1,485.7,49.9,3.061,11.81,4.3,1,Night,High,1229.7,5.21
M104031,5.2,390.3,83.3,2.387,9.28,1.6,2,Day,High,1391.8,7.16
M104032,9.3,292.9,64.4,3.016,8.29,1.6,0,Day,Medium,1089.7,4.85
M104033,9.4,331.7,73.5,6.153,10.95,0.8,4,Day,Medium,1328.2,10.93
M104034,4.1,466.1,48.4,2.46,6.5,2.1,1,Day,Medium,1041.7,6.2
M104035,7.6,270.9,57.8,5.414,11.06,3.1,2,Rotational,High,1030.8,5.02
M104036,15.8,296.8,47.0,,7.35,1.1,3,Day,Medium,951.6,11.41
M104037,6.9,465.6,79.2,1.394,10.49,1.1,4,Rotational,Medium,1417.5,6.93
M104038,4.2,401.1,66.2,3.114,8.79,3.5,2,Night,Low,,6.88
M104039,6.3,360.9,89.6,6.886,9.98,0.0,2,Day,Low,2115.6,16.02
M104040,7.4,377.9,68.7,1.567,12.62,3.3,1,Day,Low,1320.3,5.36
M104041,6.4,295.0,,,8.24,0.0,1,Day,Low,1101.1,7.32
M104042,6.9,461.2,64.3,4.207,8.0,2.4,1,Day,Medium,1239.3,5.89
M104043,1.2,351.4,65.8,3.788,9.62,2.4,3,Night,Medium,1212.0,5.5
M104044,3.1,374.5,67.0,1.929,11.79,1.1,0,Day,Medium,1216.0,3.11
M104045,6.4,449.5,72.5,3.689,9.77,1.3,3,Day,Medium,1249.2,6.08
M104046,6.3,398.2,72.8,1.724,9.57,0.6,0,Rotational,Medium,1203.3,4.14
M104047,4.7,360.1,98.9,3.451,9.75,0.4,4,Day,Low,1625.9,15.21
M104048,6.3,250.9,,2.385,7.99,1.1,2,Night,Low,1338.4,9.25
M104049,7.2,451.2,48.4,5.615,9.77,3.3,1,Night,High,1053.0,6.95
M104050,10.6,426.7,66.4,2.769,8.91,2.1,1,Day,Medium,1333.4,4.28
M104051,6.6,376.0,63.5,3.727,11.48,4.6,2,Day,Medium,1271.6,4.35
M104052,8.6,331.8,82.1,3.731,10.7,0.7,1,Day,High,1408.5,6.46
M104053,4.8,421.1,64.5,3.197,7.51,0.4,1,Day,Medium,981.9,4.59
M104054,9.3,460.8,73.1,3.5,9.08,3.8,2,Rotational,High,1326.7,5.94
M104055,8.5,428.3,42.3,3.865,10.29,3.5,3,Night,Low,1129.9,14.31
M104056,10.5,559.2,51.4,2.121,8.03,0.0,2,Day,Low,1081.1,6.81
M104057,9.9,479.9,91.0,4.061,7.88,1.1,2,Day,High,1636.7,11.41
M104058,9.4,410.9,68.6,5.114,8.81,0.3,1,Rotational,Medium,1316.4,6.69
M104059,6.6,482.8,57.0,4.05,10.02,0.0,0,Rotational,Low,1239.3,7.59
M104060,8.0,424.1,70.7,2.781,11.06,0.9,1,Day,Medium,1302.4,4.45
M104061,11.3,423.8,56.4,3.623,9.85,4.3,2,Night,High,1237.5,6.93
M104062,4.4,530.2,64.9,2.768,13.19,0.0,0,Day,High,1472.6,2.27
M104063,4.5,343.7,52.0,3.129,8.48,0.0,0,Day,,1019.7,4.12
M104064,7.7,422.0,59.3,1.833,10.61,7.1,1,Night,Medium,1270.0,4.06
M104065,8.7,521.1,63.4,6.62,7.84,0.0,3,Day,High,1231.2,4.93
M104066,3.7,446.3,80.3,8.739,11.92,3.7,5,Day,Low,1464.7,16.71
M104067,6.7,388.6,73.1,2.335,11.54,3.5,2,Night,Medium,1346.4,6.13
M104068,6.6,275.0,75.0,4.919,10.57,0.2,4,Day,Medium,1223.4,7.77
M104069,0.0,227.0,67.7,6.882,6.9,2.5,1,Day,Low,1057.2,9.48
M104070,6.1,596.5,77.1,2.057,10.55,0.6,4,Rotational,Medium,1559.6,5.3
M104071,6.4,446.2,58.4,1.128,8.27,1.8,0,Night,High,1227.2,3.62
M104072,6.4,370.4,59.9,7.088,10.18,0.3,1,Day,High,1207.4,8.95
M104073,12.7,449.7,72.5,3.303,7.32,3.5,1,Day,Medium,1376.5,3.49
M104074,2.1,339.4,64.9,2.561,9.9,1.5,0,Day,High,1103.1,2.0
M104075,3.7,391.8,67.8,3.4,8.97,2.4,2,Rotational,Medium,1318.4,4.96
M104076,0.0,340.0,66.2,2.761,8.33,0.6,0,Rotational,Low,1142.5,3.43
M104077,5.1,299.9,81.8,12.0,10.39,0.3,2,Night,Medium,1299.2,19.17
M104078,5.4,241.1,82.4,2.546,9.42,1.8,4,Day,Low,1227.2,8.16
M104079,5.0,284.2,61.1,3.91,9.19,0.6,3,Night,Medium,1039.4,4.71
M104080,11.4,506.8,48.6,6.335,10.61,1.5,6,Rotational,High,1164.9,13.1
M104081,10.4,336.1,60.2,6.32,12.36,5.7,3,Night,High,1231.6,10.01
M104082,7.3,465.5,58.1,5.743,9.91,0.5,1,Day,Medium,1334.0,6.68
M104083,5.5,501.3,77.1,2.684,6.79,0.4,1,Night,Medium,1412.8,5.82
M104084,11.1,421.4,102.1,11.619,7.16,0.1,3,Day,Low,1763.1,30.45
M104085,6.9,394.6,56.7,1.119,9.6,0.0,0,Rotational,Medium,1078.2,3.43
M104086,3.7,431.3,59.7,3.199,11.04,1.6,1,Rotational,Low,1234.6,7.5
M104087,0.1,384.6,51.7,3.375,9.7,0.0,0,Day,Medium,1094.3,5.48
M104088,5.2,522.3,69.5,4.811,10.27,0.5,0,Day,High,1373.4,4.22
M104089,10.0,579.5,67.5,8.148,9.41,1.5,5,Rotational,High,1417.9,10.49
M104090,16.1,543.2,76.7,4.738,10.94,2.3,2,Rotational,Medium,1510.3,11.42
M104091,7.2,237.1,73.5,5.671,10.42,0.6,2,Day,Low,1291.3,6.79
M104092,3.9,382.9,74.7,3.291,7.97,1.0,4,Day,High,1193.0,4.73
M104093,2.3,420.4,51.0,6.31,10.17,4.5,1,Night,Medium,1144.4,9.28
M104094,9.2,459.4,61.1,3.339,7.19,2.4,2,Day,Medium,1190.9,3.29
M104095,0.0,273.2,78.4,5.873,10.17,1.4,4,Night,High,1307.6,10.18
M104096,9.2,271.8,62.1,4.964,9.08,2.7,1,Day,Low,1117.8,6.05
M104097,10.3,531.1,50.1,4.04,9.74,0.4,3,Night,High,1299.3,9.83
M104098,8.7,372.5,76.9,1.537,9.99,2.3,1,Rotational,High,1348.8,3.51
M104099,6.1,293.6,61.7,5.735,9.92,1.3,2,Night,Low,1101.8,10.66
M104100,9.3,326.2,79.7,4.011,11.63,0.4,2,Rotational,High,1401.1,4.72
M104101,7.7,453.2,67.8,4.718,9.55,1.1,1,Night,High,1204.1,6.61
M104102,3.9,350.1,65.0,3.884,9.78,1.4,1,Night,Low,1209.8,8.36
M104103,14.4,440.5,83.0,4.233,11.49,3.2,2,Rotational,Medium,1530.1,8.91
M104104,5.6,336.8,53.7,6.362,12.35,0.0,1,Rotational,Medium,1152.7,9.31
M104105,10.1,271.7,83.8,2.62,9.47,4.5,0,Rotational,High,1290.1,4.21
M104106,0.0,541.1,61.0,4.195,8.73,1.6,3,Rotational,High,1331.9,5.93
M104107,12.1,453.8,69.8,2.251,8.81,0.0,1,Day,High,1338.0,2.56
M104108,12.9,391.6,69.9,4.43,10.18,2.8,3,Day,Medium,1340.3,6.39
M104109,7.1,375.7,63.3,3.765,9.19,1.4,1,Day,Medium,1228.9,4.07
M104110,9.2,544.5,59.6,2.422,6.88,2.6,2,Rotational,High,1271.3,5.45
M104111,9.2,470.3,63.9,3.479,11.18,2.9,2,Rotational,Low,1346.6,8.05
M104112,4.4,517.5,80.5,7.541,10.72,0.6,0,Rotational,Low,2012.5,12.08
M104113,9.2,370.4,89.6,2.748,11.22,5.1,5,Rotational,Medium,1538.9,12.91
M104114,3.8,424.3,79.9,11.105,11.52,3.2,3,Day,High,2012.0,16.05
M104115,4.6,454.2,80.7,3.797,9.79,1.2,2,Day,Medium,1519.6,7.85
M104116,11.5,373.2,79.3,1.271,9.89,0.2,1,Night,Medium,1349.5,7.36
M104117,10.9,411.9,72.0,3.996,11.01,2.2,0,Night,High,1302.6,6.41
M104118,4.2,370.4,66.5,2.853,7.68,2.8,0,Day,Low,1210.3,3.75
M104119,4.1,453.9,70.1,2.699,8.97,2.5,2,Day,Low,1389.0,4.0
M104120,4.4,307.7,74.3,1.89,9.41,1.5,1,Day,High,1237.5,0.0
M104121,9.9,468.6,69.1,3.246,10.88,2.4,0,Day,Low,1373.2,7.6
M104122,3.0,446.4,50.8,2.556,8.69,0.0,1,Rotational,Medium,1102.5,6.55
M104123,8.4,402.7,48.0,6.276,8.43,1.1,2,Day,Low,1179.5,12.39
M104124,10.0,458.2,84.6,,8.85,4.2,1,Night,Low,,8.96
M104125,6.6,389.0,39.0,2.05,10.2,1.1,0,Night,Medium,1040.0,9.49
M104126,11.0,363.0,70.2,1.982,9.4,4.5,0,Day,Medium,1200.4,3.11
M104127,5.8,466.2,65.4,3.779,7.32,2.1,1,Day,Medium,1238.5,3.8
M104128,6.1,469.9,69.8,5.969,7.62,0.2,2,Day,Medium,1438.9,8.74
M104129,3.1,376.9,55.5,4.27,9.7,1.7,2,Day,Medium,1133.0,7.15
M104130,11.1,369.6,71.9,1.921,9.75,,0,Night,High,1338.1,2.4
M104131,3.9,404.4,70.3,2.679,9.54,3.7,1,Day,Low,1233.0,7.37
M104132,8.4,373.1,98.4,2.215,8.79,0.1,4,Rotational,Low,1540.4,14.25
M104133,6.7,549.6,69.4,4.28,10.68,0.0,2,Day,Medium,1334.9,7.58
M104134,2.8,446.9,82.8,2.652,10.05,0.3,1,Day,High,1450.7,5.6
M104135,4.6,421.2,51.5,1.638,10.0,0.1,2,Night,High,1142.4,6.73
M104136,12.5,340.7,79.2,4.448,10.06,1.0,1,Rotational,Medium,1410.5,8.01
M104137,7.8,482.8,70.5,6.244,11.9,0.0,1,Day,Low,1426.8,8.88
M104138,3.0,368.0,71.0,3.036,7.96,2.4,3,Day,Medium,1235.1,5.67
M104139,8.2,364.5,71.1,3.526,8.87,2.0,0,Night,High,1204.1,4.38
M104140,6.4,485.7,86.8,1.563,9.0,2.7,3,Rotational,High,1520.5,8.01
M104141,20.8,452.9,70.8,1.186,11.39,6.5,2,Day,High,1444.7,1.37
M104142,8.1,207.2,59.4,1.317,8.94,2.5,1,Night,Medium,847.0,3.1
M104143,5.5,406.6,61.2,3.247,8.31,1.1,2,Rotational,Medium,1236.7,4.8
M104144,12.7,430.7,77.0,2.846,9.34,2.8,2,Night,Low,1368.6,7.2
M104145,0.0,391.1,72.9,4.363,9.66,2.2,0,Day,Medium,1311.6,4.03
M104146,7.4,433.6,51.2,3.008,11.29,0.0,2,Day,Medium,1158.1,8.03
M104147,15.0,266.2,73.7,5.441,8.93,0.9,3,Rotational,Low,1161.2,12.83
M104148,6.5,179.4,56.1,5.135,8.47,3.3,2,Day,Low,860.6,5.42
M104149,0.1,337.1,72.8,2.826,8.14,0.5,0,Day,Medium,1180.4,4.83
M104150,5.4,444.0,59.1,2.01,8.98,0.0,2,Day,Medium,1148.0,4.73
M104151,12.8,145.9,64.9,1.274,13.35,2.2,3,Day,Medium,1150.1,2.66
M104152,8.5,348.3,62.0,6.799,10.07,3.7,2,Night,Low,,9.45
M104153,3.6,256.6,84.7,2.072,10.4,3.4,3,Night,Low,1313.1,9.82
M104154,4.3,399.4,72.4,1.571,9.5,0.0,1,Day,Low,1286.5,3.26
M104155,4.8,586.4,81.9,3.543,9.71,2.1,0,Day,Medium,1580.9,7.12
M104156,8.4,401.5,99.8,1.578,10.68,3.1,1,Day,Low,1557.7,13.06
M104157,12.4,410.9,68.5,3.541,10.34,3.4,2,Day,,1334.5,5.07
M104158,11.2,491.3,84.5,2.806,10.02,0.3,4,Day,Medium,1529.3,10.45
M104159,8.8,421.8,60.3,5.269,9.52,1.4,2,Day,High,1090.8,4.22
M104160,1.7,401.7,81.8,5.045,8.97,2.2,3,Day,Medium,1436.9,7.44
M104161,1.7,498.8,59.1,5.764,10.14,2.9,3,Night,High,,8.13
M104162,9.1,460.1,67.8,3.681,9.63,2.2,0,Night,Medium,1318.3,7.38
M104163,1.6,444.5,73.9,2.162,12.7,0.0,0,Rotational,Medium,1432.2,5.05
M104164,6.1,408.2,75.6,1.977,11.08,3.5,3,Day,Low,1441.2,7.41
M104165,8.2,390.6,54.0,2.546,8.49,2.8,0,Night,Medium,1072.5,5.9
M104166,2.4,498.0,58.5,8.999,7.75,0.0,3,Rotational,High,1308.8,13.19
M104167,2.9,391.4,74.7,2.931,8.9,0.0,0,Rotational,High,1387.6,3.77
M104168,6.6,524.7,64.0,3.598,7.88,1.6,3,Day,Medium,1304.1,3.03
M104169,9.0,331.0,52.6,7.094,8.81,0.7,1,Night,,1166.6,13.72
M104170,11.2,541.9,67.2,,8.05,0.0,0,Day,Medium,1335.6,6.14
M104171,9.4,460.1,66.7,2.283,9.01,2.3,0,Day,Low,1259.3,4.66
M104172,7.3,337.7,69.9,4.783,9.03,2.0,0,Night,Medium,1337.1,6.39
M104173,4.0,463.3,73.8,2.68,9.72,0.3,1,Rotational,Low,1445.9,8.18
M104174,2.7,364.7,73.1,3.837,9.19,3.6,0,Day,Medium,1342.4,3.14
M104175,5.0,422.8,59.6,4.289,8.15,2.9,0,Rotational,Low,,6.01
M104176,8.6,378.6,63.5,2.593,11.32,1.5,0,Night,Low,1305.8,5.88
M104177,8.3,408.7,78.2,3.644,10.1,2.3,2,Day,Low,1416.7,8.43
M104178,0.0,500.0,62.0,7.389,8.68,1.5,2,Day,High,1238.7,8.48
M104179,3.9,464.1,63.7,2.427,8.17,0.5,0,Night,Low,1168.9,6.89
M104180,11.8,324.3,,6.414,7.3,0.5,2,Rotational,Medium,960.7,11.83
M104181,7.3,329.2,67.7,2.471,7.19,1.1,1,Day,Medium,1167.9,3.43
M104182,1.3,443.0,71.8,8.175,11.07,2.2,2,Day,Medium,1459.9,12.61
M104183,16.4,449.2,46.3,2.165,10.91,,0,Day,Medium,1113.6,5.06
M104184,6.9,362.7,56.2,2.727,8.62,2.7,1,Day,Medium,998.5,3.87
M104185,8.5,555.3,52.4,7.058,11.55,0.8,6,Day,High,1396.2,11.8
M104186,8.6,489.1,76.7,7.215,10.43,0.0,2,Rotational,Medium,1541.8,13.11
M104187,5.5,366.8,47.0,4.999,9.8,0.6,0,Night,Low,1022.3,12.78
M104188,4.1,358.6,67.1,1.933,10.79,3.8,3,Rotational,Low,1283.3,4.5
M104189,15.5,400.6,75.9,3.46,10.43,1.6,1,Day,Medium,1355.3,6.46
M104190,11.0,391.8,70.1,3.322,9.73,2.0,1,Rotational,Low,1228.5,5.89
M104191,10.3,526.8,63.2,2.164,9.14,0.0,1,Day,High,1326.1,3.25
M104192,9.3,503.7,71.8,4.704,9.34,1.1,1,Rotational,Medium,1309.6,8.31
M104193,3.0,423.0,79.4,2.252,7.09,5.3,1,Day,High,1363.3,3.88
M104194,12.1,477.6,66.8,1.741,8.3,0.9,1,Day,Medium,1326.2,4.07
M104195,3.6,490.0,43.4,1.476,12.2,2.1,1,Rotational,High,,5.91
M104196,8.1,425.0,80.6,7.816,8.26,1.0,4,Rotational,High,1447.7,12.78
M104197,0.4,454.2,72.4,2.572,6.72,0.5,1,Night,Medium,1214.9,5.42
M104198,0.0,470.5,67.6,2.599,10.86,0.3,1,Rotational,Medium,1302.1,4.82
M104199,8.3,461.4,46.2,1.983,9.87,2.3,0,Day,Medium,1168.9,5.62
M104200,3.8,353.8,64.7,6.58,9.96,1.6,3,Rotational,Medium,1238.7,8.5
M104201,0.0,362.4,58.4,1.665,9.26,1.6,0,Day,Low,1109.1,3.25
M104202,9.2,395.5,54.6,1.818,10.87,2.1,0,Rotational,Medium,1180.0,4.59
M104203,15.5,359.9,66.5,2.827,11.79,4.5,1,Day,Medium,1251.9,3.35
M104204,12.6,294.8,62.1,3.285,8.72,1.6,4,Rotational,Medium,1069.8,4.98
M104205,6.0,477.5,62.8,4.615,10.45,0.0,1,Night,Medium,1334.6,8.91
M104206,7.0,449.4,76.1,2.368,11.18,0.0,1,Day,Medium,1430.3,4.42
M104207,10.6,306.2,70.8,7.186,8.63,3.8,3,Day,Medium,1173.0,8.79
M104208,11.5,399.5,62.5,2.376,11.76,3.8,1,Night,High,1255.0,3.47
M104209,5.6,404.3,61.2,2.005,11.17,2.3,0,Day,High,1398.9,1.83
M104210,7.1,435.5,63.0,1.912,7.64,0.6,2,Rotational,Low,1254.2,6.11
M104211,8.2,328.0,65.3,2.255,11.89,0.3,1,Rotational,Medium,1212.6,3.88
M104212,9.2,304.9,74.4,1.851,7.72,0.0,0,Day,Medium,1150.3,3.97
M104213,6.5,464.2,56.5,4.833,8.47,3.6,2,Night,Medium,1188.3,8.11
M104214,6.5,289.6,107.8,7.739,10.53,0.0,5,Rotational,Low,1567.1,28.01
M104215,12.5,400.2,74.4,3.107,11.06,5.4,4,Night,Low,1459.1,9.92
M104216,11.8,392.3,37.9,1.984,9.65,3.1,1,Rotational,Medium,932.6,9.52
M104217,8.9,409.5,68.9,1.846,8.56,1.2,2,Day,Low,1265.3,5.34
M104218,13.9,441.5,79.4,5.773,9.11,6.5,5,Night,High,1475.2,12.23
M104219,5.5,555.9,72.3,7.399,8.93,2.2,3,Day,Low,1538.7,11.12
M104220,13.5,284.0,63.5,6.262,10.76,0.0,4,Day,Low,1120.5,8.45
M104221,9.2,494.5,67.3,1.591,8.89,3.6,2,Day,High,1380.5,2.5
M104222,20.1,206.5,70.0,1.705,8.52,1.9,1,Rotational,High,1219.2,3.28
M104223,2.2,538.5,76.5,8.928,7.28,1.9,7,Night,Medium,1336.7,17.3
M104224,4.2,246.4,52.4,2.924,8.61,5.0,2,Rotational,High,915.8,3.98
M104225,8.7,627.1,61.3,1.67,9.32,0.4,0,Night,Medium,1428.2,5.6
M104226,8.6,386.9,86.0,5.704,7.8,3.2,2,Rotational,Medium,1351.0,11.19
M104227,14.8,529.7,68.4,3.434,6.88,2.3,1,Rotational,High,1299.6,5.84
M104228,4.3,512.2,84.8,4.414,10.97,1.7,0,Day,Low,1617.9,10.16
M104229,10.6,382.9,100.8,1.084,8.0,0.8,5,Rotational,Low,1635.9,15.69
M104230,11.6,389.4,62.6,2.82,7.54,3.6,2,Rotational,Medium,1240.3,6.39
M104231,9.8,348.8,54.8,5.336,11.85,0.0,2,Night,Medium,1111.1,10.54
M104232,3.2,486.9,65.1,2.41,10.77,1.6,2,Night,Low,1347.5,5.99
M104233,12.6,384.0,80.1,6.156,11.04,2.7,3,Day,High,1357.4,8.35
M104234,11.9,350.4,81.6,1.719,10.26,2.4,2,Rotational,Medium,1486.3,5.87
M104235,9.4,465.7,93.0,3.138,11.47,0.0,2,Day,High,1661.5,13.29
M104236,7.8,343.7,67.6,7.557,10.83,0.9,1,Day,Medium,1248.9,6.95
M104237,7.9,392.0,73.4,1.867,8.98,1.4,2,Day,Medium,1311.4,6.35
M104238,6.7,429.1,60.2,3.803,7.9,0.5,1,Day,High,1175.9,4.32
M104239,9.6,365.4,40.4,4.448,7.58,2.5,1,Day,Medium,890.3,9.68
M104240,7.1,378.2,67.6,3.475,9.29,3.8,0,Night,Medium,1232.3,6.62
M104241,3.6,550.5,55.3,2.93,7.85,2.9,1,Day,Low,1211.3,6.07
M104242,2.8,402.6,75.1,2.142,8.3,0.4,2,Rotational,Low,1351.1,8.14
M104243,4.0,389.4,47.3,3.663,9.27,0.3,0,Day,Medium,985.3,7.04
M104244,7.9,405.1,59.9,3.154,11.6,1.0,2,Day,Medium,1270.1,5.52
M104245,6.9,458.6,70.9,1.619,7.23,0.2,1,Day,Low,1196.4,4.99
M104246,7.9,332.1,72.1,5.754,9.54,2.2,3,Day,High,1297.5,9.04
M104247,9.0,456.3,67.5,2.106,7.62,1.8,2,Day,Low,1212.7,4.73
M104248,4.5,441.7,88.5,1.64,8.67,0.9,3,Rotational,High,1465.3,7.66
M104249,12.9,268.0,85.3,2.465,10.89,3.2,1,Rotational,Medium,1348.3,7.21
M104250,5.9,572.5,60.5,2.125,8.23,1.2,0,Day,Low,1299.8,5.11
M104251,5.3,544.2,85.7,2.918,9.1,0.0,2,Day,High,1725.0,9.34
M104252,8.9,352.0,87.4,1.784,9.71,0.0,2,Night,Low,1383.2,11.02
M104253,0.0,324.6,66.6,4.154,10.55,2.6,2,Night,Medium,1211.2,6.28
M104254,3.8,439.4,68.5,6.623,8.68,1.5,1,Rotational,Medium,1222.3,8.96
M104255,10.9,298.8,67.4,3.501,11.39,3.3,2,Rotational,Low,1338.2,5.57
M104256,0.1,536.0,,1.613,8.83,3.7,0,Day,Medium,1301.7,2.51
M104257,11.5,380.2,62.0,2.103,10.23,2.1,1,Rotational,Low,1142.2,6.12
M104258,13.0,557.9,82.5,3.709,9.22,1.1,2,Night,High,,8.81
M104259,5.5,349.9,72.8,1.242,10.61,2.1,2,Rotational,Medium,1346.1,3.11
M104260,8.2,410.5,61.9,1.792,12.54,2.9,1,Night,Medium,1300.1,5.35
M104261,11.5,527.7,,1.457,9.08,5.3,1,,Medium,1279.0,4.14
M104262,5.1,392.5,59.7,3.517,9.48,1.7,2,Night,High,1189.9,4.66
M104263,10.5,443.1,66.2,9.787,8.85,5.7,5,Day,Medium,1346.9,12.49
M104264,4.3,512.9,78.0,1.767,8.62,2.4,1,Night,High,1532.9,6.24
M104265,5.1,372.7,58.5,4.994,8.45,2.2,1,Day,Medium,979.6,5.77
M104266,3.8,312.8,77.9,2.504,9.47,0.3,0,Day,High,1259.8,4.07
M104267,8.4,296.0,70.2,1.716,8.33,1.9,1,Day,Medium,1179.0,2.18
M104268,11.6,469.6,,7.258,8.38,2.3,0,Day,Medium,1282.2,9.19
M104269,6.3,453.0,79.3,9.776,5.5,0.0,0,Rotational,Medium,1285.6,18.84
M104270,1.9,510.2,77.3,4.079,11.58,0.8,0,Night,Medium,1551.6,6.66
M104271,2.7,396.7,52.6,3.98,11.97,3.4,2,Day,Medium,1274.7,5.3
M104272,8.6,298.4,56.1,,10.47,2.4,1,Night,Medium,1091.9,5.24
M104273,14.4,220.0,65.5,3.083,8.19,2.2,0,Night,Low,1037.2,6.75
M104274,8.6,663.8,71.9,3.936,7.6,1.4,4,Day,Medium,1431.7,5.55
M104275,5.5,464.8,83.0,,7.15,2.1,3,Day,Low,1516.4,12.5
M104276,10.1,431.6,68.7,7.627,10.46,4.2,4,Day,Low,1359.8,11.62
M104277,6.0,443.7,86.7,2.556,11.4,0.0,2,Day,High,1566.3,6.5
M104278,5.5,298.3,60.2,3.538,9.75,0.5,3,Day,Medium,1128.3,6.56
M104279,3.2,352.4,62.1,3.176,10.79,1.2,3,Rotational,Medium,1267.8,5.37
M104280,12.6,568.2,64.6,5.54,10.17,0.8,3,Day,Medium,1390.7,10.6
M104281,0.0,476.0,59.0,11.024,8.34,3.8,3,Day,Medium,1265.9,15.24
M104282,10.2,355.1,80.8,5.637,11.01,0.2,0,Day,Medium,1384.2,8.72
M104283,5.1,315.7,37.5,4.949,10.92,0.1,3,Day,Low,891.3,14.81
M104284,5.4,376.2,62.5,5.228,8.01,1.6,1,Day,Medium,1110.2,7.39
M104285,13.8,393.2,80.6,6.257,10.71,4.1,3,Rotational,Medium,1366.4,11.42
M104286,4.1,594.2,64.6,11.103,9.28,0.0,3,Night,Medium,1312.4,16.36
M104287,4.3,404.0,79.8,1.429,9.11,,1,Day,High,1485.7,4.72
M104288,6.5,318.9,92.2,4.481,10.09,2.1,2,Rotational,Medium,1527.5,12.27
M104289,8.7,415.0,68.9,0.913,10.04,0.9,1,Day,Low,1295.5,3.63
M104290,5.2,442.5,80.9,,10.83,2.4,3,Night,Low,1476.9,13.38
M104291,0.7,311.2,94.6,4.373,8.23,3.4,2,Day,High,1437.5,11.71
M104292,3.5,454.2,72.4,2.526,10.35,1.6,1,Day,,1428.6,4.83
M104293,12.1,522.8,67.5,,7.76,4.0,1,Night,High,1399.2,3.0
M104294,7.3,431.8,77.9,3.296,9.23,1.6,1,Night,High,,5.44
M104295,8.8,352.2,81.0,3.711,9.33,1.5,2,Rotational,Medium,1295.7,8.59
M104296,6.0,375.0,67.6,3.217,10.96,2.5,1,Night,Low,,6.64
M104297,4.4,279.0,,,9.51,1.3,1,Rotational,High,1090.2,2.96
M104298,13.7,408.6,86.9,2.12,9.11,0.0,1,Rotational,Low,1255.1,11.22
M104299,6.2,446.4,65.0,3.235,11.64,0.7,0,Day,Medium,1350.8,5.68
M104300,5.2,343.8,81.1,2.223,8.86,1.1,1,Night,Low,1189.3,7.17
M104301,11.4,584.9,70.9,,8.79,0.4,5,Rotational,Medium,1548.5,11.77
M104302,4.1,487.3,88.1,3.192,6.69,2.7,1,Day,Medium,1398.3,9.75
M104303,4.6,267.6,58.7,1.402,9.17,1.1,0,Day,Medium,1052.0,2.1
M104304,7.0,269.4,58.6,3.627,8.09,0.4,1,Rotational,High,1108.1,5.81
M104305,7.0,336.4,77.4,4.084,9.12,1.7,1,Night,Low,1246.8,8.54
M104306,8.0,553.7,55.6,7.456,9.86,,3,Day,High,1316.5,10.59
M104307,15.4,495.7,69.3,5.281,7.87,3.2,5,Night,Medium,1272.8,11.69
M104308,8.3,558.0,85.0,2.118,8.27,0.0,2,Day,High,1543.6,6.44
M104309,0.0,420.9,48.4,6.773,7.1,0.0,3,Day,Medium,996.6,10.06
M104310,8.3,402.2,72.4,1.66,8.74,3.8,5,Night,Medium,1340.8,6.58
M104311,7.2,314.0,81.3,3.367,8.08,0.7,0,Rotational,Low,1315.2,7.81
M104312,7.2,449.7,67.7,4.841,12.72,3.0,0,Day,High,1427.6,5.48
M104313,8.0,403.3,57.8,6.885,11.76,3.7,1,Day,Low,1237.9,9.72
M104314,6.9,400.1,65.1,8.537,11.51,1.1,3,Rotational,Medium,1257.4,9.45
M104315,6.8,557.5,58.8,6.28,7.56,0.8,3,Night,Medium,1311.5,10.79
M104316,9.5,409.3,68.8,3.101,9.23,1.4,2,Night,Low,1304.6,8.75
M104317,4.8,533.1,,4.436,7.7,0.7,3,Day,Low,1246.3,8.24
M104318,3.2,285.0,62.4,3.714,12.26,3.2,1,Day,Low,1236.0,5.07
M104319,19.1,648.5,73.1,2.329,10.75,3.3,3,Night,Low,1625.7,8.12
M104320,4.1,388.3,85.4,3.134,7.92,0.0,2,Rotational,Medium,1458.9,9.78
M104321,7.4,480.1,71.6,8.157,10.05,1.5,2,Day,Medium,1425.0,9.47
M104322,1.0,493.6,82.8,4.586,7.28,1.6,2,Night,Low,1399.3,11.44
M104323,7.5,377.7,85.4,9.297,9.3,0.9,6,Day,Medium,1427.9,20.04
M104324,3.3,489.6,61.5,1.932,9.24,0.0,1,Night,Medium,1205.0,4.63
M104325,5.2,494.0,71.0,2.743,10.61,1.4,1,Rotational,Low,1457.4,7.08
M104326,11.2,359.4,63.3,4.086,10.98,1.5,1,Day,Medium,1306.6,5.29
M104327,8.9,360.4,51.7,4.812,9.53,1.9,3,Day,Medium,1203.1,6.61
M104328,9.3,423.9,71.9,,9.16,0.9,4,Day,Medium,1305.0,7.21
M104329,0.0,410.2,56.4,4.954,5.5,0.0,0,Night,Medium,962.2,6.07
M104330,14.3,538.4,73.3,4.936,11.84,1.9,1,Day,Medium,1465.9,7.8
M104331,2.2,479.7,50.9,1.659,8.51,0.1,0,Day,Medium,1106.5,6.45
M104332,13.1,414.0,69.9,4.839,9.65,1.7,0,Day,Medium,1275.5,6.45
M104333,11.1,471.5,50.7,5.678,12.89,1.8,6,Rotational,Medium,1357.6,9.72
M104334,9.3,246.0,75.4,3.85,7.71,4.6,1,Day,Medium,1180.7,4.39
M104335,3.6,367.7,63.7,1.323,9.53,1.5,0,Night,Medium,1290.9,4.23
M104336,7.6,444.5,62.6,2.891,10.25,1.1,1,Night,High,1337.6,4.98
M104337,5.1,514.8,80.4,4.133,11.14,2.8,1,Day,Medium,1595.1,6.33
M104338,7.1,437.0,64.5,2.154,9.5,0.3,0,Rotational,Medium,1307.9,3.99
M104339,6.0,544.0,69.2,5.255,11.26,1.5,1,Day,Low,1434.7,8.59
M104340,0.0,493.8,65.8,4.782,8.88,0.3,3,Rotational,High,1357.2,7.87
M104341,11.5,378.5,73.6,3.551,10.32,2.0,2,Day,High,1462.4,4.44
M104342,6.7,408.1,79.5,3.349,10.12,3.4,0,Day,Low,1421.4,7.02
M104343,5.1,454.7,77.2,3.656,9.36,1.2,1,Night,Low,1437.4,8.08
M104344,4.8,381.9,62.9,3.313,9.99,0.0,3,Day,Medium,1169.1,6.0
M104345,8.4,550.2,81.3,1.746,8.19,1.1,2,Day,Medium,1495.3,5.49
M104346,3.4,325.8,57.9,2.678,9.05,1.4,0,Day,Medium,1073.0,3.35
M104347,0.0,446.9,59.8,3.443,7.57,0.5,1,Rotational,Medium,1292.4,4.93
M104348,8.6,482.5,66.6,6.748,8.84,0.0,4,Rotational,Medium,1311.9,12.0
M104349,9.1,393.4,79.5,4.693,11.21,2.7,1,Day,Low,1443.8,9.28
M104350,6.2,374.2,55.1,6.932,10.13,0.0,5,Rotational,Medium,1238.9,12.24
M104351,2.4,413.5,77.8,1.645,9.96,1.3,2,Night,Medium,1443.4,7.54
M104352,7.4,489.0,67.4,2.779,7.1,4.2,0,Day,Medium,1301.8,4.26
M104353,1.1,377.5,63.2,9.365,9.98,1.1,2,Day,Low,1238.9,14.29
M104354,2.9,329.1,80.1,2.29,9.41,0.3,2,Night,Low,1341.6,8.9
M104355,4.0,517.8,59.2,2.267,10.31,1.9,0,Day,Medium,1382.3,3.45
M104356,10.4,453.9,93.1,2.898,11.57,3.1,3,Night,Medium,1604.5,12.56
M104357,5.5,505.7,66.1,9.107,8.89,1.4,1,Day,Medium,1325.9,11.82
M104358,5.2,484.5,69.6,2.373,9.03,0.4,0,Rotational,High,1329.4,2.4
M104359,14.8,605.3,85.0,4.387,10.88,,1,Rotational,High,1734.7,8.64
M104360,8.4,514.8,69.9,4.039,8.59,0.0,1,Day,Low,1451.4,7.76
M104361,8.4,358.5,81.1,1.266,9.63,5.2,1,Night,Low,1379.9,7.67
M104362,5.5,460.0,,3.294,6.51,0.6,0,Day,Medium,1058.5,7.05
M104363,4.6,372.6,63.1,2.518,9.04,3.1,2,Rotational,Medium,1290.7,3.02
M104364,0.0,381.4,72.4,4.66,11.46,2.6,1,Rotational,Low,1393.2,6.65
M104365,10.9,299.9,79.9,7.921,10.0,4.3,2,,High,1274.0,9.73
M104366,8.8,395.7,76.5,2.795,10.85,0.5,4,Day,Medium,1353.4,8.22
M104367,6.3,466.3,75.4,2.795,10.93,0.0,3,Night,Low,1465.1,8.71
M104368,6.5,414.4,79.7,11.692,11.52,1.2,4,Night,Medium,1545.0,20.54
M104369,9.9,326.6,73.2,2.326,8.98,0.0,3,Rotational,High,1284.5,5.7
M104370,0.8,290.5,44.4,1.696,10.91,1.1,0,Rotational,Medium,947.6,5.71
M104371,4.6,599.5,83.9,6.611,12.87,3.6,2,Rotational,Low,1774.2,13.58
M104372,2.5,447.6,58.8,3.237,9.46,1.2,0,Day,Low,1199.2,5.63
M104373,14.1,350.0,71.4,3.825,7.52,1.4,1,Day,Low,1217.2,7.84
M104374,10.5,459.3,70.0,10.133,8.61,0.6,4,Rotational,Medium,1476.9,15.96
M104375,0.0,606.1,68.5,1.646,10.2,1.2,0,Day,Medium,1458.4,3.5
M104376,0.9,472.7,55.8,,7.01,2.0,3,Night,Medium,1168.3,6.38
M104377,6.5,183.1,46.7,1.789,8.36,0.2,3,Rotational,High,863.3,4.85
M104378,5.1,645.4,57.0,,9.01,2.4,3,Day,High,,6.77
M104379,1.7,262.8,77.1,2.518,9.66,4.5,1,Day,Low,1311.7,5.09
M104380,14.8,402.5,52.1,1.847,12.19,2.7,1,Rotational,Low,1192.7,6.29
M104381,8.3,323.7,58.3,4.788,10.53,2.0,3,Rotational,Low,1161.9,8.43
M104382,8.9,357.1,72.6,3.337,7.83,5.1,1,Day,Medium,1243.3,4.62
M104383,4.2,444.2,56.7,1.776,14.5,0.8,1,Rotational,Medium,1262.9,3.97
M104384,9.9,244.0,62.0,,9.48,2.9,3,Night,High,1126.4,2.92
M104385,5.5,412.3,68.9,3.684,6.98,1.1,0,Day,Medium,1314.5,3.22
M104386,5.9,517.5,71.1,1.44,7.94,4.3,1,Day,Medium,,3.63
M104387,9.4,348.3,56.5,3.72,7.95,0.2,2,Rotational,Low,1085.3,7.72
M104388,0.5,301.8,69.6,6.487,7.48,1.0,2,Night,Low,1220.6,10.16
M104389,13.4,408.2,72.4,4.635,10.27,2.8,0,Day,Low,1334.4,7.7
M104390,7.7,391.2,54.0,2.431,5.5,,2,Night,Low,1026.5,7.81
M104391,12.1,369.4,70.4,3.808,10.97,2.5,0,Day,Low,1334.2,5.33
M104392,2.7,319.0,60.1,1.776,10.72,0.0,1,Day,Medium,1141.5,2.76
M104393,3.3,464.1,,3.554,8.82,1.3,2,Night,Medium,1356.3,7.44
M104394,2.4,470.6,76.0,2.82,10.87,3.6,2,Night,Medium,1421.4,6.62
M104395,8.0,329.4,66.1,,7.86,0.6,1,Night,High,1172.1,4.56
M104396,7.3,341.2,78.0,4.535,8.24,3.8,2,Night,Low,1278.7,10.36
M104397,5.1,431.6,76.7,1.235,10.32,0.5,3,Day,Low,1426.0,6.28
M104398,2.9,338.0,78.0,1.835,9.19,,0,Day,Medium,1346.0,2.71
M104399,1.9,435.2,72.4,1.949,8.56,0.2,1,Night,High,1289.3,5.61
M104400,6.8,544.8,80.1,2.58,9.33,0.0,3,Night,Medium,1491.4,8.88
M104401,5.1,414.9,72.2,6.358,11.48,2.9,1,Night,High,1386.6,9.47
M104402,4.3,316.8,49.7,4.841,11.42,1.9,3,Night,High,996.7,10.57
M104403,13.2,453.3,59.3,3.5,10.14,2.6,1,Day,Medium,1224.2,5.72
M104404,6.7,404.9,65.7,3.418,8.97,0.8,1,Day,Low,1185.4,4.32
M104405,12.1,407.2,67.0,3.301,10.28,2.8,2,Night,High,1290.4,3.68
M104406,4.9,460.4,71.9,6.592,8.21,3.8,2,Day,Medium,1379.0,6.8
M104407,8.0,478.7,59.1,1.339,11.25,4.7,1,Day,High,1361.3,0.97
M104408,6.8,423.0,90.1,4.883,10.93,,5,Rotational,Medium,1638.2,15.1
M104409,0.2,414.8,66.9,2.575,12.4,1.9,1,Night,High,1364.0,4.53
M104410,12.7,595.4,67.9,4.269,8.3,1.4,2,Day,Medium,1354.1,7.49
M104411,6.5,522.0,60.6,4.28,8.11,2.3,4,Rotational,High,1208.1,6.62
M104412,10.0,490.9,57.0,4.79,10.33,0.9,1,Night,Medium,1296.0,10.52
M104413,4.0,431.2,66.6,7.329,9.09,2.3,5,Rotational,Low,1260.7,12.23
M104414,6.3,334.5,68.3,1.673,11.0,1.6,0,Night,Medium,1208.4,2.9
M104415,3.5,515.8,67.0,5.489,11.48,5.2,0,Day,Low,1477.8,7.09
M104416,11.9,432.3,86.2,3.216,12.05,3.0,2,Night,Medium,1647.7,10.79
M104417,8.2,370.9,66.6,2.637,9.59,0.8,1,Day,Medium,1268.1,4.5
M104418,8.5,399.3,67.1,9.179,10.82,0.0,2,Night,High,1356.1,9.93
M104419,12.4,337.9,77.0,4.716,8.72,1.1,3,Night,Medium,1264.5,9.33
M104420,11.6,509.9,66.1,2.695,9.83,3.5,3,Night,Low,1341.6,9.27
M104421,10.1,478.1,73.9,5.358,9.42,3.3,2,Rotational,High,1224.2,6.86
M104422,1.3,435.4,53.9,3.245,9.34,0.7,1,Night,Medium,1230.5,6.16
M104423,4.2,416.4,54.0,2.674,12.24,1.3,3,Rotational,Medium,1265.0,6.33
M104424,3.0,362.1,69.3,2.452,7.49,0.7,0,Rotational,Medium,1208.0,5.15
M104425,9.9,238.9,65.5,3.866,9.49,0.0,3,Day,Medium,1186.5,4.34
M104426,7.7,299.9,59.1,2.443,9.58,0.2,1,Night,Medium,1128.4,5.71
M104427,1.4,356.9,69.3,3.588,10.46,3.0,2,Night,High,1281.3,4.74
M104428,6.2,344.1,70.3,5.173,7.85,1.2,1,Day,Low,1279.6,6.11
M104429,1.0,444.6,60.2,3.509,9.05,1.7,1,Day,Low,,5.86
M104430,6.8,489.0,62.3,8.92,8.61,1.7,3,Day,,1252.0,11.91
M104431,0.4,409.1,70.4,3.342,6.12,0.0,1,Day,Medium,1200.7,4.85
M104432,9.1,539.8,56.8,6.518,11.24,4.3,3,Rotational,Medium,1267.1,9.59
M104433,8.5,353.5,61.4,5.409,7.3,2.0,0,Day,Medium,1225.3,6.32
M104434,14.6,408.5,73.9,7.118,7.1,0.2,2,Rotational,Low,1228.6,11.7
M104435,10.4,415.7,67.7,8.9,10.92,2.5,4,Rotational,Medium,1309.5,15.38
M104436,5.3,512.8,62.8,1.376,9.0,2.0,1,Night,High,,2.7
M104437,10.3,429.0,58.1,3.791,9.05,0.7,2,Rotational,Medium,1226.7,6.98
M104438,1.4,431.4,56.9,3.14,9.08,1.0,0,Day,Medium,1222.3,4.05
M104439,3.2,279.3,66.6,3.51,11.11,2.0,0,Day,Medium,1105.4,3.33
M104440,8.3,343.5,90.3,2.722,8.67,0.6,1,Day,Medium,1351.9,8.98
M104441,0.0,513.2,74.2,2.53,10.39,2.9,2,Day,Low,1488.4,5.19
M104442,6.9,243.6,53.3,1.916,7.79,2.2,1,Rotational,High,1041.2,1.71
M104443,2.9,534.2,75.8,3.486,10.0,0.0,2,Night,Medium,1580.2,9.49
M104444,7.4,462.5,59.7,5.296,10.85,1.1,2,Rotational,High,1354.4,6.81
M104445,2.7,356.5,67.9,2.594,11.61,1.2,1,Day,Medium,1279.9,4.38
M104446,8.7,349.3,61.5,2.817,7.18,0.6,1,,Medium,1083.6,4.13
M104447,7.1,581.2,90.3,2.342,9.05,4.2,3,Night,High,,10.99
M104448,12.6,540.0,55.5,2.019,11.9,2.2,2,,High,1371.9,3.69
M104449,7.0,409.8,71.4,2.95,10.88,2.2,1,Night,High,1407.9,4.92
M104450,3.9,431.4,60.5,3.942,9.2,2.4,4,Rotational,High,1239.5,4.45
M104451,6.0,365.1,76.1,6.226,9.51,0.5,1,Day,Medium,1394.2,7.24
M104452,1.6,431.5,71.2,1.829,9.95,1.2,0,Day,Low,1391.8,3.6
M104453,8.6,362.7,81.8,3.27,8.94,2.1,2,Day,Low,1395.9,9.2
M104454,9.4,413.3,90.1,23.751,10.32,0.9,4,Night,Medium,1711.1,46.5
M104455,16.9,573.9,60.4,1.842,10.24,4.8,2,Day,Medium,1278.2,4.68
M104456,4.5,411.9,100.1,6.256,7.83,0.0,2,Night,Medium,1568.9,21.76
M104457,5.9,330.9,74.1,2.666,8.77,1.3,0,Day,Medium,1179.2,3.85
M104458,4.7,303.9,,16.629,8.82,2.0,2,Day,Low,1849.7,23.78
M104459,7.8,430.8,70.3,2.977,9.12,5.1,3,Night,High,1161.0,4.75
M104460,8.5,355.3,74.9,4.176,9.9,1.8,2,Day,Medium,1302.3,7.04
M104461,6.8,441.0,,7.423,9.77,0.6,1,Day,Medium,1421.1,10.04
M104462,11.3,282.3,73.5,3.125,8.42,0.0,2,Day,Medium,1105.7,6.71
M104463,4.5,478.7,78.6,5.464,11.51,1.5,2,Day,Low,1537.1,9.59
M104464,10.9,329.9,77.5,3.809,9.51,1.5,2,Day,Medium,1258.8,7.66
M104465,9.2,423.9,58.7,2.241,11.7,6.6,1,Night,Low,1280.1,6.29
M104466,7.0,391.2,91.2,3.087,11.66,0.8,1,Day,Low,1544.6,11.76
M104467,5.7,566.1,89.7,2.992,7.91,2.9,1,Day,Low,1592.6,9.75
M104468,16.7,434.6,,1.639,8.76,1.2,3,Night,Low,1451.9,6.25
M104469,3.7,585.4,68.4,4.177,8.87,3.3,1,Day,,1474.9,5.92
M104470,8.2,467.7,68.6,4.613,9.97,3.8,0,Day,Medium,1244.1,5.11
M104471,4.0,541.2,64.4,4.984,10.59,0.2,0,Rotational,Medium,1345.3,7.74
M104472,14.1,402.3,65.9,6.786,9.72,1.8,3,Night,Low,1232.9,13.0
M104473,10.5,449.4,43.9,5.349,8.67,0.4,3,Day,Medium,1141.4,11.04
M104474,4.3,523.6,84.8,2.456,11.98,0.0,2,Day,High,1593.3,6.1
M104475,9.1,496.9,81.0,2.732,8.84,1.5,2,Day,High,1412.5,5.95
M104476,8.0,465.1,49.6,5.05,10.61,0.0,2,Rotational,Medium,1159.3,7.8
M104477,4.9,392.1,77.8,4.034,9.44,1.3,3,Rotational,Medium,1334.3,7.49
M104478,10.0,406.5,67.9,3.291,9.4,4.6,3,Day,High,1245.3,3.86
M104479,8.6,516.7,65.8,2.144,10.51,,1,Night,Medium,1388.4,5.95
M104480,7.9,534.4,73.4,2.546,11.81,2.3,1,Day,Medium,1554.5,4.06
M104481,6.8,369.6,48.8,4.443,9.96,5.7,0,Night,Medium,1103.8,8.06
M104482,8.7,356.8,67.9,1.252,8.77,1.2,1,Rotational,Medium,1312.4,4.04
M104483,7.9,343.1,68.9,1.03,11.72,0.0,0,Day,Medium,1318.5,2.65
M104484,7.2,490.5,68.9,4.696,10.24,4.3,0,Day,Medium,1420.7,6.49
M104485,4.4,341.0,53.0,2.543,9.76,4.1,4,Rotational,Low,,6.06
M104486,13.8,489.5,72.9,4.197,11.04,5.7,1,Day,Medium,1409.0,5.52
M104487,2.8,466.4,,7.303,9.98,0.6,1,Night,Low,1434.6,14.15
M104488,8.7,373.7,72.5,2.001,13.19,2.7,0,Day,Medium,1327.8,2.48
M104489,5.7,552.9,65.5,1.441,9.5,1.3,0,Day,Medium,1284.5,2.82
M104490,14.0,295.7,97.6,2.892,11.22,3.6,0,Day,Medium,1555.9,12.75
M104491,3.4,561.1,57.8,2.357,10.16,0.9,3,Day,Low,1353.0,6.63
M104492,4.1,447.1,76.5,3.278,10.16,1.9,1,Day,High,1350.0,5.11
M104493,3.1,243.8,70.7,4.345,8.96,2.0,1,Day,Medium,1169.1,6.58
M104494,8.3,555.3,90.1,3.909,8.96,3.1,1,Rotational,Medium,1641.7,10.97
M104495,1.5,502.6,72.3,3.398,10.24,0.0,2,Day,Medium,1472.6,7.26
M104496,5.1,383.6,74.6,5.635,8.2,0.4,4,Night,Low,1273.2,11.27
M104497,0.0,338.0,73.6,4.643,8.64,1.1,0,Rotational,Medium,1214.0,4.96
M104498,8.0,286.6,56.4,3.032,9.52,0.0,2,Rotational,Medium,1021.1,6.03
M104499,5.0,625.3,58.4,4.561,11.36,0.7,0,Night,Low,1478.5,9.12
M104500,1.0,341.5,65.0,1.533,9.62,0.0,0,Day,Medium,1250.5,1.23
M104501,11.3,312.6,78.5,5.651,9.6,1.3,3,Night,High,1255.2,9.0
M104502,1.8,442.8,70.6,3.357,7.91,2.9,1,Night,Medium,1303.5,5.27
M104503,10.2,280.8,65.7,1.821,12.04,2.6,0,Rotational,High,1188.1,2.5
M104504,4.2,336.6,83.1,2.696,11.16,0.9,0,Night,Medium,1379.3,8.82
M104505,13.4,504.6,46.2,5.578,11.33,2.9,5,Rotational,Medium,1223.6,13.0
M104506,10.0,459.5,53.7,2.262,7.32,1.0,1,Day,Medium,1142.1,5.44
M104507,3.0,387.2,40.5,4.077,10.03,0.1,4,Rotational,Medium,860.7,11.0
M104508,3.3,421.6,81.3,5.152,8.09,3.0,1,Night,High,1407.5,8.12
M104509,9.4,382.4,66.9,3.361,10.66,2.3,1,Rotational,Medium,1367.2,5.71
M104510,6.0,414.7,78.6,2.155,9.98,3.0,0,Rotational,Low,1410.1,6.58
M104511,6.3,355.2,66.8,3.216,10.28,1.7,0,Night,Medium,,6.39
M104512,12.1,370.7,79.3,1.641,8.43,4.2,1,Day,High,1355.2,3.08
M104513,4.0,368.1,66.6,2.6,7.94,0.0,0,Day,Medium,1314.8,3.01
M104514,7.4,358.3,72.5,1.909,8.54,0.5,1,Day,Medium,1381.0,5.59
M104515,10.8,508.7,70.9,3.243,9.96,0.8,1,Day,Medium,1535.8,6.38
M104516,10.2,485.5,71.7,1.76,9.14,2.3,0,Rotational,Medium,1423.4,4.8
M104517,6.4,340.7,86.5,3.462,9.88,4.1,3,Day,High,1433.1,6.15
M104518,5.8,318.5,50.1,5.85,7.96,0.0,1,Rotational,Low,912.2,11.25
M104519,0.0,406.6,67.2,6.037,9.49,0.9,0,Night,Low,1193.5,11.05
M104520,2.8,603.2,70.2,1.781,11.59,1.7,1,Night,Medium,1618.4,5.99
M104521,8.3,332.6,68.5,2.38,10.0,1.0,2,Rotational,Low,1183.3,6.75
M104522,6.4,406.3,63.6,5.085,10.09,1.2,2,Night,High,1345.9,7.15
M104523,7.3,427.5,62.1,4.721,10.1,1.9,1,Day,Medium,1213.8,5.21
M104524,11.2,410.8,84.8,,8.73,2.4,2,Day,High,1312.1,5.88
M104525,2.3,381.1,67.2,2.603,11.95,2.6,1,Night,High,1262.3,4.22
M104526,6.1,518.2,94.8,3.46,10.04,3.7,3,Rotational,Low,1580.7,13.99
M104527,7.8,458.6,73.8,1.328,9.77,1.3,1,Day,High,1482.2,3.37
M104528,4.2,491.9,64.8,4.317,10.53,1.1,0,Day,Low,1337.6,6.92
M104529,12.7,470.1,74.1,5.706,10.91,2.2,4,Night,Medium,1418.6,10.86
M104530,10.6,496.0,69.2,2.733,7.63,0.0,2,Night,Medium,1297.6,6.8
M104531,8.2,554.7,82.8,1.633,9.58,3.6,0,Rotational,Medium,1565.4,5.02
M104532,14.2,533.1,55.2,6.728,12.85,0.3,2,Rotational,Medium,1370.2,10.08
M104533,1.0,617.6,48.2,3.705,11.98,1.7,1,Night,Low,1303.5,11.54
M104534,7.0,523.5,72.0,4.733,9.34,3.5,3,Rotational,Medium,1327.0,7.79
M104535,8.5,363.1,77.2,1.715,10.59,2.3,2,Rotational,High,1269.1,3.76
M104536,3.3,492.0,71.1,1.718,9.01,1.1,0,Day,Low,1322.1,3.51
M104537,8.2,480.4,75.4,4.084,10.03,1.2,1,Night,Medium,1347.7,8.73
M104538,2.6,583.2,73.8,5.55,8.81,3.5,2,Day,Medium,1560.7,5.91
M104539,9.8,337.8,51.7,1.888,8.79,0.0,0,Rotational,Medium,1013.0,5.54
M104540,11.2,467.4,71.1,3.155,8.61,2.2,1,Day,High,1242.9,2.15
M104541,8.1,362.1,82.5,1.501,12.02,2.0,1,Rotational,High,1476.4,4.87
M104542,0.0,463.6,69.9,2.338,8.78,1.1,0,Day,Medium,1290.3,4.09
M104543,3.1,401.7,53.6,2.92,11.21,2.8,1,,High,1237.5,3.5
M104544,9.3,460.8,64.3,4.239,8.85,5.2,1,Night,Low,,7.91
M104545,7.1,300.1,74.1,1.158,8.68,2.0,1,Day,Low,1203.3,4.88
M104546,0.0,487.4,87.8,6.425,10.08,1.7,3,Rotational,Medium,1703.3,11.65
M104547,12.0,437.5,46.5,3.049,7.55,0.9,3,Rotational,Medium,1053.3,8.75
M104548,7.5,432.9,72.0,6.342,10.5,1.9,4,Day,High,1373.2,7.63
M104549,3.7,585.8,57.7,4.708,9.3,0.3,1,Day,Medium,1344.2,7.09
M104550,11.0,387.5,73.6,5.084,8.67,1.7,4,Night,Medium,1263.3,9.68
M104551,4.3,449.1,74.5,9.117,8.35,2.3,2,Night,Medium,1483.3,15.52
M104552,4.2,428.5,65.4,2.246,12.46,1.7,1,Day,Low,1297.7,3.45
M104553,8.4,436.8,74.9,3.553,9.45,0.2,0,Day,Medium,1454.0,6.11
M104554,14.1,608.9,80.5,2.023,9.39,4.2,3,Day,Low,1566.1,9.44
M104555,13.5,425.4,66.2,3.155,10.81,0.0,1,Day,High,1287.8,3.69
M104556,8.4,371.8,53.3,4.759,8.24,0.0,1,Day,High,1037.1,6.73
M104557,8.8,579.0,83.7,5.834,11.2,0.4,2,Rotational,Medium,1516.1,11.19
M104558,10.2,393.8,100.2,8.816,9.45,4.3,0,Rotational,Low,1826.5,24.75
M104559,2.0,283.6,74.2,1.818,7.42,0.4,1,Rotational,Medium,1232.1,2.46
M104560,9.6,357.0,60.4,3.444,8.7,2.1,0,Day,Low,1140.1,5.45
M104561,4.1,314.0,78.8,2.168,7.86,2.5,0,Night,Low,1198.1,6.64
M104562,8.3,267.0,90.5,2.487,9.62,0.3,3,Night,Medium,1422.5,9.05
M104563,6.1,389.1,66.7,4.645,8.31,1.2,1,Night,Low,1218.2,7.22
M104564,9.0,414.0,69.0,4.233,8.14,1.1,2,Day,Medium,1249.4,5.54
M104565,7.5,520.3,56.3,5.038,9.94,3.0,4,Day,Medium,1183.9,7.88
M104566,0.0,473.5,60.1,2.805,9.57,1.4,0,Day,High,1228.3,2.91
M104567,7.7,469.6,56.2,5.499,11.31,0.7,1,Day,Medium,1259.9,5.54
M104568,9.6,344.1,,3.344,11.25,0.0,0,Night,Medium,1276.4,6.75
M104569,8.8,495.2,64.3,2.88,9.59,4.1,0,Day,Low,1379.1,4.69
M104570,6.6,538.3,72.1,1.917,10.25,0.1,1,Day,High,1345.1,3.55
M104571,13.6,453.5,58.2,1.168,7.39,0.0,1,Night,Medium,1121.4,5.16
M104572,8.2,455.9,66.2,1.519,10.54,0.0,2,Night,High,,3.63
M104573,8.8,312.5,57.5,3.698,10.12,4.8,3,Day,Medium,1135.5,6.06
M104574,11.2,509.6,70.1,2.109,10.93,0.5,1,Rotational,Medium,1436.2,6.21
M104575,8.5,571.4,50.0,1.458,9.04,0.3,2,Night,High,1227.6,7.6
M104576,3.4,447.5,69.7,2.692,9.05,0.3,0,Night,Low,1386.0,7.05
M104577,0.0,369.5,64.9,3.819,9.06,4.6,0,Day,Medium,1430.6,2.62
M104578,5.1,406.2,70.0,4.086,11.65,2.1,4,Night,High,1344.8,6.46
M104579,10.0,384.3,49.8,3.273,9.92,0.4,0,Night,Low,1178.8,8.34
M104580,5.6,389.4,75.2,3.221,7.26,2.1,3,Rotational,Medium,1391.6,5.99
M104581,10.2,475.1,64.7,2.537,10.47,3.8,4,Night,Medium,1299.6,5.08
M104582,7.6,443.8,70.4,4.558,8.81,0.5,0,Rotational,High,1334.1,7.24
M104583,12.2,505.3,47.4,3.039,11.13,0.0,1,Night,Medium,1089.9,9.29
M104584,5.8,451.5,54.3,3.196,10.31,1.2,1,Day,Medium,1186.8,4.89
M104585,8.9,346.6,63.7,5.579,11.36,0.3,1,Night,High,1270.4,8.34
M104586,9.0,377.4,83.1,4.933,11.06,3.3,0,Rotational,Medium,1426.5,8.58
M104587,13.0,372.2,73.8,3.027,10.91,3.6,0,Day,Low,1355.3,5.63
M104588,0.2,404.2,69.4,2.819,11.2,1.3,0,Day,High,1367.6,1.79
M104589,5.2,572.6,57.8,2.808,10.72,0.0,2,Day,Medium,1378.5,4.78
M104590,10.4,586.2,55.8,1.208,8.46,1.7,0,Rotational,Medium,1312.2,5.31
M104591,13.2,491.1,71.0,5.746,7.78,4.2,0,Day,Medium,1363.0,8.15
M104592,8.0,430.1,75.7,2.357,8.25,0.8,3,Rotational,High,1372.5,6.46
M104593,5.8,304.3,70.3,5.09,10.6,2.0,2,Night,Medium,1252.6,7.69
M104594,10.0,438.7,86.8,3.39,6.16,3.2,1,Night,Medium,1375.8,9.93
M104595,10.5,352.8,60.5,6.658,9.48,2.5,5,Day,High,1089.9,9.52
M104596,5.6,558.6,70.0,4.326,9.1,1.1,0,Night,Medium,1431.5,7.05
M104597,8.3,283.5,49.4,5.239,11.34,1.5,2,Day,High,993.6,6.2
M104598,11.7,452.7,70.3,2.469,9.32,4.6,2,Night,Medium,1428.9,6.18
M104599,14.6,345.7,84.2,1.746,8.95,3.4,0,Day,High,1276.4,4.24
M104600,10.0,419.2,56.5,3.574,11.47,0.9,1,Night,High,1199.0,6.07
M104601,7.2,476.6,77.3,1.273,9.36,1.1,2,Day,Medium,1478.9,5.84
M104602,6.8,506.9,83.9,2.627,9.12,2.4,0,Day,Low,1440.8,7.41
M104603,9.2,414.8,60.4,1.832,8.77,3.2,1,Night,Medium,1151.4,5.0
M104604,6.5,484.7,73.1,2.182,9.93,1.9,2,Rotational,Low,1393.8,6.43
M104605,7.8,363.7,85.4,4.472,9.0,3.0,4,Rotational,Low,1513.0,11.85
M104606,2.8,440.9,70.5,4.327,9.01,1.9,1,Night,Medium,1300.4,5.55
M104607,12.2,505.2,76.7,3.062,11.68,5.9,2,Day,Medium,1540.4,6.18
M104608,2.4,448.2,48.5,3.896,9.57,2.0,2,Day,Medium,1116.2,9.15
M104609,5.3,375.0,74.6,2.534,8.83,1.1,0,Rotational,Low,1278.4,7.06
M104610,7.4,396.3,73.7,11.171,8.01,4.5,4,Night,High,1373.0,15.95
M104611,15.0,506.3,53.4,3.859,9.8,3.3,3,Night,Medium,1168.9,11.04
M104612,5.3,327.2,57.4,2.472,8.66,0.7,2,Day,Medium,1088.6,5.38
M104613,4.3,339.7,74.6,5.143,8.95,0.5,2,Rotational,Low,1285.4,9.2
M104614,4.8,471.1,64.7,6.172,8.22,1.8,1,Day,Medium,1352.8,9.74
M104615,13.6,382.7,80.2,2.254,9.8,3.4,5,Night,Medium,1378.7,8.16
M104616,0.0,296.5,71.4,1.633,7.55,4.0,1,Day,Low,1083.0,3.62
M104617,3.0,534.8,68.6,1.804,10.12,3.1,0,Day,High,1344.1,3.02
M104618,17.9,326.5,66.1,2.375,8.68,2.9,3,Day,High,1113.7,2.98
M104619,9.4,403.0,71.2,3.231,10.57,4.3,1,Day,Medium,1390.1,4.37
M104620,2.6,367.3,76.8,1.47,10.23,4.4,1,Day,Low,1330.5,3.05
M104621,6.8,394.7,73.9,2.694,9.66,0.5,3,Day,Low,1369.9,6.09
M104622,7.3,344.8,63.3,2.992,10.77,0.4,1,Day,Low,1315.4,5.96
M104623,10.4,480.7,81.6,3.906,11.84,6.3,2,Day,Medium,1589.2,7.43
M104624,14.4,429.4,75.2,4.508,11.4,0.0,2,Day,High,1475.0,7.56
M104625,8.6,503.6,72.2,4.058,7.53,3.1,1,Day,Medium,1381.0,4.1
M104626,4.8,368.2,69.0,8.134,8.59,0.3,4,Day,High,1178.8,11.0
M104627,10.1,601.3,73.5,5.738,8.78,1.1,2,Day,High,1618.1,7.33
M104628,4.2,258.1,47.9,3.71,10.46,0.5,1,Night,High,933.7,8.12
M104629,2.9,285.3,70.7,2.044,8.72,0.5,1,Day,High,1237.2,1.31
M104630,0.0,569.0,86.0,2.368,8.66,1.0,1,Day,Low,1646.4,9.51
M104631,0.7,460.3,70.4,1.625,8.4,2.6,0,Rotational,Medium,1248.6,2.22
M104632,3.4,449.0,68.9,3.585,9.95,1.9,1,Day,Medium,1252.3,5.2
M104633,2.3,456.7,61.4,3.918,10.45,0.0,0,Day,Low,1319.1,6.4
M104634,8.3,468.6,86.2,13.704,7.68,1.5,1,Night,High,1636.3,23.31
M104635,2.2,445.5,65.9,3.795,8.73,4.5,1,Day,High,1362.6,3.24
M104636,0.0,337.9,82.4,5.624,6.66,0.2,4,Day,Medium,1260.3,11.18
M104637,2.8,489.5,58.5,5.682,5.91,1.4,2,Day,High,1242.3,7.36
M104638,5.1,476.2,63.0,1.986,10.23,2.3,1,Day,High,1379.7,2.53
M104639,4.6,541.4,61.4,2.562,9.97,1.5,0,Rotational,High,1368.5,3.78
M104640,13.1,570.0,88.2,3.302,9.76,9.5,4,Day,Medium,1634.6,8.36
M104641,4.5,448.1,65.9,2.333,11.88,3.1,1,Day,Low,1390.3,4.83
M104642,10.5,315.7,62.0,2.94,6.99,1.6,0,Night,Low,1068.9,5.77
M104643,6.9,570.7,45.0,3.86,6.38,3.2,2,Rotational,Low,1106.4,11.98
M104644,6.8,333.5,58.0,3.122,7.81,2.5,6,Night,Medium,1000.1,7.23
M104645,3.7,448.7,73.8,3.321,6.32,0.8,0,Rotational,Medium,1350.9,5.62
M104646,6.8,398.2,73.8,2.072,8.58,0.0,3,Day,,1286.0,4.81
M104647,3.9,383.4,60.8,4.277,10.37,2.2,1,Day,Medium,1248.3,4.89
M104648,7.7,485.0,61.4,4.123,9.94,4.1,5,Day,High,1329.4,5.33
M104649,6.1,440.8,88.5,2.268,11.04,1.0,1,Night,Medium,1475.6,9.7
M104650,3.2,463.6,97.7,1.739,10.06,1.2,3,Day,Low,1669.7,14.56
M104651,11.0,350.7,80.6,6.142,8.89,0.7,1,Night,High,1386.0,11.39
M104652,8.7,405.2,85.2,7.957,8.71,0.0,4,Night,Medium,1436.1,16.98
M104653,5.2,354.6,87.5,3.734,10.16,,4,Night,Medium,1473.9,9.94
M104654,7.6,403.1,92.4,2.771,7.2,3.2,0,Rotational,High,1488.1,9.95
M104655,6.7,409.9,64.7,5.602,5.5,0.7,1,Day,Medium,1256.4,6.29
M104656,3.5,576.8,58.3,,10.09,1.4,0,Day,High,1359.8,5.18
M104657,7.3,398.0,88.2,2.988,9.85,2.3,4,Rotational,High,1546.9,10.78
M104658,4.5,239.3,57.4,5.387,11.85,0.0,4,Day,High,998.2,6.03
M104659,3.2,538.6,56.7,2.215,10.54,,1,Rotational,High,1299.0,4.97
M104660,0.5,458.2,56.9,,9.96,0.0,1,Day,Medium,1265.7,4.14
M104661,5.6,408.9,66.6,3.982,9.03,0.9,1,Day,Medium,1245.5,3.9
M104662,9.3,382.8,46.2,3.515,8.28,0.3,2,Rotational,Medium,1045.5,9.8
M104663,4.2,339.5,52.2,4.566,9.08,4.2,2,Night,Medium,1087.9,7.95
M104664,17.1,584.7,61.2,6.03,10.93,3.7,5,Day,Medium,1442.2,9.41
M104665,10.5,424.4,54.8,1.528,10.2,5.3,1,Night,Medium,1132.9,5.59
M104666,12.2,272.3,,3.385,10.9,2.0,1,Night,High,1342.6,6.94
M104667,10.2,447.9,68.1,8.589,9.66,1.3,2,Rotational,Low,1284.6,12.79
M104668,14.4,522.5,74.3,2.464,8.15,2.3,2,Night,Low,1395.2,7.03
M104669,3.9,433.3,73.1,2.322,11.24,1.6,2,Day,Medium,1506.7,4.3
M104670,0.0,343.4,65.7,1.083,11.11,0.1,0,Night,Low,1298.1,4.33
M104671,5.2,335.8,78.9,3.493,9.78,2.1,0,Day,Medium,1340.1,5.54
M104672,9.2,342.0,73.0,4.438,10.33,3.0,1,Night,Low,1293.1,9.01
M104673,7.6,549.3,64.5,4.434,10.25,1.8,1,Rotational,Medium,1446.7,8.05
M104674,8.1,413.9,49.5,1.977,8.8,4.9,2,Night,High,1159.4,6.46
M104675,12.3,277.3,73.7,3.306,9.11,2.9,3,Night,Medium,1241.0,10.16
M104676,8.5,452.7,54.1,3.709,8.14,4.4,2,Day,Low,1221.4,7.68
M104677,10.2,432.0,72.2,,9.1,3.2,4,Day,High,1336.8,4.15
M104678,3.2,381.8,,1.921,11.05,1.4,2,Rotational,High,1342.8,3.31
M104679,2.6,333.3,53.0,3.451,10.76,1.6,1,Day,Medium,1064.8,4.96
M104680,13.5,329.6,70.8,2.209,10.34,0.9,2,Rotational,High,1266.2,3.15
M104681,7.4,512.4,70.1,,10.94,0.8,1,Rotational,Low,1334.9,5.18
M104682,4.5,441.0,70.1,4.668,8.95,3.1,1,Day,Medium,1283.4,8.26
M104683,4.5,460.7,69.6,,7.74,0.9,2,Rotational,Medium,1272.4,6.01
M104684,4.4,440.8,60.8,4.464,9.26,0.2,2,Day,Medium,1231.2,8.01
M104685,4.2,447.9,74.5,2.542,9.38,0.0,1,Rotational,Medium,,6.46
M104686,1.9,380.2,60.4,4.542,10.51,4.0,1,Day,Medium,1093.6,5.59
M104687,1.0,402.5,56.2,5.535,10.27,3.0,1,Rotational,Medium,1249.7,8.92
M104688,6.2,519.0,75.4,7.98,11.02,0.7,4,Day,High,1501.2,12.35
M104689,4.6,540.2,78.3,4.987,6.48,2.9,3,Day,Medium,1467.3,7.28
M104690,11.4,316.1,74.7,4.024,8.3,3.2,4,Night,Medium,1274.8,8.89
M104691,8.2,402.3,65.7,1.665,9.36,0.5,0,Rotational,Medium,1201.9,3.75
M104692,8.1,491.3,46.7,3.148,10.22,2.2,2,Day,Medium,1148.4,6.2
M104693,4.0,580.0,84.3,1.63,12.64,0.1,1,Rotational,Medium,1696.1,7.63
M104694,6.5,571.5,46.5,2.205,8.03,1.6,0,Rotational,High,1206.6,6.24
M104695,8.4,352.4,,8.824,8.44,2.5,5,Day,Medium,1338.6,13.52
M104696,9.9,528.4,91.2,1.991,8.87,2.7,0,Day,Medium,1685.6,10.97
M104697,6.6,425.0,69.6,1.029,8.38,0.0,0,Day,Low,1377.8,5.08
M104698,11.3,508.8,71.2,4.986,8.17,0.2,2,Night,Medium,1366.6,9.76
M104699,7.0,487.0,72.2,2.371,9.57,1.0,0,Rotational,Medium,1297.6,5.7
M104700,10.2,312.6,70.2,4.874,10.98,1.8,3,Rotational,Low,1312.4,8.45
M104701,5.0,466.7,93.9,1.85,9.68,,3,Day,Low,1621.8,10.97
M104702,0.0,505.5,,2.683,8.21,0.0,0,Day,Medium,1183.7,4.86
M104703,8.1,418.3,57.3,6.037,9.21,1.6,1,Night,Medium,1126.7,9.42
M104704,9.9,399.1,64.4,1.714,7.94,0.1,0,Day,Medium,1178.4,3.44
M104705,9.3,286.4,87.1,3.051,10.97,0.0,3,Night,Low,1393.7,10.95
M104706,8.7,478.1,61.7,3.841,11.71,,2,,Medium,1292.9,5.53
M104707,5.6,437.7,72.7,2.317,7.11,0.6,1,Night,Medium,1342.0,6.42
M104708,3.8,341.6,79.8,3.747,9.84,1.9,4,Day,Low,1389.0,9.77
M104709,9.2,392.3,76.6,3.346,8.33,3.7,0,Day,Medium,1336.0,4.6
M104710,8.7,433.1,79.2,4.337,9.59,2.0,1,Day,Medium,1357.5,9.2
M104711,4.8,372.5,83.6,8.34,9.37,0.5,2,Rotational,Medium,1426.3,14.93
M104712,11.4,420.2,71.4,12.0,7.49,,2,Rotational,Medium,1261.8,17.67
M104713,3.5,271.3,63.0,4.186,11.31,1.4,1,Rotational,Medium,1043.7,5.88
M104714,4.7,534.7,69.6,3.142,9.27,1.5,1,Night,Low,1441.8,7.84
M104715,13.5,421.4,64.3,4.139,8.79,3.8,4,Day,Medium,1188.9,6.95
M104716,10.5,326.6,95.7,2.956,9.67,5.1,1,Day,Medium,1463.5,11.41
M104717,5.6,210.9,62.1,1.501,8.19,0.7,1,Night,High,,2.86
M104718,8.1,507.5,73.3,3.244,9.22,4.6,3,Day,Medium,1319.9,7.21
M104719,7.6,467.4,51.5,5.703,6.74,,2,Night,Low,1129.7,12.1
M104720,0.0,437.9,,1.596,5.96,2.9,3,Day,High,1239.4,1.06
M104721,3.4,493.4,64.8,2.029,8.04,1.4,3,Day,Medium,1301.1,5.83
M104722,6.8,493.2,75.4,2.482,8.7,0.2,1,Night,Medium,1375.3,7.08
M104723,5.6,436.5,75.7,4.0,6.86,0.0,2,Rotational,Medium,1338.4,6.24
M104724,8.0,398.4,83.6,10.897,8.75,2.2,4,Day,High,1433.0,15.47
M104725,11.5,384.5,82.7,2.215,8.7,3.5,0,Day,Medium,1389.3,5.39
M104726,5.7,455.8,67.3,3.475,9.41,0.9,1,Night,Medium,1351.2,6.99
M104727,2.8,538.7,57.6,3.33,10.42,1.7,0,Night,High,1316.5,2.79
M104728,8.3,411.3,58.9,2.856,12.07,3.2,0,Night,Low,1162.9,4.47
M104729,5.7,545.5,71.3,,10.14,3.8,0,Rotational,Medium,1427.2,5.37
M104730,6.4,451.7,69.7,2.632,8.02,1.2,2,Day,High,1278.9,4.93
M104731,5.8,452.4,70.8,12.0,10.5,0.2,2,Day,,1397.3,20.34
M104732,16.0,624.4,62.1,4.83,11.6,2.7,3,Day,High,1441.9,6.12
M104733,0.0,560.5,83.8,2.643,7.82,0.0,1,Day,Medium,1520.4,7.77
M104734,5.4,562.7,51.8,6.0,7.9,0.4,0,Day,High,1250.4,9.06
M104735,7.0,352.2,61.5,3.775,7.37,4.4,2,Night,,1158.3,6.56
M104736,3.9,606.3,56.2,3.418,8.65,1.1,1,Day,Medium,1347.6,7.18
M104737,10.6,413.0,65.7,3.031,10.06,1.8,2,Day,High,1295.2,3.17
M104738,10.3,400.7,81.7,2.93,11.72,1.4,3,Night,Medium,1490.3,9.25
M104739,6.8,236.5,64.8,1.804,10.84,0.0,2,Rotational,Medium,1266.3,5.48
M104740,5.9,447.7,69.1,1.438,10.08,2.1,1,Rotational,Medium,1369.2,3.48
M104741,6.6,327.9,75.3,3.996,9.57,1.0,1,Day,High,1274.2,4.5
M104742,6.6,454.7,64.3,3.016,10.09,1.5,0,Night,High,1294.1,5.3
M104743,6.7,321.3,72.2,5.149,10.18,3.2,0,Day,High,1349.9,5.44
M104744,6.2,572.8,70.8,,11.45,3.0,1,Night,High,1466.7,3.12
M104745,8.0,466.9,55.6,1.918,9.47,2.6,1,Night,Medium,1211.3,6.46
M104746,10.0,613.8,62.9,4.894,9.89,0.3,0,Day,Medium,1465.3,6.07
M104747,2.1,333.0,71.9,2.864,8.89,1.6,0,Night,High,1292.6,4.8
M104748,2.8,551.7,82.1,5.093,9.67,2.6,3,Rotational,Low,1455.4,11.53
M104749,0.0,266.8,82.1,3.376,9.12,2.3,0,Day,Low,1307.9,6.74
M104750,10.5,437.7,91.1,8.489,7.72,0.0,1,Rotational,Medium,1424.3,17.76
M104751,8.0,366.3,73.3,4.845,10.81,0.0,1,Day,Medium,1504.7,6.13
M104752,9.0,381.9,63.5,4.075,11.73,1.9,2,Night,Medium,1255.2,8.51
M104753,1.3,376.1,67.3,4.953,9.44,0.9,0,Day,Medium,1225.5,5.88
M104754,14.1,342.2,,2.897,10.0,3.7,1,Night,High,1350.9,4.23
M104755,4.6,312.9,63.5,1.46,10.79,1.0,2,Rotational,Medium,1163.6,4.93
M104756,7.7,382.4,72.2,3.977,9.29,0.0,2,Day,High,1248.1,5.24
M104757,10.4,429.9,72.7,8.765,9.78,5.0,1,Night,High,1441.8,10.77
M104758,3.1,518.9,55.1,1.056,9.17,2.8,1,Day,High,1392.2,3.0
M104759,4.8,445.1,80.0,4.198,8.68,1.5,3,Rotational,Medium,1418.8,8.18
M104760,7.7,519.2,47.8,1.541,10.28,0.6,2,Night,Low,1204.0,10.45
M104761,18.4,294.4,65.6,3.282,10.27,5.2,1,Day,Low,1107.7,5.09
M104762,8.2,383.2,80.6,3.455,10.88,0.8,3,Night,Low,1513.0,9.69
M104763,13.4,480.4,74.7,4.823,9.49,2.7,1,Night,Medium,1396.1,8.19
M104764,11.8,449.2,64.1,3.688,7.7,0.2,1,Day,Low,1193.1,6.94
M104765,8.5,346.8,89.7,6.598,11.16,2.6,1,Rotational,Medium,1557.0,13.2
M104766,3.0,499.4,63.2,5.949,8.4,2.1,1,Rotational,,1203.1,9.37
M104767,11.2,374.8,46.0,3.009,8.37,1.1,5,Day,High,1042.0,6.31
M104768,1.0,353.9,73.0,5.738,8.7,1.8,2,Night,Medium,,9.48
M104769,13.4,461.4,48.4,2.839,6.88,1.1,3,Day,High,1114.9,7.33
M104770,7.8,420.5,58.9,2.605,9.17,3.4,3,Day,Low,1194.9,6.81
M104771,0.0,375.6,74.9,1.818,10.43,0.9,0,Rotational,Medium,1401.1,3.49
M104772,5.6,372.7,62.9,6.398,8.85,2.1,2,Day,Low,1108.3,9.87
M104773,9.6,329.1,74.4,2.858,11.51,2.2,0,Day,Medium,1320.7,5.07
M104774,6.1,386.4,55.3,0.989,11.41,0.0,0,Night,Low,1126.7,6.07
M104775,9.9,513.5,77.4,4.354,10.83,2.9,1,Day,High,1429.1,5.69
M104776,3.6,440.8,49.4,2.672,6.6,2.7,1,Rotational,Low,1085.5,8.27
M104777,1.8,501.5,82.5,2.86,11.65,0.3,1,Rotational,,,8.81
M104778,6.7,463.9,62.8,2.954,9.14,,0,Day,Low,1125.9,5.19
M104779,7.1,368.0,84.8,2.806,12.02,2.4,2,Rotational,Low,1547.9,9.55
M104780,5.6,279.8,58.8,12.0,8.59,0.8,3,Night,High,1143.0,15.18
M104781,11.9,341.2,89.2,7.624,9.29,1.6,3,Day,High,1557.3,13.5
M104782,3.6,362.9,57.5,4.71,9.63,4.6,4,Night,,,10.54
M104783,8.3,356.4,48.3,3.746,8.1,2.2,1,Rotational,High,1089.6,6.79
M104784,7.3,503.4,68.5,5.838,7.07,2.9,2,Day,Low,1326.8,8.25
M104785,0.8,502.5,81.6,3.75,5.9,0.0,2,Day,Low,1399.1,10.53
M104786,1.7,608.0,76.7,4.992,13.93,1.5,2,Day,,1773.1,9.56
M104787,7.0,355.1,80.8,4.389,7.0,2.1,2,Day,Medium,1297.1,7.52
M104788,14.9,555.8,76.9,3.54,7.02,0.4,2,Night,Medium,1445.5,11.67
M104789,9.3,555.3,59.0,5.313,10.36,3.1,2,Day,Medium,1246.2,7.39
M104790,0.1,400.3,76.4,2.691,7.36,2.3,0,Night,,1196.4,5.52
M104791,0.0,460.3,69.0,3.419,7.09,0.8,2,Rotational,High,1288.2,4.7
M104792,9.9,525.5,60.2,2.035,5.5,1.5,1,Day,Low,1331.7,4.2
M104793,6.6,415.0,70.0,2.155,9.94,2.5,1,Day,Low,1387.4,5.17
M104794,11.6,408.4,67.4,0.937,7.89,1.1,0,Day,Low,1297.0,4.74
M104795,3.5,366.7,83.6,4.172,10.47,0.0,3,Night,Low,1341.1,10.77
M104796,8.4,219.4,62.3,4.786,9.39,2.0,1,Night,Low,1090.8,7.81
M104797,10.4,426.0,61.8,5.713,9.63,1.6,1,Night,Medium,1309.8,8.61
M104798,5.2,359.7,60.3,1.913,8.82,3.0,1,Rotational,Low,1171.1,4.53
M104799,5.3,328.6,88.9,4.137,9.09,3.6,2,Day,Low,1305.3,10.71
M104800,7.1,455.9,60.9,3.319,8.16,0.7,0,Night,Low,1334.2,6.89
M104801,9.2,296.6,82.3,4.801,8.3,6.3,0,Rotational,Low,1321.1,9.64
M104802,6.9,488.5,56.7,2.397,7.86,0.3,0,Night,Low,1120.2,6.33
M104803,10.9,461.1,73.6,2.806,11.77,1.1,1,Night,Medium,1546.8,6.98
M104804,5.2,386.0,70.9,1.527,8.91,2.3,2,Night,High,1267.5,4.46
M104805,1.7,414.6,81.6,2.32,6.1,1.0,0,Day,Low,1384.2,5.76
M104806,14.9,318.8,80.0,3.325,9.89,5.1,3,Day,Medium,1299.6,5.01
M104807,4.6,483.8,,3.622,8.29,1.0,3,Day,Medium,1279.7,4.73
M104808,4.7,435.9,62.1,1.429,9.43,0.7,3,Night,Medium,1300.3,4.94
M104809,6.7,442.3,85.9,2.571,9.1,0.1,3,Day,Medium,1405.6,7.27
M104810,7.3,462.7,61.0,3.597,11.74,,0,Rotational,High,1427.0,6.06
M104811,5.5,365.4,43.1,6.713,8.92,1.2,0,Day,Medium,978.3,11.82
M104812,6.9,290.9,47.6,2.176,10.72,2.7,1,Night,Medium,1007.0,6.2
M104813,6.8,501.4,50.2,4.242,10.57,0.9,4,Day,Medium,1216.7,8.02
M104814,7.7,478.5,74.6,2.507,7.45,0.7,1,Day,Medium,1393.2,5.76
M104815,0.0,374.5,92.4,2.657,9.78,0.6,0,Rotational,High,1452.8,9.84
M104816,14.5,454.8,45.6,2.141,8.36,2.6,2,Day,High,1070.8,5.92
M104817,6.4,526.9,59.4,1.97,7.69,0.4,0,Night,High,1384.5,4.56
M104818,9.3,516.8,69.0,2.619,7.69,1.2,0,Rotational,High,1394.5,4.47
M104819,1.5,372.0,85.0,5.607,10.73,1.5,1,Day,High,1425.3,9.43
M104820,5.1,293.5,59.3,2.276,13.46,1.6,2,Day,High,1137.7,3.25
M104821,4.3,308.0,74.5,2.106,8.29,1.2,0,Rotational,Medium,1135.6,4.86
M104822,12.9,393.5,65.2,3.686,9.82,3.5,2,Day,Medium,1296.0,5.94
M104823,4.7,544.3,96.7,3.329,9.97,0.0,3,Rotational,Medium,1649.3,14.27
M104824,10.0,358.1,69.6,3.209,8.71,5.4,1,Rotational,High,1290.3,3.4
M104825,4.4,369.3,71.9,3.77,11.61,2.9,4,Rotational,Low,,6.24
M104826,5.2,367.6,68.9,2.004,12.8,1.9,2,Rotational,Low,1351.2,5.58
M104827,6.0,374.8,63.4,2.118,8.6,2.6,1,Night,Medium,1170.5,4.72
M104828,12.1,419.0,78.4,5.436,12.1,2.6,4,Day,Medium,1425.6,9.05
M104829,0.0,311.2,55.3,3.086,8.68,1.6,1,Day,Medium,1006.8,4.61
M104830,1.7,512.2,46.0,4.474,8.04,0.2,1,Rotational,Medium,1151.1,9.37
M104831,0.0,407.7,66.3,6.123,9.29,1.7,2,Night,Low,1205.9,9.45
M104832,2.6,630.7,77.0,5.068,10.8,4.8,5,Night,Medium,1575.5,12.2
M104833,3.8,320.2,61.6,1.674,9.34,,2,Day,High,1087.8,1.8
M104834,0.5,555.1,70.1,3.132,10.61,0.0,0,Night,Low,1559.7,7.41
M104835,4.1,538.3,54.6,5.587,9.84,3.9,2,Night,Medium,1156.9,10.58
M104836,0.0,385.0,79.7,4.312,11.53,0.3,2,Rotational,Low,1468.9,8.33
M104837,2.9,386.4,75.2,3.64,10.3,1.3,2,Rotational,Low,1485.0,7.95
M104838,11.8,341.7,68.2,1.463,11.8,0.0,2,Day,Low,1160.9,4.11
M104839,8.6,342.7,69.9,2.439,8.21,2.2,1,Day,Medium,1244.0,4.2
M104840,7.7,419.9,52.7,3.437,9.19,0.6,2,Day,High,1081.4,7.69
M104841,3.0,421.8,53.2,1.628,9.5,0.0,2,Day,Medium,1199.3,5.43
M104842,0.9,283.8,66.7,4.937,8.22,1.6,0,Rotational,Medium,1052.9,7.16
M104843,2.4,614.9,73.7,3.131,7.99,2.7,1,Day,Medium,1549.8,5.89
M104844,6.8,397.9,74.2,1.234,10.07,1.0,5,Day,Medium,1317.5,6.52
M104845,10.5,425.6,64.0,2.501,10.5,3.8,1,Rotational,Low,1210.8,3.9
M104846,10.6,366.8,76.2,2.877,9.67,3.4,3,Night,Low,1329.5,8.64
M104847,9.5,397.3,83.6,3.111,11.09,0.0,3,Day,Medium,1426.6,9.25
M104848,4.0,389.6,67.0,6.752,7.85,0.0,3,Day,Medium,1074.1,9.02
M104849,7.1,419.8,71.4,4.434,8.91,0.1,2,Day,Medium,1235.8,7.52
M104850,5.7,418.8,65.7,1.677,7.73,1.1,2,Day,Medium,1310.7,3.04
M104851,6.2,488.4,66.6,1.577,9.71,2.1,1,Rotational,Medium,1334.1,5.02
M104852,15.1,439.3,69.9,2.905,10.23,2.1,3,Night,Medium,1387.7,7.14
M104853,0.0,479.9,86.7,3.536,11.51,0.9,2,Day,Medium,1529.2,8.74
M104854,6.1,419.2,78.1,5.453,7.73,0.9,2,Day,Medium,1385.0,8.08
M104855,11.8,439.7,77.1,7.885,10.06,3.4,2,Night,Medium,1426.5,13.31
M104856,1.1,399.5,63.0,8.102,11.65,0.0,0,Day,High,1361.4,10.85
M104857,4.4,505.3,58.1,2.661,8.0,2.5,0,Night,Medium,1241.1,6.54
M104858,4.9,447.4,72.3,5.298,7.65,0.3,6,Rotational,High,1303.5,7.88
M104859,6.1,406.6,81.7,,7.29,0.7,3,Night,Low,1348.9,11.34
M104860,0.6,404.0,87.0,1.924,10.44,1.8,2,Night,Low,1483.4,10.22
M104861,9.4,410.7,41.0,1.292,8.41,,2,Rotational,Medium,1018.4,8.16
M104862,9.7,422.6,94.9,3.568,10.22,4.9,3,Day,Medium,1613.0,12.6
M104863,9.0,415.2,72.6,1.572,9.18,0.2,0,Night,Medium,1257.6,5.91
M104864,3.5,372.5,78.0,2.169,12.2,,1,Rotational,Low,1504.5,6.5
M104865,7.3,485.0,48.9,2.357,10.68,4.2,0,Rotational,Medium,1125.9,6.36
M104866,3.4,490.4,65.4,3.704,8.29,4.8,1,Day,High,1289.5,4.62
M104867,5.7,571.6,77.1,6.298,9.05,0.0,2,Day,Medium,1504.7,11.35
M104868,15.6,368.7,55.1,3.341,10.68,1.3,0,Day,High,1139.4,4.67
M104869,7.4,476.6,36.2,2.536,7.9,0.0,1,Rotational,Medium,994.1,13.03
M104870,2.2,257.7,71.7,1.18,11.27,0.9,1,Night,High,1175.4,2.28
M104871,7.7,490.5,67.5,4.175,9.12,3.0,2,Night,Medium,1351.0,5.89
M104872,1.6,296.2,83.9,3.368,10.71,0.1,1,Day,Medium,1352.9,7.38
M104873,2.2,336.3,66.2,2.522,9.21,1.6,1,Day,Medium,1282.5,4.93
M104874,2.8,448.2,67.0,5.948,8.71,1.6,4,Day,High,1276.0,10.41
M104875,5.2,367.2,75.7,1.831,8.47,2.2,1,Day,Low,1392.3,4.29
M104876,10.7,355.5,79.4,,12.1,3.4,4,Rotational,Medium,1435.5,6.28
M104877,9.3,378.8,60.2,2.937,9.06,1.0,0,Night,Low,1148.6,5.51
M104878,9.1,482.0,78.4,2.507,14.12,3.4,1,Night,High,1660.9,6.01
M104879,2.6,340.7,,4.373,9.73,2.3,2,Night,Low,1278.8,8.99
M104880,4.8,415.4,68.2,4.187,8.22,2.4,1,Night,Medium,1235.9,5.98
M104881,8.1,387.8,75.4,5.615,7.12,0.0,4,Rotational,Medium,1293.9,9.59
M104882,4.5,489.7,77.3,4.268,11.35,1.3,3,Rotational,Medium,1542.4,10.0
M104883,5.9,492.1,71.5,3.134,9.21,3.0,0,Day,Low,1396.0,7.34
M104884,8.8,264.0,56.1,2.801,10.73,3.4,2,Day,Medium,1046.1,5.12
M104885,5.6,508.8,47.4,4.169,12.98,1.0,4,Day,Low,1231.3,10.12
M104886,7.9,368.1,65.9,3.019,10.5,4.9,2,Rotational,Medium,1343.7,6.37
M104887,13.4,440.1,78.7,3.399,10.01,0.9,2,Rotational,High,1517.8,7.45
M104888,6.3,340.2,72.9,4.284,11.34,2.8,1,Rotational,Medium,1292.7,5.99
M104889,11.7,451.5,70.7,3.558,10.71,2.7,1,Day,Medium,1367.5,4.86
M104890,9.2,636.9,67.9,3.874,7.61,0.8,2,Night,Low,1407.9,7.25
M104891,1.1,430.8,71.4,2.236,11.5,1.8,2,Day,Medium,1482.1,5.5
M104892,2.6,380.9,57.1,6.52,9.43,3.5,2,Day,Medium,1130.6,11.64
M104893,3.7,400.3,76.6,1.909,11.81,1.3,2,Rotational,Medium,1443.2,5.24
M104894,3.6,295.1,77.3,4.135,10.26,2.1,0,Night,Medium,1363.9,7.72
M104895,6.6,543.2,64.1,2.604,11.29,0.4,3,Night,Low,1295.5,8.02
M104896,9.5,446.6,72.8,5.704,9.16,0.0,2,Day,Low,1361.5,10.2
M104897,12.0,330.8,49.1,5.165,7.22,2.0,1,Day,Medium,869.8,7.48
M104898,8.2,333.6,70.0,3.317,10.35,0.9,1,Day,,1355.1,4.16
M104899,5.2,421.3,66.5,7.224,10.97,0.6,3,Day,Low,1215.0,13.8
M104900,0.0,499.2,81.9,,8.66,0.6,0,Day,Medium,1361.4,6.38
M104901,7.3,322.2,65.8,5.16,9.2,2.6,1,Day,Medium,1283.1,5.82
M104902,7.1,514.6,77.6,2.309,6.18,2.8,0,Night,Low,,8.36
M104903,7.7,412.2,63.7,4.065,9.27,2.3,1,Night,Medium,1162.5,6.23
M104904,15.4,340.9,42.9,2.083,7.62,2.7,1,Day,Medium,837.7,7.16
M104905,12.0,380.2,65.5,3.353,10.28,2.7,2,Day,High,1277.5,3.69
M104906,10.1,568.6,70.2,3.236,10.0,2.0,0,Rotational,Low,1483.4,6.66
M104907,3.2,302.0,69.7,5.151,9.52,2.6,2,Day,Medium,1241.8,5.39
M104908,4.9,357.8,69.8,2.374,11.48,1.3,0,Day,Medium,1296.1,3.92
M104909,6.6,501.0,62.4,12.0,9.86,0.0,2,Day,High,1443.5,18.49
M104910,3.9,438.4,64.4,1.664,9.79,0.0,0,Day,High,1290.9,2.59
M104911,9.0,352.7,55.6,3.73,9.98,4.2,3,Day,High,1109.2,7.08
M104912,8.4,502.0,46.0,3.834,8.63,4.2,1,Day,Medium,1057.7,8.88
M104913,2.6,506.0,66.8,4.345,10.99,4.8,3,Day,Medium,1311.0,6.12
M104914,11.8,448.2,59.8,2.566,8.13,1.3,0,Day,Low,1333.5,5.3
M104915,7.4,367.9,79.9,3.747,10.13,2.0,2,Night,High,1295.1,7.64
M104916,0.1,381.0,44.0,2.504,11.33,3.6,0,Night,Medium,996.9,8.42
M104917,6.8,444.2,71.2,8.47,7.96,1.6,3,Day,Medium,1310.5,12.46
M104918,8.1,308.5,91.3,2.417,7.49,0.0,2,Day,Low,1473.2,11.9
M104919,10.9,532.9,66.0,3.083,7.93,5.6,1,Day,Low,1275.2,4.95
M104920,5.7,564.5,68.0,2.383,12.23,0.5,2,Day,Medium,1483.1,4.69
M104921,10.3,399.9,72.7,2.225,8.59,2.8,1,Rotational,Medium,1325.9,5.09
M104922,7.7,450.3,73.5,1.648,7.7,1.5,3,Day,Medium,1347.2,3.79
M104923,1.7,520.8,63.5,4.646,10.05,0.7,1,Night,Medium,1435.4,8.37
M104924,1.3,586.2,56.9,2.372,5.5,0.0,0,Day,Medium,1266.1,2.83
M104925,11.5,552.3,75.2,2.229,8.07,3.8,0,Day,High,1594.7,4.08
M104926,11.8,272.5,47.0,2.051,11.62,6.5,1,Day,Medium,1041.4,4.48
M104927,8.3,393.2,77.2,3.866,8.07,2.2,1,Day,,1352.2,6.09
M104928,13.0,462.6,63.7,3.356,9.11,5.5,0,Day,Low,1205.2,4.84
M104929,11.2,378.0,68.0,3.364,9.94,2.2,2,Night,High,1291.8,5.64
M104930,9.7,571.5,62.2,2.269,9.94,2.2,0,Day,Low,1334.2,4.57
M104931,3.4,558.5,83.7,4.127,8.7,1.8,3,Day,High,1546.3,7.4
M104932,13.9,350.6,70.7,2.384,10.32,3.3,0,Day,Medium,1300.0,3.8
M104933,9.1,406.2,64.5,3.439,11.67,0.0,2,Night,Medium,1337.1,4.4
M104934,5.5,356.3,64.2,3.096,7.91,4.6,2,Day,Medium,1171.1,3.53
M104935,4.3,403.4,66.4,1.427,8.77,0.0,0,Night,Medium,1183.7,4.66
M104936,8.0,400.8,94.4,9.156,9.34,1.8,3,Night,Low,1474.7,21.1
M104937,0.3,501.1,53.5,4.426,10.55,0.0,1,Day,Low,1179.0,9.33
M104938,9.8,344.5,79.9,3.633,9.55,1.5,4,Night,High,1381.9,6.74
M104939,3.2,197.6,74.2,3.931,9.31,2.2,0,,Medium,1141.7,3.37
M104940,8.5,283.6,84.9,9.264,7.18,0.3,5,Day,High,1301.8,12.54
M104941,4.9,332.6,74.9,5.862,7.8,0.0,2,Day,High,1175.1,5.59
M104942,5.9,364.3,68.0,,9.79,2.5,0,Rotational,High,1214.0,3.39
M104943,4.0,435.9,79.2,2.33,8.73,0.5,1,Day,Medium,1479.0,5.9
M104944,6.4,328.2,70.5,2.521,8.99,2.1,0,Rotational,Medium,1205.2,3.03
M104945,14.6,317.1,76.3,1.348,9.41,2.2,2,Night,Medium,1380.7,5.38
M104946,12.5,341.0,83.7,2.762,13.01,,1,Rotational,Medium,1509.0,6.0
M104947,8.4,325.2,69.0,4.622,8.75,1.3,5,Rotational,High,1173.4,7.37
M104948,6.9,372.9,63.3,4.558,11.58,3.0,1,Day,Medium,1328.5,4.67
M104949,10.4,369.2,60.9,4.518,11.47,1.7,2,Day,Low,1244.9,8.85
M104950,11.5,478.6,88.4,9.74,10.71,5.1,2,Day,Medium,1824.2,17.63
M104951,3.7,335.9,58.3,4.373,8.23,2.9,0,Day,Medium,1093.9,3.47
M104952,6.7,389.6,64.2,5.013,9.71,1.1,0,Rotational,Medium,1239.4,4.68
M104953,0.0,373.7,57.4,1.09,8.91,0.0,0,Day,Medium,1088.7,2.39
M104954,11.5,488.8,73.6,3.866,12.52,0.0,2,Day,Low,1458.0,7.14
M104955,15.3,406.9,59.7,9.398,10.12,0.8,4,Night,High,1104.1,14.85
M104956,7.3,509.3,,2.87,9.18,1.5,2,Night,Medium,1233.3,7.69
M104957,0.0,322.0,55.8,0.941,12.18,2.5,0,Day,High,1124.5,1.26
M104958,9.4,415.8,,2.211,8.97,0.5,1,Day,Medium,1183.9,4.72
M104959,3.4,371.0,62.7,1.34,10.33,0.7,0,Rotational,Medium,1264.1,2.68
M104960,4.3,315.8,70.8,2.418,10.55,0.3,1,Day,Medium,1431.1,4.59
M104961,9.5,414.3,66.2,1.8,10.02,1.3,3,Rotational,Low,1260.2,4.77
M104962,8.0,567.3,72.1,5.288,9.34,2.7,0,Rotational,Medium,1487.7,8.8
M104963,5.0,347.5,73.0,4.9,10.76,1.7,1,Rotational,High,1375.1,5.85
M104964,4.4,409.2,76.1,3.941,8.56,2.1,0,Rotational,High,1368.7,6.55
M104965,7.5,308.5,47.0,6.13,11.17,2.2,5,Night,High,1030.0,14.08
M104966,5.4,296.0,55.6,2.503,9.08,4.1,0,Day,Low,1074.7,5.32
M104967,2.6,353.1,74.1,3.444,11.51,0.2,5,Rotational,Low,1365.8,9.8
M104968,5.7,381.8,70.3,9.946,11.07,0.0,4,Night,Medium,1291.9,15.79
M104969,8.4,385.5,78.7,4.449,10.32,1.3,2,Day,High,1436.9,3.77
M104970,6.3,400.8,51.0,4.443,9.36,0.0,1,Day,Medium,1112.1,8.87
M104971,1.3,279.9,62.8,2.262,11.15,2.4,0,Day,Medium,1156.9,2.39
M104972,11.0,366.8,64.7,2.696,10.36,2.3,3,Rotational,Medium,1220.9,6.23
M104973,0.0,462.6,69.8,2.011,5.5,1.9,1,Day,Medium,1288.5,3.1
M104974,5.2,304.5,68.4,7.694,8.27,1.7,1,Night,High,1156.9,10.64
M104975,4.5,389.8,73.2,1.523,9.75,,2,Day,Medium,1411.3,4.43
M104976,7.6,444.9,66.7,5.244,9.92,2.6,3,Day,Medium,1267.4,6.67
M104977,9.2,353.5,83.1,4.44,10.56,4.0,2,Night,Medium,1426.9,10.4
M104978,11.5,449.0,86.6,1.489,11.82,6.8,2,Rotational,Medium,1696.6,7.22
M104979,4.2,290.7,55.7,5.878,10.38,1.1,2,Day,Low,1071.5,9.66
M104980,9.3,495.5,68.5,2.917,6.37,1.4,4,Night,High,1213.5,6.7
M104981,7.8,451.1,76.8,1.715,9.8,3.2,2,Day,High,1462.6,4.56
M104982,0.2,424.7,,3.984,11.32,1.9,0,Day,Low,1343.6,5.91
M104983,14.6,515.6,63.5,2.201,9.67,6.1,1,Day,Medium,1438.8,3.76
M104984,1.2,392.0,70.8,2.997,9.81,1.3,2,Day,Low,1293.0,5.87
M104985,8.7,367.5,50.6,2.578,8.76,1.1,2,Day,Medium,1044.9,6.19
M104986,8.6,536.7,67.8,2.139,10.92,1.3,2,Night,Medium,1423.0,4.98
M104987,8.1,576.5,51.9,1.833,8.97,4.2,0,Rotational,Low,1236.2,6.72
M104988,5.0,361.1,73.6,4.945,10.39,0.7,0,Day,Low,1310.0,8.92
M104989,10.3,410.3,55.7,3.906,10.14,1.5,2,Day,Medium,1161.7,6.11
M104990,0.8,508.8,69.8,3.782,9.58,2.7,0,Day,High,1390.2,2.54
M104991,6.7,413.4,71.5,2.767,10.23,0.4,2,Day,Medium,1367.7,5.63
M104992,4.7,470.5,68.8,3.406,9.8,0.0,0,Day,Medium,1341.6,4.28
M104993,4.3,486.3,61.0,2.298,11.42,1.3,2,Rotational,High,1514.7,2.75
M104994,8.7,372.2,65.7,2.278,10.52,2.1,0,Day,High,1264.6,2.15
M104995,11.3,455.6,81.0,7.808,11.06,3.1,2,Day,Medium,1550.8,10.82
M104996,5.6,419.5,63.3,,8.35,0.0,6,Rotational,Low,1174.3,8.77
M104997,10.1,316.6,68.2,2.507,8.26,1.2,1,Night,Medium,1164.5,6.01
M104998,7.2,335.9,61.9,1.571,9.59,2.4,1,Night,Medium,1136.6,4.17
M104999,3.4,364.5,79.2,1.418,10.62,1.3,0,Night,Low,1500.0,5.58
M105000,6.0,498.9,68.9,2.418,10.3,3.7,2,Rotational,High,1419.2,3.36
M105001,5.8,501.7,59.6,3.504,8.37,1.6,3,Day,Low,1225.6,9.83
M105002,4.2,483.7,68.1,3.523,10.67,2.7,3,Day,Medium,1287.7,5.43
M105003,8.7,457.4,65.3,3.576,8.56,4.6,1,Day,Medium,1317.7,4.5
M105004,7.9,455.1,83.3,3.924,10.51,1.5,1,Rotational,Medium,1535.4,7.79
M105005,0.6,443.6,67.5,1.975,9.93,1.3,0,Rotational,Low,1394.5,4.77
M105006,0.4,454.6,52.8,7.056,9.16,2.6,2,Night,Medium,1149.7,10.06
M105007,8.7,460.4,73.5,3.008,8.7,2.1,4,Night,High,1388.3,5.03
M105008,3.7,300.6,87.6,3.847,9.7,2.3,1,Night,Low,,11.42
M105009,8.2,352.8,81.2,,9.62,0.3,2,Day,High,1314.1,4.02
M105010,10.1,332.5,55.9,3.88,7.93,4.3,2,Night,Medium,1129.2,7.36
M105011,1.9,514.1,65.0,9.379,10.4,0.9,6,Night,High,1275.6,17.55
M105012,1.4,560.6,67.7,2.025,11.24,3.2,0,Night,Medium,1495.3,5.04
M105013,13.7,235.6,67.8,1.901,10.79,3.9,0,Day,High,1133.1,0.13
M105014,8.4,553.0,72.2,2.155,9.97,3.3,2,Day,Medium,1453.8,3.91
M105015,5.3,427.4,64.2,2.811,8.83,2.9,3,Day,Medium,1295.0,3.44
M105016,3.3,506.1,57.9,2.558,9.69,1.5,0,Night,Low,1357.8,6.75
M105017,5.0,463.0,,1.973,9.3,4.0,0,Day,Low,1453.3,5.65
M105018,2.2,542.4,55.6,3.239,9.69,1.9,3,Rotational,Medium,1273.2,5.37
M105019,10.5,437.8,59.2,7.247,10.9,2.1,1,Rotational,Medium,1219.0,10.49
M105020,3.9,304.1,55.6,3.08,9.34,0.6,1,Night,Medium,979.8,7.2
M105021,11.4,411.0,74.7,,6.74,2.7,1,Day,High,1250.2,4.36
M105022,5.4,463.8,69.2,3.941,10.7,0.0,4,Night,Medium,1413.1,7.75
M105023,2.8,401.6,77.7,4.59,10.1,0.2,0,Day,Medium,1418.5,7.95
M105024,5.3,475.9,59.4,6.597,9.72,0.8,1,Day,Medium,1255.8,10.46
M105025,0.0,414.4,54.2,3.743,7.74,0.6,1,Day,High,1094.5,4.86
M105026,6.5,369.4,63.1,3.316,8.25,0.0,0,Day,Low,1238.2,5.36
M105027,6.3,327.7,66.0,2.022,8.43,2.7,2,Rotational,Low,1207.9,5.29
M105028,10.3,386.7,70.3,4.807,8.62,0.0,1,Night,Medium,1290.4,9.93
M105029,0.0,437.4,49.5,2.177,8.76,2.2,0,Rotational,Medium,1033.7,4.7
M105030,11.6,253.5,73.3,2.143,7.73,2.0,2,Day,High,1139.9,3.33
M105031,10.3,353.7,58.2,3.657,12.73,1.5,2,Day,Low,1307.0,8.35
M105032,12.0,250.3,60.9,7.176,11.75,1.5,1,Day,Low,1154.8,11.48
M105033,6.8,367.5,80.9,4.774,9.92,3.8,3,Night,,1274.1,8.63
M105034,11.1,521.8,44.0,3.258,9.45,2.1,1,Rotational,Low,1154.6,10.69
M105035,1.1,319.2,71.5,2.032,12.24,2.4,3,Rotational,High,1358.3,3.96
M105036,9.9,479.8,71.5,7.107,11.94,1.5,4,Day,High,1424.3,11.01
M105037,3.9,662.2,59.0,3.228,8.39,3.1,0,Day,Medium,1418.3,6.31
M105038,0.4,543.6,63.1,2.872,9.87,1.4,3,Day,Medium,1508.3,3.95
M105039,2.5,431.3,81.4,4.382,9.23,0.5,2,Day,High,1342.2,6.89
M105040,7.0,493.0,89.6,2.654,9.1,1.6,2,Night,High,1491.2,10.42
M105041,3.7,303.6,79.7,2.278,9.25,1.3,1,Night,Medium,1260.2,6.53
M105042,8.5,286.3,88.7,2.39,9.37,2.1,1,Night,Low,1296.9,12.03
M105043,0.0,422.4,60.4,2.387,9.82,0.8,1,Rotational,Low,1255.2,4.62
M105044,0.0,453.9,69.6,5.092,9.82,1.1,0,Rotational,High,1814.5,7.05
M105045,12.5,513.0,67.4,1.787,11.66,1.7,1,Day,High,1424.3,3.31
M105046,10.6,371.7,76.9,5.398,8.29,1.6,2,Day,Medium,1302.7,8.14
M105047,2.8,436.4,47.6,4.639,10.95,0.7,0,Rotational,Low,,10.31
M105048,7.0,433.5,57.8,2.2,7.89,4.0,1,Day,High,1168.4,2.94
M105049,11.1,408.8,,5.177,9.86,4.4,4,Day,Medium,1156.8,5.48
M105050,8.7,413.8,71.9,3.875,11.07,2.3,1,Day,Medium,1376.0,5.66
M105051,7.6,347.4,70.5,2.824,10.35,0.1,2,Day,High,1349.2,4.32
M105052,11.4,443.8,59.5,1.799,9.03,0.0,2,Day,Low,1247.6,6.54
M105053,4.1,436.6,70.0,3.938,9.93,0.2,1,Day,Medium,1288.9,5.85
M105054,7.1,382.6,55.4,8.438,11.98,3.7,2,Night,Medium,1200.0,13.65
M105055,6.9,476.6,63.3,3.344,8.61,0.0,3,Day,High,,5.39
M105056,5.9,507.4,54.1,5.47,10.35,0.2,3,Rotational,High,1122.0,9.33
M105057,5.4,477.6,66.3,2.987,10.95,0.0,2,Night,Medium,1356.7,6.72
M105058,7.3,331.4,59.2,5.264,8.92,1.9,3,Day,Medium,,7.71
M105059,7.1,428.5,75.6,3.08,12.1,4.0,2,Rotational,Low,1489.2,7.97
M105060,2.8,342.5,67.7,0.997,12.61,0.6,1,Rotational,High,1123.3,1.43
M105061,10.2,428.2,65.5,2.314,11.14,5.4,2,Day,Low,1473.4,4.27
M105062,3.1,342.9,87.4,3.547,11.14,1.0,3,Day,Low,1442.8,10.12
M105063,6.1,528.6,72.2,5.705,6.91,2.2,2,Rotational,Medium,1375.5,8.73
M105064,5.8,486.6,64.0,3.075,7.52,1.7,1,Day,Medium,1252.0,3.91
M105065,8.4,518.0,61.6,3.37,9.37,0.0,2,Rotational,Medium,1357.6,6.75
M105066,0.0,509.4,55.0,,8.51,1.3,2,Day,Medium,1163.2,5.22
M105067,10.6,397.0,67.3,7.246,10.44,3.7,3,Day,Medium,1197.5,11.7
M105068,4.3,383.8,71.4,7.031,5.5,0.1,1,Night,Medium,1333.1,9.89
M105069,11.9,568.0,46.9,2.368,10.43,4.2,2,Day,Medium,1252.8,6.91
M105070,5.1,406.0,53.0,1.555,9.24,5.4,1,Rotational,Low,1080.8,6.87
M105071,6.8,304.9,62.3,1.345,8.69,4.5,0,Night,Medium,1123.7,2.46
M105072,14.7,505.6,55.9,4.489,12.36,4.3,3,Rotational,Low,1437.1,10.13
M105073,5.9,432.2,68.5,3.552,9.04,3.4,1,Day,Low,1376.3,4.74
M105074,12.0,548.0,70.0,2.246,7.07,1.2,3,Day,Low,1426.3,6.86
M105075,7.2,440.7,66.7,3.803,10.19,1.7,0,Day,High,1255.9,3.84
M105076,8.7,418.3,74.1,1.795,10.07,7.1,1,Night,Medium,1326.6,5.0
M105077,7.3,549.7,61.6,4.94,9.24,3.8,6,Day,Medium,1354.9,8.2
M105078,10.4,289.2,67.5,2.742,13.03,3.3,3,Day,Medium,1296.8,4.88
M105079,4.3,370.2,57.0,1.933,9.82,2.3,0,Day,High,1260.5,2.38
M105080,3.1,344.6,,2.763,11.02,4.1,1,Day,High,1263.3,4.19
M105081,4.4,233.4,68.8,2.716,9.98,1.7,0,Day,Medium,1168.9,2.25
M105082,7.4,494.2,54.8,3.985,11.41,2.2,2,Day,Medium,1325.4,5.61
M105083,6.1,372.6,66.3,5.948,9.0,0.7,2,Day,Low,1235.6,9.01
M105084,9.8,497.0,67.6,5.795,7.9,1.9,0,Night,High,1387.1,8.71
M105085,12.2,453.1,71.1,3.596,10.65,0.0,0,Rotational,Low,1550.7,8.25
M105086,3.1,471.6,71.5,3.023,9.95,0.4,1,Day,High,1438.1,3.41
M105087,4.1,381.3,60.1,2.498,10.69,0.3,2,Day,High,1099.1,4.93
M105088,1.3,355.0,76.4,1.372,8.57,0.0,2,Night,Medium,1348.6,5.43
M105089,15.1,427.6,73.8,3.288,10.22,5.5,2,Rotational,Medium,1443.6,4.66
M105090,8.2,498.1,60.0,2.169,7.11,0.1,1,Day,Low,1182.3,5.78
M105091,8.9,415.7,55.4,,8.78,1.8,2,Rotational,High,1160.6,8.66
M105092,1.6,360.3,60.9,3.003,8.44,0.0,2,Day,Medium,1088.2,4.35
M105093,7.0,318.1,51.8,4.824,10.24,0.0,2,Night,Low,1152.5,10.88
M105094,9.0,437.4,70.3,,8.77,0.5,1,Day,Medium,1391.9,4.83
M105095,6.0,372.9,81.0,2.369,7.44,0.4,0,Night,Medium,1315.3,6.26
M105096,11.3,413.9,83.6,4.492,8.65,5.3,6,Night,Medium,1460.3,10.31
M105097,16.2,399.7,56.0,3.815,10.4,4.0,2,Night,Medium,1129.0,6.79
M105098,3.2,382.2,76.7,3.9,9.7,2.2,4,Rotational,Medium,1250.9,9.95
M105099,2.9,445.0,68.9,3.168,8.38,0.5,3,Rotational,Medium,1344.3,5.88
M105100,3.5,467.1,41.6,4.927,10.76,3.7,3,Day,High,,11.44
M105101,13.4,587.0,64.3,4.583,11.85,3.2,0,Day,Low,1399.8,8.81
M105102,11.2,484.4,63.1,1.118,10.86,1.4,2,Day,Medium,1328.2,3.33
M105103,6.5,555.5,81.3,2.919,6.04,1.2,5,Day,High,1435.3,7.95
M105104,7.1,350.4,58.4,5.514,9.86,2.9,1,Night,Medium,1014.9,9.16
M105105,3.7,283.9,74.2,1.994,9.29,0.0,0,Day,Medium,1209.6,2.65
M105106,10.6,418.8,66.8,1.424,6.45,4.8,3,Night,Medium,1179.0,4.13
M105107,5.5,492.9,52.1,3.098,7.56,3.4,0,Night,Medium,1199.9,7.36
M105108,6.0,479.6,61.9,4.308,10.7,3.4,1,Day,Medium,1405.6,5.66
M105109,9.4,523.0,84.8,2.637,9.78,3.2,1,Day,Low,1612.6,6.72
M105110,6.2,204.4,66.1,6.337,9.62,1.3,3,Day,High,1031.7,6.19
M105111,6.1,526.5,78.0,8.346,8.52,0.8,3,Day,Medium,1505.6,12.14
M105112,7.0,448.5,77.4,1.268,11.12,3.0,1,Day,High,1502.3,2.62
M105113,10.2,288.8,63.1,2.74,7.66,1.8,3,Day,Medium,1068.3,3.02
M105114,13.6,481.5,53.9,1.061,8.17,1.0,0,Day,Medium,,4.1
M105115,9.3,434.4,55.3,4.621,9.02,3.6,1,Day,Low,1083.5,8.15
M105116,10.2,452.4,84.0,2.363,7.21,0.3,0,Day,Low,1352.2,7.93
M105117,6.2,504.9,69.7,2.617,8.18,1.0,1,Night,Medium,1361.3,5.69
M105118,4.2,456.6,48.9,5.895,11.09,0.9,3,Night,Medium,1215.3,11.12
M105119,9.6,294.8,77.2,1.709,8.23,4.2,1,Day,Low,1256.5,4.99
M105120,7.7,407.8,48.3,1.507,10.67,3.7,1,Day,Low,1172.4,4.9
M105121,1.3,282.5,58.9,1.063,10.45,0.0,0,Day,Medium,1070.6,3.27
M105122,5.7,475.2,68.9,6.267,9.25,1.4,4,Night,High,1296.6,11.37
M105123,6.7,538.8,95.7,5.58,7.37,2.5,4,Day,Low,1634.7,14.32
M105124,5.0,314.5,77.0,2.866,9.6,1.5,0,Day,,1339.3,5.77
M105125,12.9,362.9,62.7,1.755,6.33,0.4,0,Night,Medium,1083.6,4.98
M105126,8.9,345.0,68.3,5.038,8.71,3.1,1,Day,Low,1132.4,7.69
M105127,12.5,381.4,78.1,12.0,9.86,2.8,1,Day,High,1443.6,15.69
M105128,8.1,455.1,83.6,2.951,10.8,1.2,1,Night,High,1483.6,8.45
M105129,7.3,382.3,,1.819,9.27,0.1,0,Rotational,Low,1298.2,4.62
M105130,3.3,475.5,65.6,6.177,8.59,2.0,2,Day,Medium,1338.8,7.31
M105131,7.0,510.6,58.9,1.885,8.47,0.4,1,Day,Medium,1235.3,3.83
M105132,7.1,513.6,75.3,2.764,8.8,1.3,4,Day,Medium,1396.6,5.96
M105133,1.5,325.0,79.3,0.887,10.44,2.6,0,Day,Low,1346.6,4.1
M105134,4.8,537.8,46.7,2.853,10.03,3.1,1,Night,Low,,9.87
M105135,5.7,544.6,63.6,1.752,9.47,0.6,1,Day,Medium,1466.5,1.94
M105136,8.7,552.0,54.7,6.23,10.45,2.6,1,Day,Medium,1315.8,9.85
M105137,8.8,406.6,69.7,2.038,9.5,2.4,2,Day,Medium,1346.9,3.75
M105138,4.7,356.1,54.4,4.903,7.5,2.3,3,Day,Low,969.1,9.48
M105139,8.9,336.3,53.5,3.15,7.83,1.4,0,Rotational,Medium,1132.8,5.89
M105140,6.3,326.3,80.4,3.535,10.4,0.5,1,Rotational,High,1325.6,4.4
M105141,0.0,421.0,66.2,4.311,7.44,3.4,2,Day,Medium,1213.9,5.56
M105142,5.1,492.1,67.3,3.233,8.93,1.0,2,Night,High,1338.2,5.3
M105143,11.3,531.1,72.7,2.402,9.33,2.2,1,Day,Low,1382.6,4.46
M105144,0.3,378.7,78.7,2.212,7.95,4.5,0,Night,Medium,1287.9,4.67
M105145,7.5,416.7,63.4,4.282,7.0,0.4,1,Rotational,Low,,6.7
M105146,13.3,411.1,63.6,1.283,7.74,2.2,0,Day,Medium,1252.6,3.15
M105147,4.0,366.0,63.7,7.684,6.79,0.0,2,Night,High,1151.7,12.4
M105148,7.0,482.5,79.9,3.546,10.42,3.4,0,Day,Medium,1430.4,6.54
M105149,1.8,450.8,67.3,2.805,10.1,1.1,0,,Medium,1302.5,4.31
M105150,13.5,432.1,64.8,3.793,8.36,2.3,1,Day,Medium,1260.0,4.54
M105151,6.7,450.5,72.3,2.467,7.45,,2,Day,High,1332.7,4.06
M105152,7.2,472.3,88.1,3.037,11.25,0.0,0,Day,Medium,1635.7,8.4
M105153,12.4,471.5,68.8,1.885,10.16,3.2,1,Night,High,1294.5,2.76
M105154,9.6,348.7,65.0,4.005,8.57,3.7,1,Day,Medium,1187.5,4.74
M105155,3.5,496.2,89.4,3.192,11.28,1.1,2,Night,Medium,1712.9,11.6
M105156,4.4,441.7,,3.646,9.71,4.5,2,Night,High,1477.1,8.87
M105157,9.0,383.1,81.0,6.97,9.98,1.2,3,Day,High,1458.8,10.25
M105158,4.5,439.9,62.5,2.221,7.94,2.0,1,Night,Low,1161.7,5.32
M105159,0.0,449.3,61.4,3.113,7.23,1.3,1,Day,Medium,1243.3,4.64
M105160,6.8,512.0,47.8,1.454,7.14,1.1,0,Night,High,1109.2,5.85
M105161,1.1,331.1,78.6,4.371,12.62,,4,Day,Medium,1283.1,7.04
M105162,13.5,532.6,68.8,3.291,8.26,2.4,1,Rotational,Low,1529.7,7.55
M105163,7.7,422.0,48.2,3.349,9.6,3.1,2,Day,Medium,1125.8,8.11
M105164,3.4,377.0,81.2,3.069,10.19,2.5,1,Day,Low,1493.2,7.04
M105165,4.2,374.4,64.3,2.487,9.47,2.5,0,Day,Low,1268.0,6.46
M105166,0.0,334.9,65.6,11.565,9.27,2.1,1,Rotational,Low,1118.2,14.49
M105167,2.6,272.0,51.4,3.384,9.24,2.6,0,Day,High,961.8,3.96
M105168,11.1,477.6,73.4,3.851,10.22,1.4,2,Night,Medium,1422.1,8.67
M105169,15.9,588.4,73.5,,7.94,2.3,3,Day,Medium,1644.8,4.16
M105170,9.9,282.5,67.5,5.168,8.84,3.5,1,Day,Medium,1170.6,6.13
M105171,6.6,339.2,63.4,3.121,6.04,0.9,1,Night,Medium,1017.4,4.47
M105172,5.3,483.9,96.9,4.149,6.71,1.4,1,Night,Low,1514.6,15.9
M105173,3.2,416.1,54.8,5.213,7.55,1.3,1,Night,Medium,1197.6,8.07
M105174,15.2,490.9,60.1,3.152,10.78,0.0,1,Night,Medium,1289.4,6.54
M105175,6.2,411.4,75.8,2.367,9.09,0.7,2,Rotational,Medium,1314.5,8.21
M105176,15.5,370.6,56.8,1.037,10.55,2.7,2,Day,Medium,1169.8,3.44
M105177,12.6,400.8,56.0,2.736,10.08,3.2,1,Day,High,1321.8,4.27
M105178,0.0,217.5,80.4,2.36,9.89,1.4,3,Night,Medium,1258.1,5.7
M105179,4.3,322.8,74.7,1.875,8.08,1.0,0,Rotational,Low,1312.5,5.42
M105180,4.3,500.6,73.3,6.866,9.61,,2,Rotational,Medium,1456.0,8.75
M105181,6.7,521.3,70.0,5.427,9.88,0.0,2,Night,Medium,1381.7,12.19
M105182,6.8,539.5,60.4,1.33,12.8,2.7,0,Day,Low,1394.3,4.58
M105183,19.0,457.5,,3.585,8.98,4.6,2,Day,High,1332.5,5.07
M105184,2.7,228.2,86.2,5.717,10.6,1.7,1,Rotational,Medium,1450.4,10.18
M105185,7.9,366.0,77.3,3.988,9.31,0.2,1,Night,High,1280.0,7.41
M105186,9.5,532.6,,2.226,8.45,0.3,0,Day,High,1356.8,4.97
M105187,7.0,558.0,57.8,2.536,10.8,3.1,1,Night,Medium,1383.7,5.93
M105188,7.4,535.8,76.7,5.374,12.34,0.3,3,Day,High,1518.1,8.83
M105189,2.8,399.9,49.5,5.001,9.89,0.3,3,Rotational,Low,1070.5,9.52
M105190,7.4,308.9,78.4,21.4,8.48,2.2,3,Day,Low,1894.9,37.49
M105191,9.0,416.5,55.4,2.979,10.2,3.7,3,Rotational,Low,1068.0,7.56
M105192,8.3,421.3,58.6,1.603,9.92,1.3,1,Night,Low,1106.4,6.59
M105193,9.3,553.1,89.2,5.263,12.82,2.5,4,Night,High,1759.7,12.37
M105194,12.7,439.4,51.8,5.278,10.61,2.6,2,Rotational,,1144.1,9.43
M105195,10.7,421.4,59.0,4.545,8.1,2.5,1,Day,Low,1069.2,7.17
M105196,7.3,426.2,73.6,2.289,11.41,1.2,1,Day,Low,1427.1,6.09
M105197,2.3,454.0,62.8,1.944,10.66,0.0,2,Night,High,1286.4,4.77
M105198,4.6,473.2,69.7,4.34,10.9,1.9,2,Rotational,High,1472.0,6.22
M105199,6.1,358.4,83.7,2.132,10.17,0.5,2,Day,Low,1434.8,6.64
M105200,8.0,330.1,75.2,2.846,11.01,3.9,1,Day,Low,1250.0,4.48
M105201,5.1,536.5,62.8,12.0,10.16,0.9,3,Day,Low,1331.2,18.48
M105202,3.3,280.5,66.5,9.626,9.12,3.4,4,Rotational,Medium,1176.2,9.2
M105203,2.2,559.2,73.8,4.935,9.7,2.6,1,Rotational,Medium,1522.8,6.96
M105204,0.4,257.6,75.0,2.384,9.33,4.5,2,Rotational,High,1272.2,3.42
M105205,6.1,370.3,68.2,2.314,10.01,2.3,0,Rotational,High,1223.3,4.0
M105206,1.1,502.6,72.0,4.749,9.62,,1,Day,Medium,1458.4,6.9
M105207,3.0,420.0,72.0,7.018,9.03,0.6,3,Day,Medium,1459.7,11.18
M105208,5.4,308.1,67.0,2.571,9.23,0.0,2,Night,Low,1239.0,7.5
M105209,1.7,456.2,61.3,2.642,9.49,0.0,3,Rotational,Medium,1299.8,4.96
M105210,8.5,425.7,76.2,3.469,6.83,0.5,1,Day,Medium,1293.4,7.78
M105211,10.0,401.6,71.2,1.658,11.04,0.0,0,Day,Medium,1403.9,3.94
M105212,4.8,367.0,45.1,1.683,10.02,0.9,1,Rotational,Medium,942.4,6.97
M105213,5.3,417.1,58.9,1.844,8.58,0.0,0,Day,Medium,1189.0,4.45
M105214,9.1,370.5,62.7,4.362,10.39,4.4,1,Night,High,1162.6,6.76
M105215,4.1,626.9,65.8,3.804,8.74,,3,Day,Medium,1406.4,6.84
M105216,3.9,399.6,81.2,5.862,8.74,1.2,1,Night,Low,1435.5,10.46
M105217,11.8,388.2,103.2,1.393,10.06,2.7,2,Night,High,1490.2,15.71
M105218,10.5,374.0,41.0,1.555,11.65,3.8,2,Day,Medium,955.7,7.74
M105219,9.4,571.0,71.3,,9.92,1.0,1,Day,Medium,1435.6,6.76
M105220,10.7,280.7,68.8,2.147,8.34,1.9,2,Night,Low,991.7,6.98
M105221,0.0,450.6,66.0,2.226,8.97,2.3,0,Rotational,Medium,1298.1,3.04
M105222,12.4,399.7,74.0,5.509,10.77,5.5,1,Day,Medium,1333.9,8.35
M105223,8.6,299.0,69.6,2.518,10.11,2.3,2,Day,Medium,1258.9,3.79
M105224,11.0,350.4,64.0,2.67,10.94,3.4,2,Rotational,Medium,1243.7,5.38
M105225,8.5,446.9,68.3,2.93,10.09,,4,Day,Medium,1320.9,4.33
M105226,7.2,346.5,74.1,,10.66,1.3,0,Day,,1269.5,5.84
M105227,5.9,442.1,73.1,4.676,12.52,1.6,3,Day,Medium,1512.9,5.15
M105228,8.5,567.0,70.1,1.813,7.47,0.5,1,Night,High,1432.7,5.9
M105229,5.8,434.5,61.6,3.022,13.11,1.3,0,Day,High,1404.3,3.37
M105230,10.5,296.5,99.0,5.937,10.9,2.8,3,Day,Medium,1516.8,16.69
M105231,0.7,348.0,,9.644,13.44,1.2,1,Day,Medium,,13.03
M105232,4.8,395.7,76.4,1.685,8.03,0.9,1,Night,,1289.2,4.5
M105233,15.2,390.1,62.4,3.918,10.07,2.6,1,Day,Medium,1336.0,4.44
M105234,4.5,432.9,70.1,3.019,9.74,2.7,2,Day,Medium,1446.9,4.43
M105235,6.0,446.6,70.0,3.16,10.83,0.0,2,Night,Medium,1389.1,6.45
M105236,3.5,567.1,47.0,2.237,10.2,0.0,0,Day,Low,1147.0,7.08
M105237,8.3,419.7,60.1,4.845,10.04,0.9,2,Rotational,High,1242.4,6.11
M105238,4.1,322.1,59.9,4.722,10.67,1.6,1,Rotational,Low,1176.1,7.44
M105239,6.3,518.1,61.4,11.722,9.34,0.0,6,Night,Medium,1372.8,21.31
M105240,10.4,527.4,56.2,1.715,8.73,0.8,0,Day,Medium,1186.1,5.0
M105241,4.2,439.8,68.5,1.385,10.18,3.7,3,Day,High,1360.9,2.66
M105242,10.2,399.1,83.4,9.275,8.72,6.0,4,Rotational,Low,1615.3,19.06
M105243,10.3,472.9,69.4,3.235,9.31,1.6,1,Day,Low,1277.8,7.81
M105244,11.2,402.1,55.0,2.642,7.34,2.0,0,Day,High,1138.2,5.6
M105245,7.6,245.3,56.7,3.648,9.58,3.5,0,Rotational,Low,1071.6,5.22
M105246,20.0,467.9,63.9,1.653,8.11,6.0,1,Night,Low,1195.1,6.65
M105247,11.2,495.8,52.4,4.007,9.45,1.1,1,Day,Medium,1250.3,8.08
M105248,8.3,542.5,71.3,3.19,7.87,0.5,2,Rotational,Low,1397.0,8.22
M105249,3.5,357.9,82.9,5.68,9.47,3.5,2,Night,Medium,1427.2,10.28
M105250,6.6,439.2,61.7,5.096,10.85,1.0,3,Day,High,1272.6,7.54
M105251,12.7,441.1,68.8,5.313,8.61,3.6,1,Day,High,1320.0,8.06
M105252,13.8,427.3,63.3,3.653,8.1,1.1,1,Night,High,1240.6,7.58
M105253,12.9,429.8,61.1,7.405,10.67,6.0,1,Night,High,1249.7,11.59
M105254,10.1,423.2,70.1,4.429,10.87,5.1,2,Day,High,1339.4,5.14
M105255,2.0,438.0,60.7,2.543,10.14,2.6,5,Rotational,Low,1249.7,4.52
M105256,8.9,483.0,59.1,2.215,8.8,4.0,3,Day,Medium,1223.7,4.6
M105257,2.0,523.7,50.2,2.344,8.56,0.0,1,Day,Medium,1167.0,5.45
M105258,1.1,355.7,68.7,4.457,9.0,0.5,3,Rotational,Medium,1148.0,9.56
M105259,8.0,405.4,79.7,1.706,9.41,2.1,1,Day,Medium,1353.3,4.92
M105260,9.1,384.1,75.8,3.588,6.91,1.4,1,Day,Medium,1180.7,5.67
M105261,10.6,371.9,84.4,2.189,8.03,2.0,3,Day,Medium,1442.1,7.34
M105262,9.0,282.6,60.6,1.774,11.38,0.8,0,Night,Medium,1172.9,4.68
M105263,9.1,422.1,77.4,1.924,9.81,2.8,2,Day,Medium,1428.8,4.83
M105264,3.1,460.7,55.9,3.281,11.34,0.6,2,Day,High,1227.0,4.77
M105265,6.6,406.8,75.8,4.864,11.02,0.0,3,Day,Medium,1345.3,9.45
M105266,1.0,419.2,86.1,2.368,9.03,0.0,1,Rotational,Low,1436.1,7.75
M105267,0.0,455.6,73.5,1.176,9.05,1.0,3,Day,High,1325.4,3.44
M105268,10.0,539.9,86.3,12.0,10.95,4.7,7,Night,Low,1519.2,23.74
M105269,4.0,384.3,61.4,5.806,10.64,2.3,2,Day,Medium,1223.6,8.84
M105270,10.5,320.4,,5.292,10.98,3.7,2,Night,Low,1188.4,9.28
M105271,11.4,412.3,57.9,7.493,9.48,3.4,4,Day,Medium,1189.4,10.03
M105272,4.5,580.1,68.4,3.477,9.71,3.0,0,Night,High,1389.5,5.56
M105273,9.4,321.3,71.0,3.103,9.12,2.5,0,Rotational,Low,1143.8,5.4
M105274,4.4,475.3,68.3,6.54,9.42,2.6,4,Rotational,Medium,1345.1,12.04
M105275,0.0,518.4,62.8,6.518,8.47,0.4,3,Night,High,1180.7,10.27
M105276,7.5,218.9,62.6,4.516,9.39,2.8,2,Rotational,Medium,1123.2,5.0
M105277,5.1,454.9,71.8,5.162,9.26,6.0,4,Rotational,High,1365.3,6.31
M105278,5.2,471.3,66.2,1.787,8.81,0.0,1,Day,Medium,1279.1,3.56
M105279,14.9,397.3,,2.919,10.69,1.5,2,Day,Medium,1167.6,5.67
M105280,0.9,365.1,47.1,7.783,7.38,3.7,1,Day,Low,1064.8,13.09
M105281,8.5,369.8,61.4,4.964,10.01,2.3,1,Day,Medium,1187.3,4.88
M105282,3.0,392.1,52.8,1.598,8.12,3.7,2,Night,Low,1086.4,8.15
M105283,10.6,394.3,58.8,2.546,8.23,3.5,2,Day,Medium,,3.9
M105284,8.2,378.3,63.3,7.174,8.36,2.5,3,Rotational,Medium,1266.0,9.3
M105285,8.5,390.7,66.4,4.169,10.21,0.7,1,Night,Medium,1293.4,6.21
M105286,3.2,521.2,60.7,3.636,6.11,1.8,0,Day,Medium,1306.6,4.05
M105287,3.9,316.8,92.1,3.691,9.75,4.0,0,Rotational,Medium,1327.7,10.96
M105288,10.7,271.3,54.1,3.184,9.57,0.6,1,Night,Medium,956.8,6.39
M105289,14.1,522.6,81.3,2.555,8.04,0.7,0,Day,Medium,1485.9,5.54
M105290,8.9,403.7,66.2,2.188,9.77,1.4,3,Rotational,High,1315.6,3.63
M105291,3.4,387.0,60.8,5.502,7.68,1.6,0,Day,,1210.3,5.87
M105292,8.4,410.5,74.5,3.739,9.43,1.2,1,Day,Medium,1349.7,6.66
M105293,16.7,437.8,63.0,4.728,7.62,4.1,1,Rotational,Low,1162.2,6.99
M105294,7.4,375.5,59.1,4.364,12.58,0.6,1,Night,Medium,1192.2,5.2
M105295,12.8,463.0,87.7,6.715,10.79,,3,Day,High,1645.1,11.36
M105296,4.0,338.2,43.9,4.168,9.87,2.4,2,Day,High,1023.4,9.86
M105297,6.8,394.3,65.3,5.012,8.07,0.8,4,Rotational,High,1270.0,4.54
M105298,9.5,231.8,70.1,3.61,9.09,4.0,4,Day,Medium,1251.2,3.96
M105299,8.6,519.6,83.5,2.067,9.15,2.0,1,Night,Medium,1346.5,8.3
M105300,3.9,405.0,63.6,2.966,9.86,0.2,0,Day,Low,1185.0,7.19
M105301,3.8,477.0,97.3,4.459,10.1,2.6,1,Rotational,Medium,1579.5,14.34
M105302,11.0,460.5,76.4,4.659,9.84,0.4,0,Day,Low,1296.6,8.94
M105303,11.8,466.7,42.0,6.859,10.01,0.0,1,Night,High,1118.1,15.8
M105304,13.0,419.3,52.0,2.638,9.25,4.3,2,Rotational,Low,1058.4,6.56
M105305,14.2,453.0,70.6,3.717,10.01,0.7,1,Night,Medium,1322.5,9.15
M105306,7.5,338.3,55.4,3.112,8.54,0.6,4,Day,Medium,1069.9,5.17
M105307,5.8,320.4,74.0,7.479,7.9,2.5,0,Day,Medium,1225.1,10.11
M105308,12.4,411.4,63.0,4.008,12.27,2.2,3,Rotational,High,1397.9,8.84
M105309,9.9,362.2,54.8,4.046,10.12,2.8,1,Night,Low,1151.9,8.06
M105310,3.1,541.2,57.4,3.261,12.21,0.9,0,Rotational,High,1236.4,4.73
M105311,2.9,451.9,77.4,2.967,9.09,1.9,1,Day,Medium,1365.7,4.99
M105312,9.0,359.1,45.7,1.609,13.12,2.2,2,Rotational,Low,1057.2,7.99
M105313,6.3,396.9,79.5,1.767,9.62,0.8,1,Day,Medium,1507.6,4.54
M105314,6.9,431.3,79.8,3.631,11.22,0.2,1,Day,Low,1553.1,8.92
M105315,11.3,414.2,64.4,3.411,9.55,1.8,3,Night,,1249.4,8.49
M105316,10.0,443.1,,3.641,9.75,2.7,3,Rotational,,1122.5,8.07
M105317,12.3,425.8,74.1,5.316,9.33,3.1,2,Night,Low,1382.9,10.58
M105318,0.0,301.8,62.7,3.478,8.76,1.7,1,Day,High,1146.3,2.9
M105319,8.0,237.2,51.3,2.789,10.97,1.8,0,Day,Low,993.0,5.87
M105320,9.8,388.2,89.0,2.989,9.49,3.8,4,Rotational,High,1325.5,9.39
M105321,0.9,467.6,58.3,3.751,10.75,1.9,1,Day,High,1242.9,3.94
M105322,4.4,389.2,51.8,2.746,10.86,0.0,1,Night,Medium,1104.7,7.65
M105323,3.6,525.1,71.1,5.653,11.62,3.9,0,Rotational,Medium,1431.0,7.57
M105324,7.1,416.0,67.3,3.301,10.13,0.6,0,Night,Medium,1196.4,6.5
M105325,13.5,535.4,,3.765,7.23,6.3,2,Day,Medium,1555.8,8.87
M105326,15.1,517.9,63.8,,9.02,1.0,3,Rotational,High,1327.6,6.49
M105327,3.7,509.4,63.9,5.654,9.46,2.2,1,Rotational,High,1289.3,5.74
M105328,9.1,317.7,71.7,6.817,9.52,2.6,4,Rotational,Medium,1157.7,10.46
M105329,9.2,421.5,70.2,1.679,11.48,1.6,1,Night,Medium,1323.8,5.31
M105330,8.6,523.9,70.5,4.057,11.2,2.2,0,Day,Medium,1472.4,6.49
M105331,8.6,443.1,71.0,3.146,9.28,1.3,2,Night,Low,1408.9,7.68
M105332,8.2,467.1,69.8,3.827,13.15,1.5,2,Night,Medium,1517.3,8.72
M105333,13.8,302.0,63.4,,8.98,2.1,1,Day,Low,,4.69
M105334,11.4,583.1,77.2,1.086,9.1,2.3,1,Night,Medium,1674.8,6.26
M105335,2.8,352.7,64.0,4.854,7.86,3.3,2,Rotational,Low,1292.7,9.55
M105336,10.2,250.5,76.8,5.79,7.16,1.1,2,Day,Medium,1092.3,8.51
M105337,10.6,390.2,83.3,6.125,7.73,3.4,4,Night,Medium,1310.3,12.34
M105338,8.3,212.0,60.5,2.07,11.02,1.8,1,Night,Medium,1061.1,5.2
M105339,11.5,327.8,94.4,3.269,10.61,2.9,4,Night,Medium,1571.7,13.61
M105340,7.8,637.5,60.2,2.536,8.17,0.0,1,Night,High,1461.6,4.5
M105341,7.8,387.7,60.2,1.274,9.65,1.3,1,Night,Low,1218.7,6.16
M105342,7.5,298.6,73.9,2.434,10.71,4.0,2,Night,Medium,1319.8,4.68
M105343,0.0,422.2,72.9,1.931,6.45,2.0,0,,High,1277.0,3.25
M105344,6.7,343.7,68.8,3.925,12.16,3.1,2,Rotational,Low,1324.8,8.01
M105345,4.3,493.5,77.0,1.469,11.08,0.0,3,Day,High,1518.2,5.39
M105346,2.3,344.4,70.8,2.034,10.72,2.9,2,Night,Low,1248.7,6.42
M105347,12.7,443.0,90.7,2.561,11.3,3.7,1,Day,Medium,1721.4,9.92
M105348,9.0,322.5,67.4,4.88,6.44,,1,Rotational,High,1192.6,5.83
M105349,6.9,640.9,58.6,12.0,9.17,,7,Rotational,Low,1443.5,23.22
M105350,4.7,462.8,61.9,3.863,11.39,1.3,2,Rotational,Low,1305.8,8.75
M105351,8.2,407.6,73.2,1.982,9.49,1.8,2,Day,Medium,1299.8,5.13
M105352,11.0,395.1,73.3,2.364,10.61,1.8,0,Night,Medium,1255.8,6.21
M105353,3.7,372.9,70.3,4.614,11.67,0.3,5,Rotational,Medium,1313.6,7.32
M105354,7.0,355.3,58.7,1.694,10.56,1.6,1,Day,Medium,1185.1,4.25
M105355,10.5,353.0,80.2,5.745,9.11,2.1,2,Night,High,1273.7,10.8
M105356,0.0,562.7,89.3,3.806,10.36,1.8,2,Day,High,1634.7,6.65
M105357,6.8,373.0,68.3,3.119,6.99,1.0,0,Night,High,1171.1,5.83
M105358,5.3,239.0,87.9,1.43,10.24,0.4,3,Day,High,1395.7,6.1
M105359,6.5,320.9,77.5,5.26,10.62,1.0,3,Night,High,1370.9,9.25
M105360,5.0,498.9,92.4,2.269,9.73,0.1,1,Day,Medium,1567.7,9.93
M105361,7.6,398.6,73.2,3.585,11.24,2.1,1,Rotational,High,1349.8,5.79
M105362,14.7,408.6,93.5,10.862,9.92,1.4,1,Night,Low,2023.8,24.49
M105363,5.7,519.4,77.3,1.504,9.72,1.8,1,Day,High,1421.5,3.38
M105364,8.2,353.9,63.2,2.958,12.25,1.3,1,Rotational,High,1225.8,2.32
M105365,15.0,473.8,72.5,1.813,8.06,2.6,2,Night,Medium,1366.6,7.52
M105366,4.8,363.2,82.6,2.396,11.59,0.9,1,Day,High,1349.5,4.85
M105367,14.3,468.9,77.0,4.122,11.47,1.8,1,Day,High,1507.7,5.2
M105368,7.0,386.8,67.7,4.717,10.77,0.8,2,Day,High,1236.4,8.48
M105369,14.1,399.5,70.2,3.29,8.89,0.4,5,Day,Medium,1199.0,8.12
M105370,10.0,489.7,76.3,2.134,10.01,1.8,1,Day,High,1414.3,3.56
M105371,8.2,483.6,76.0,2.402,8.29,1.6,0,Night,Medium,1391.9,5.14
M105372,6.7,405.9,76.3,2.381,8.66,2.0,3,Rotational,High,1371.1,4.97
M105373,4.5,379.9,71.7,1.141,9.7,2.2,2,Night,Medium,1263.0,5.62
M105374,7.3,555.9,58.9,3.444,8.17,1.4,1,Day,High,1320.6,3.52
M105375,10.6,470.1,60.7,1.443,9.15,1.0,3,Rotational,Low,1269.4,6.04
M105376,6.9,386.8,73.1,3.449,7.85,0.8,5,Day,Medium,1345.3,8.23
M105377,5.7,364.5,77.1,1.6,10.48,1.2,2,Night,Medium,1345.7,4.27
M105378,6.0,507.1,75.7,1.816,11.95,1.0,1,Day,Medium,1477.6,3.73
M105379,11.0,429.8,60.6,4.638,12.8,8.5,3,Day,Medium,1471.2,5.69
M105380,11.9,406.1,66.3,3.361,7.95,1.7,4,Rotational,Low,1286.4,7.52
M105381,4.3,429.8,55.1,1.294,8.21,1.3,0,Night,Medium,1096.8,5.0
M105382,4.3,448.7,52.7,2.511,9.43,1.8,1,Night,High,1225.9,3.7
M105383,8.5,415.2,68.9,3.785,10.73,1.9,2,Day,Medium,1452.2,6.22
M105384,13.1,522.3,82.9,2.436,9.36,4.7,2,Rotational,Medium,1543.1,7.44
M105385,11.6,527.0,69.1,2.797,11.12,0.1,2,Rotational,Low,1452.9,7.88
M105386,2.0,465.2,89.0,3.751,10.47,1.8,0,Rotational,Medium,1527.2,8.95
M105387,5.9,536.9,66.2,3.395,7.02,3.1,0,Day,High,1388.3,2.16
M105388,3.3,420.7,68.3,2.022,9.75,1.2,0,Day,High,1333.7,1.54
M105389,5.9,478.7,57.1,3.357,7.81,0.0,1,Day,High,1102.6,4.61
M105390,13.4,505.4,64.2,2.876,8.82,0.0,2,Day,High,1308.2,4.21
M105391,1.3,506.6,54.9,7.862,9.05,1.9,4,Day,Medium,1225.5,10.07
M105392,0.5,497.9,51.0,3.153,10.78,5.8,2,Day,,1210.8,4.57
M105393,3.7,473.7,55.1,3.552,9.63,1.4,1,Night,Medium,1203.0,6.68
M105394,8.1,586.4,68.9,3.781,8.97,3.5,3,Night,Low,1338.7,11.26
M105395,9.5,374.1,59.9,2.826,12.81,0.0,0,Day,High,1383.3,4.13
M105396,8.7,406.8,62.5,2.316,8.33,5.4,2,Rotational,Medium,1185.4,4.23
M105397,11.7,401.8,72.5,4.178,10.1,4.1,6,Night,Medium,1431.5,8.94
M105398,0.0,388.7,51.0,4.195,10.67,0.0,5,Day,High,1098.6,8.73
M105399,11.8,251.0,68.9,9.405,9.92,3.3,6,Day,Medium,1076.1,13.44
M105400,5.8,536.9,77.3,4.812,8.32,2.0,2,Night,Low,1468.7,10.9
M105401,9.9,332.8,78.3,4.853,8.24,1.0,0,Rotational,Low,1345.5,8.11
M105402,1.7,434.4,73.7,4.753,10.6,0.8,1,Day,High,1351.3,6.91
M105403,7.0,299.1,67.4,2.351,11.23,2.1,2,Day,Medium,1293.3,3.1
M105404,7.9,472.8,71.7,6.77,9.59,0.6,1,Day,Low,1808.2,9.69
M105405,11.6,353.2,67.1,2.01,7.69,2.0,0,Night,Medium,1109.0,4.54
M105406,0.7,323.4,86.2,4.683,9.68,0.0,1,Rotational,Medium,1413.8,11.71
M105407,7.1,436.5,71.0,6.759,11.94,0.2,1,Day,Medium,1485.2,9.53
M105408,2.7,360.4,66.8,4.792,8.16,1.7,1,Rotational,Medium,1320.8,5.47
M105409,9.0,371.2,74.2,3.054,9.19,0.0,2,Rotational,Medium,1221.6,6.09
M105410,10.1,434.6,68.5,7.678,9.75,3.8,4,Rotational,High,1278.7,11.65
M105411,12.1,488.0,70.5,2.66,11.3,2.3,0,Night,Medium,1392.0,6.46
M105412,4.9,350.4,65.3,1.87,8.87,1.1,0,Rotational,Medium,1162.3,3.06
M105413,10.7,335.7,63.4,,10.39,0.8,1,Rotational,High,1205.9,3.2
M105414,12.4,422.0,79.0,6.334,11.75,1.9,5,Day,,1597.7,12.75
M105415,0.4,465.8,46.5,2.177,7.44,1.2,1,Night,High,1205.9,7.07
M105416,9.4,544.3,73.3,1.416,7.7,0.8,2,Day,Medium,1577.0,4.85
M105417,10.8,328.9,62.8,3.383,9.53,2.5,2,Rotational,Low,1223.7,8.17
M105418,6.0,393.0,47.0,4.883,11.14,1.4,5,Day,Medium,1097.5,12.35
M105419,2.2,519.9,57.3,0.754,10.17,1.4,0,Rotational,Medium,1223.0,4.44
M105420,10.8,587.7,67.6,5.412,11.27,1.2,4,Rotational,Low,1366.8,10.03
M105421,2.2,335.6,69.1,1.676,7.11,2.1,0,Day,Medium,1230.0,2.43
M105422,6.3,357.2,76.1,4.77,10.18,2.7,2,Night,Medium,1342.8,7.9
M105423,6.8,452.4,76.9,1.223,5.5,1.0,1,Day,Low,1426.1,5.18
M105424,9.9,370.9,51.0,1.588,11.66,3.0,1,Day,Low,1122.0,5.95
M105425,4.5,355.5,72.2,4.524,11.45,2.3,2,Night,Medium,1413.3,6.69
M105426,4.3,440.8,76.0,6.098,9.17,0.0,1,Day,Low,1454.5,10.45
M105427,7.4,551.7,70.4,3.305,6.2,3.8,1,Day,High,1201.7,2.9
M105428,11.0,308.7,73.5,10.998,9.35,0.7,4,Rotational,Low,1263.9,18.16
M105429,16.1,547.4,46.7,1.991,11.34,4.6,1,Night,Low,1235.5,8.87
M105430,1.0,371.1,57.1,1.978,10.29,1.5,2,Night,Medium,1081.7,4.81
M105431,8.3,449.4,83.0,,12.44,0.1,3,Rotational,Medium,1669.2,8.65
M105432,2.7,555.2,64.9,2.787,9.22,0.8,1,Night,Medium,1413.1,6.33
M105433,11.1,447.7,92.5,,12.71,1.9,1,Night,Low,1767.7,13.33
M105434,3.2,394.7,53.9,2.29,6.63,,0,Day,Low,1076.2,5.73
M105435,4.3,481.0,85.2,4.409,8.53,0.9,4,Day,,1516.3,11.38
M105436,4.6,405.3,61.3,4.357,7.72,2.9,1,Day,High,1192.4,3.77
M105437,6.7,464.3,77.5,7.439,10.77,0.0,3,Night,Medium,1473.7,13.87
M105438,8.3,402.6,64.8,2.598,7.85,2.6,1,Night,High,,5.07
M105439,8.9,493.2,69.3,3.929,11.17,1.4,3,Day,High,1429.6,7.78
M105440,7.0,301.5,74.6,4.495,10.69,0.1,2,Rotational,Medium,1192.2,6.16
M105441,1.7,333.9,61.3,3.308,9.93,0.0,0,Day,Medium,1278.6,5.1
M105442,9.9,300.2,76.8,2.987,9.49,0.0,2,Night,High,1221.7,5.85
M105443,6.8,415.2,65.1,1.183,8.08,1.2,1,Day,Low,,4.22
M105444,11.6,290.0,70.0,3.461,10.56,0.7,3,Rotational,Low,1220.3,6.31
M105445,4.2,361.2,38.9,4.472,8.9,1.7,0,Day,Medium,836.6,11.09
M105446,0.6,325.9,64.3,3.226,10.81,4.5,1,Day,Medium,1194.3,2.63
M105447,6.9,545.8,81.9,2.245,11.9,0.3,1,Day,High,1570.5,5.66
M105448,12.2,335.8,75.6,1.434,9.19,2.1,1,Day,Medium,1313.9,3.16
M105449,7.6,310.6,77.8,4.164,11.63,0.0,3,Night,High,1413.7,7.26
M105450,6.2,441.1,,3.376,9.94,4.1,2,Day,High,1239.9,3.03
M105451,3.5,563.4,86.4,6.652,10.55,6.0,5,Rotational,Medium,1596.2,16.42
M105452,14.0,410.1,71.2,1.608,7.67,4.0,2,Day,Medium,1254.5,2.94
M105453,2.9,416.7,60.7,2.624,8.62,0.2,1,Rotational,High,1322.0,4.59
M105454,4.1,529.7,77.4,1.715,8.61,2.1,2,Day,High,1442.7,3.67
M105455,9.3,494.6,,5.544,11.67,3.2,3,Night,Low,1371.4,11.24
M105456,0.0,456.2,74.9,6.169,9.13,0.9,2,Rotational,Low,1391.5,11.14
M105457,12.1,370.5,63.6,8.682,10.6,0.4,1,Rotational,High,1283.4,12.51
M105458,9.5,458.8,71.1,4.309,9.54,4.4,2,Rotational,Low,1307.7,7.09
M105459,10.6,304.3,83.3,4.927,9.12,0.9,3,Day,Medium,1273.0,12.29
M105460,9.2,367.0,,4.129,7.44,0.8,3,Night,High,1229.9,9.29
M105461,6.4,541.7,51.7,4.422,6.79,3.3,4,Day,Low,1190.2,9.64
M105462,2.7,530.7,61.1,3.403,9.14,1.0,2,Night,Low,1286.5,8.69
M105463,6.4,457.2,60.6,4.524,9.23,0.1,1,Day,High,1316.9,5.86
M105464,3.1,256.0,59.7,9.679,8.33,0.9,2,Day,Medium,1020.9,12.49
M105465,8.9,317.3,44.8,3.704,9.87,2.8,1,Rotational,Medium,1042.6,9.22
M105466,10.2,362.2,,3.36,12.6,3.9,3,Rotational,Medium,1482.4,9.5
M105467,12.9,405.4,58.4,3.666,11.89,0.3,2,Day,High,1315.9,6.52
M105468,8.5,313.7,59.2,3.082,9.63,1.3,1,Day,Low,,5.32
M105469,10.7,399.1,46.6,3.755,9.68,3.2,1,Day,Medium,1099.7,8.25
M105470,5.8,570.2,77.5,3.03,10.55,0.5,0,Rotational,Medium,1540.5,6.63
M105471,5.1,454.1,67.0,5.883,9.96,0.0,2,Day,Medium,1233.5,7.48
M105472,8.9,438.6,64.1,5.596,10.56,2.1,2,Night,Medium,1333.1,7.88
M105473,5.5,333.5,64.7,9.806,10.0,2.6,4,Day,Low,1236.0,13.94
M105474,8.1,280.7,74.5,3.281,9.73,1.5,2,Night,High,1228.6,5.53
M105475,2.8,315.6,62.7,3.836,8.61,3.1,3,Rotational,Medium,1177.2,6.87
M105476,3.5,277.3,46.1,3.756,10.11,1.7,1,Day,Medium,1018.3,6.64
M105477,9.5,426.4,53.8,3.669,6.18,0.0,2,Night,High,1060.2,8.38
M105478,10.5,452.6,53.2,5.842,9.97,0.3,3,Night,Medium,1171.0,9.69
M105479,3.1,338.0,71.0,1.473,6.47,0.0,3,Day,Medium,1249.7,3.17
M105480,9.7,432.6,78.2,4.18,9.97,4.0,1,Rotational,High,1376.0,7.43
M105481,4.9,544.9,84.1,9.006,8.1,0.8,1,Night,High,1678.9,16.42
M105482,7.1,586.4,50.0,6.563,11.49,0.6,2,Day,Low,1281.5,12.75
M105483,12.7,485.5,74.8,6.198,9.7,2.7,4,Day,Medium,1525.7,8.22
M105484,10.2,405.1,61.2,5.058,9.57,2.4,3,Rotational,Medium,1182.3,8.99
M105485,10.2,482.7,100.2,2.465,10.18,0.1,1,Day,Medium,1630.7,13.99
M105486,14.6,534.9,83.2,2.282,8.27,,1,Rotational,Low,1568.0,9.15
M105487,4.2,249.4,,2.291,11.25,1.2,0,Day,Medium,1348.4,6.05
M105488,3.1,546.0,76.8,1.879,10.61,0.0,0,Rotational,Medium,1378.0,5.12
M105489,4.1,373.7,72.2,5.33,8.74,1.9,2,Day,Medium,1336.0,6.74
M105490,6.0,374.5,63.6,6.918,7.98,0.5,2,Rotational,Medium,1207.6,12.25
M105491,0.0,389.8,61.4,4.126,8.94,0.4,3,Rotational,Medium,1083.7,6.13
M105492,6.2,447.2,59.2,4.965,9.34,2.0,2,Day,High,1154.4,4.87
M105493,4.8,325.5,74.8,3.845,7.87,,2,Rotational,High,1230.5,6.31
M105494,10.1,395.8,85.2,4.412,8.81,4.8,4,Rotational,Low,1402.6,9.33
M105495,8.4,464.6,64.1,1.152,8.61,1.2,2,Rotational,Medium,1339.6,3.4
M105496,4.6,438.6,60.1,3.886,9.2,0.0,3,Day,Medium,1258.2,7.89
M105497,9.4,452.4,51.7,2.684,9.21,0.9,1,Rotational,Medium,1130.9,6.36
M105498,9.9,392.5,70.7,3.254,10.23,,1,Rotational,High,1250.2,4.43
M105499,3.9,479.0,81.5,3.717,9.55,0.0,0,Day,High,1400.9,8.09
M105500,5.0,509.8,82.1,2.321,10.1,1.7,3,Rotational,Low,1585.4,8.9
M105501,0.0,504.7,83.2,1.939,9.87,1.6,0,Day,Low,1465.2,6.23
M105502,2.6,456.3,72.6,2.287,9.21,2.2,3,Day,Medium,1353.8,5.16
M105503,4.0,499.8,69.0,1.609,10.53,2.5,2,Day,Medium,1399.8,3.22
M105504,7.3,494.0,82.1,1.863,5.5,1.4,3,Rotational,Medium,1320.5,7.33
M105505,3.2,647.5,55.8,1.996,8.96,0.1,0,Night,Medium,1382.1,6.08
M105506,4.9,523.5,63.2,1.62,8.64,1.9,0,Rotational,Medium,1375.1,2.42
M105507,2.1,412.5,86.8,4.325,9.68,0.9,1,Day,Low,1478.9,11.22
M105508,7.7,342.5,56.2,2.116,8.55,1.2,1,Night,Low,1005.6,8.41
M105509,8.7,397.8,67.6,1.308,10.32,0.0,0,Night,High,1338.1,1.86
M105510,8.6,391.8,74.9,2.717,10.59,1.8,1,Day,Medium,1325.6,5.98
M105511,7.0,463.5,68.9,1.903,7.42,1.8,3,Day,High,,3.11
M105512,0.8,360.5,80.6,6.886,9.84,1.5,2,Day,Low,1506.0,10.84
M105513,4.5,521.3,84.8,3.548,7.58,0.0,2,Day,Low,1399.0,10.46
M105514,5.4,301.9,73.3,1.592,10.22,0.0,2,Night,Medium,1188.5,5.75
M105515,5.4,281.2,83.3,4.412,8.8,4.0,1,Day,Medium,1327.5,7.63
M105516,7.3,408.5,57.8,3.464,8.29,0.0,0,Day,High,1143.7,3.43
M105517,12.7,348.4,66.3,2.947,6.93,0.5,3,Rotational,High,1163.1,4.67
M105518,10.2,313.1,94.5,7.296,9.36,1.0,7,Day,Medium,1472.8,18.42
M105519,3.0,365.8,,2.039,7.76,4.2,1,Night,High,1408.4,8.07
M105520,9.7,355.3,54.0,5.571,7.27,2.4,3,Day,Low,1105.9,11.12
M105521,9.6,420.9,67.9,2.705,9.78,1.3,1,Day,Low,1352.6,4.23
M105522,3.8,367.3,69.5,3.29,10.95,0.9,1,Night,Medium,1287.0,6.21
M105523,10.4,374.2,72.6,2.282,10.09,4.4,0,Rotational,High,1300.9,2.9
M105524,6.4,419.6,106.9,7.345,7.35,2.5,1,Night,Medium,2094.6,24.77
M105525,1.4,506.2,88.2,2.67,9.29,3.7,1,Night,Medium,1559.2,10.26
M105526,8.8,545.0,68.4,,10.52,1.6,2,Day,Medium,1516.2,3.29
M105527,7.9,432.6,80.3,3.948,9.3,0.3,2,Rotational,Low,1482.8,9.0
M105528,6.1,439.2,75.1,3.516,9.99,1.4,3,Rotational,Medium,1429.0,5.86
M105529,6.9,404.4,67.8,1.57,8.84,0.0,0,Rotational,Medium,1346.1,3.75
M105530,4.1,460.9,49.3,4.618,8.92,2.1,1,Night,Medium,1164.0,8.51
M105531,9.4,453.2,79.2,6.879,8.51,1.5,0,Night,Medium,1421.6,10.84
M105532,6.8,532.7,74.7,2.382,10.42,1.2,1,Rotational,Medium,1486.8,5.95
M105533,7.7,259.5,72.3,2.243,10.51,2.3,1,Rotational,High,1231.9,2.63
M105534,8.4,400.1,57.2,5.793,8.67,1.6,1,Rotational,Medium,1242.0,8.12
M105535,2.4,448.8,89.6,4.062,10.63,0.4,3,Day,Medium,1585.0,11.56
M105536,3.4,417.8,69.7,3.102,7.36,0.0,0,Rotational,Medium,1179.5,4.41
M105537,0.0,340.2,55.4,4.989,9.24,0.0,0,Day,High,1051.5,5.84
M105538,9.3,309.6,53.7,3.808,7.47,0.0,4,Rotational,,1061.8,10.36
M105539,2.2,488.5,75.5,6.782,7.8,1.0,3,Day,Medium,1346.5,9.55
M105540,7.5,355.7,75.8,3.292,7.45,0.0,1,Night,Low,1278.7,9.24
M105541,8.5,270.8,62.9,4.109,8.52,1.4,4,Rotational,High,1122.3,4.67
M105542,9.4,492.8,73.1,5.749,10.43,0.6,1,Night,High,1447.7,11.23
M105543,2.2,459.0,75.3,0.976,9.38,0.3,2,Day,,1394.4,4.25
M105544,6.7,410.2,93.5,22.373,8.62,1.4,2,Rotational,High,1755.9,38.51
M105545,13.7,342.3,60.3,2.579,9.24,4.4,1,Day,Low,1184.1,5.8
M105546,13.9,410.4,78.6,4.263,6.42,2.8,5,Rotational,Medium,1254.9,8.33
M105547,10.9,523.3,77.2,7.63,10.36,4.6,2,Day,High,1530.0,8.31
M105548,8.3,282.8,74.2,2.849,6.13,0.8,1,Day,Low,1029.2,4.87
M105549,3.0,287.1,,2.644,8.44,3.7,0,Day,Medium,1011.0,1.72
M105550,9.9,366.6,53.4,3.23,9.38,0.0,1,Rotational,Low,1102.3,6.53
M105551,6.4,417.7,68.8,1.606,10.17,3.0,0,Night,Medium,1312.1,4.57
M105552,9.2,377.8,78.2,9.97,9.86,2.2,3,Day,High,1412.9,15.01
M105553,4.5,474.6,79.4,3.25,9.43,3.5,2,Rotational,Medium,1345.4,6.42
M105554,6.3,512.6,74.4,7.559,11.69,0.4,3,Rotational,Medium,1450.8,14.3
M105555,7.7,443.7,63.0,2.811,12.52,1.0,2,Rotational,Medium,1279.7,4.38
M105556,8.0,467.6,59.2,3.377,9.51,1.6,0,Day,Medium,1313.7,5.93
M105557,9.0,443.1,67.8,5.324,9.35,0.8,1,Rotational,High,1257.6,6.01
M105558,4.7,420.8,67.9,1.913,9.26,1.1,0,Rotational,Low,1277.5,5.09
M105559,1.6,310.0,80.2,3.154,8.58,1.8,0,Rotational,Medium,1306.8,5.51
M105560,13.5,332.6,62.7,5.225,10.06,2.4,2,Rotational,Low,1142.5,8.83
M105561,17.0,305.2,63.6,2.985,11.41,5.8,2,Rotational,Medium,1227.0,4.94
M105562,8.8,407.4,90.6,2.608,5.76,4.4,2,Rotational,High,1380.1,8.34
M105563,1.7,439.7,,5.799,9.25,3.2,2,Day,Medium,1370.0,10.41
M105564,3.9,296.8,58.3,6.69,11.73,3.1,2,Rotational,Low,1084.6,9.28
M105565,9.0,426.2,84.2,7.243,10.09,3.2,1,Rotational,Low,1366.6,12.4
M105566,12.4,345.6,55.7,2.369,10.12,4.4,4,Day,Medium,1129.6,3.24
M105567,2.1,329.1,63.2,2.485,7.1,1.4,0,Day,Medium,1097.9,2.99
M105568,6.5,366.8,64.5,2.623,10.55,0.0,2,Day,High,1222.2,4.99
M105569,7.8,324.8,67.1,4.755,11.01,0.0,2,Night,High,1269.4,6.22
M105570,10.5,471.6,74.8,1.825,9.8,3.1,3,Day,Medium,1452.2,5.47
M105571,5.6,405.7,69.2,1.877,8.52,3.2,1,Day,Low,1209.9,5.08
M105572,0.7,489.3,74.8,2.323,10.16,3.6,2,Night,Medium,1461.2,5.51
M105573,9.5,382.3,63.6,2.077,7.94,3.8,3,Rotational,Low,1114.2,5.07
M105574,11.5,385.5,72.1,5.166,7.74,0.8,5,Day,Low,1164.5,10.43
M105575,6.7,579.2,68.9,4.995,10.7,3.3,1,Night,High,1548.0,8.26
M105576,8.6,282.0,52.7,2.61,11.14,1.9,6,Night,Low,1051.1,10.0
M105577,5.1,529.2,73.3,3.013,8.39,0.2,1,Day,High,1449.0,3.6
M105578,3.6,560.6,69.1,0.933,7.75,0.0,2,Night,Low,1316.4,7.93
M105579,11.1,485.1,60.1,2.641,8.18,5.5,1,Day,Low,1263.1,5.07
M105580,8.5,391.9,63.3,6.184,9.8,1.0,1,Rotational,Medium,1216.0,8.62
M105581,9.0,541.3,63.6,2.57,7.75,0.0,0,Day,Low,1312.8,5.85
M105582,13.0,392.7,65.3,1.923,11.43,3.3,2,Day,High,1389.7,3.59
M105583,2.8,360.0,87.3,6.607,8.8,0.5,3,Rotational,High,1304.1,15.69
M105584,4.8,387.0,91.0,1.902,10.05,0.0,4,Day,Medium,1542.6,9.93
M105585,7.6,371.5,38.0,7.192,8.39,,3,Day,Low,993.9,15.49
M105586,4.7,339.5,73.4,12.0,10.38,1.4,1,Rotational,High,1328.9,16.34
M105587,10.1,514.4,78.5,3.143,10.5,2.0,2,Day,,1573.7,7.38
M105588,6.3,354.3,65.6,6.184,6.98,3.3,4,Rotational,Medium,1101.5,8.4
M105589,3.0,417.5,78.2,1.441,8.48,1.3,1,Day,Medium,1367.8,3.2
M105590,7.3,297.3,86.2,1.41,9.27,1.0,1,Day,High,1411.9,6.17
M105591,7.7,422.6,52.9,2.229,8.71,2.0,0,Day,Low,1091.3,6.6
M105592,10.7,321.7,69.5,5.009,10.81,3.1,0,Day,Low,1166.7,7.3
M105593,8.6,319.7,89.5,3.323,8.6,0.0,0,Day,Medium,1538.6,10.28
M105594,8.8,410.7,54.4,3.025,10.57,4.5,1,Rotational,Medium,1217.6,5.4
M105595,8.3,509.8,66.7,1.741,10.23,2.0,1,Rotational,Low,1426.4,4.5
M105596,6.2,457.4,63.1,3.115,9.34,0.0,2,Day,Medium,1278.0,6.29
M105597,4.1,463.3,79.6,2.407,10.63,0.3,2,Day,High,1514.8,5.04
M105598,8.2,409.0,81.1,2.093,7.19,0.7,1,Day,Medium,1329.9,7.55
M105599,5.7,391.5,69.8,2.006,9.41,,0,Rotational,Medium,1292.4,2.47
M105600,13.8,487.2,68.4,3.655,8.34,2.1,2,Rotational,Medium,1342.2,7.28
M105601,12.4,372.1,,7.282,9.34,6.5,5,Day,High,1850.8,7.34
M105602,9.5,490.9,83.7,3.309,8.8,1.0,4,Day,Medium,1474.9,10.08
M105603,8.5,525.1,64.1,1.371,9.59,2.5,0,Rotational,Medium,1336.4,4.38
M105604,6.6,348.5,66.4,4.27,9.51,3.5,2,Day,Low,1256.0,5.8
M105605,2.0,361.0,78.7,3.745,9.71,1.8,1,Night,Medium,1374.3,9.25
M105606,6.1,373.6,70.2,2.957,9.77,0.7,0,Day,Medium,1335.4,2.64
M105607,7.4,295.3,79.0,3.599,10.36,1.0,0,Day,Medium,1243.9,6.29
M105608,7.9,380.1,74.6,5.297,7.61,4.2,2,Day,Medium,1317.3,7.91
M105609,8.9,530.6,70.2,1.609,10.26,0.3,2,Night,High,1378.1,5.39
M105610,10.7,331.1,71.4,3.433,7.23,1.4,0,Night,High,1278.8,6.08
M105611,4.2,532.6,55.6,,5.5,0.0,1,Day,Medium,1176.9,4.73
M105612,4.3,383.2,66.4,3.469,12.46,0.0,2,Rotational,Low,1317.9,7.5
M105613,12.8,599.7,79.9,2.917,8.09,0.7,1,Rotational,Low,1552.8,8.21
M105614,10.1,362.0,58.1,3.279,8.83,1.4,0,Day,Medium,1150.4,3.98
M105615,5.4,407.8,60.1,5.074,6.7,1.3,3,Day,Low,1190.9,8.28
M105616,6.6,342.6,58.3,4.999,8.82,0.0,1,Day,Low,1185.5,9.22
M105617,6.6,361.5,69.7,5.716,9.81,2.1,3,Day,High,1165.0,7.56
M105618,7.1,533.7,83.4,2.723,9.86,2.6,3,Day,Low,1547.2,9.22
M105619,8.9,460.3,74.0,4.719,7.69,1.8,2,Night,Low,1318.4,7.39
M105620,17.1,507.4,44.1,4.277,8.83,5.3,3,Day,High,1076.6,7.68
M105621,7.8,308.2,75.1,2.758,10.05,0.0,0,Day,Medium,1203.4,4.76
M105622,9.7,475.7,63.1,3.52,9.86,2.7,3,Night,High,1308.6,5.78
M105623,0.3,337.4,73.6,3.108,9.69,0.1,1,Rotational,Medium,1207.8,5.07
M105624,5.1,306.3,66.4,6.669,10.64,5.1,3,Day,Medium,1263.1,9.2
M105625,11.9,440.3,58.5,4.978,9.34,0.9,0,Rotational,Medium,1170.8,7.8
M105626,8.6,439.4,67.2,2.807,11.59,3.7,2,Night,Low,1381.3,5.67
M105627,0.0,424.5,63.1,2.711,9.06,0.2,1,Day,High,1192.7,2.51
M105628,9.7,481.0,71.4,5.359,10.54,2.9,1,Night,High,1360.6,8.28
M105629,14.7,494.3,58.3,6.488,10.6,0.5,3,Night,Low,1269.5,14.07
M105630,0.0,544.9,55.6,3.888,7.04,1.1,1,Night,Medium,1164.5,6.99
M105631,13.1,318.8,76.1,4.615,10.16,2.5,2,Night,Medium,1367.3,9.73
M105632,0.0,547.7,80.2,,8.54,0.5,1,Day,High,1527.3,6.72
M105633,10.8,580.0,74.4,3.042,7.99,1.0,0,Day,Medium,1510.7,5.63
M105634,7.0,388.9,60.9,3.462,8.86,1.9,1,Day,Medium,1160.1,3.3
M105635,0.0,278.2,59.9,4.235,9.74,2.1,1,Day,Medium,1156.8,3.91
M105636,8.8,302.4,60.5,2.679,7.15,6.1,0,Day,High,1089.7,2.28
M105637,11.6,380.7,77.8,7.764,9.54,0.7,2,Day,Medium,1306.8,11.3
M105638,8.5,591.2,58.9,2.667,9.17,4.2,1,Rotational,Low,1358.8,5.77
M105639,9.3,421.5,77.7,3.423,11.06,2.0,0,Day,Medium,1477.9,5.09
M105640,5.4,367.5,75.0,8.655,8.55,2.9,5,Day,Medium,1266.5,14.85
M105641,0.0,361.7,81.6,1.309,11.28,3.0,1,Rotational,Medium,1466.6,5.47
M105642,9.8,307.6,79.7,3.699,10.08,1.2,1,Night,High,1239.7,7.06
M105643,14.0,494.3,74.0,2.386,9.45,1.7,0,Rotational,Medium,1413.1,4.16
M105644,11.5,412.2,51.8,3.32,11.41,0.0,0,Day,Medium,,4.64
M105645,0.0,598.5,74.7,1.817,12.38,4.2,0,Night,High,1682.3,3.51
M105646,0.9,473.4,69.3,2.758,9.18,0.0,3,Day,Medium,1294.3,4.76
M105647,3.6,490.5,63.9,3.362,8.39,1.0,1,Day,Low,1295.3,8.6
M105648,0.6,399.4,83.0,3.74,10.14,4.5,2,Night,Medium,1526.8,7.8
M105649,7.2,327.3,66.3,5.196,7.37,0.0,4,Night,Low,1157.4,10.02
M105650,8.6,345.7,62.2,1.039,7.55,6.4,1,Day,High,1071.6,0.45
M105651,1.3,303.6,80.4,3.118,11.46,0.6,2,Day,Medium,1408.9,5.24
M105652,10.1,497.4,63.5,3.042,10.36,0.0,3,Rotational,Medium,1453.8,8.41
M105653,9.4,387.3,61.6,3.215,8.21,2.2,1,Day,Medium,1175.0,4.27
M105654,4.8,501.0,,3.374,14.2,5.9,2,Night,Medium,1460.7,4.85
M105655,6.3,431.6,59.0,2.192,7.43,0.0,2,Day,Medium,1199.0,5.01
M105656,0.0,395.1,59.9,1.532,10.43,1.3,0,Day,Medium,1334.1,2.77
M105657,5.7,320.6,74.8,3.701,8.31,0.0,2,Day,Low,1278.4,8.12
M105658,7.0,445.6,56.8,2.02,12.17,0.8,1,Day,High,1403.0,2.92
M105659,7.7,401.4,47.6,4.061,8.7,3.0,0,Rotational,Medium,1031.9,6.72
M105660,8.5,496.7,71.3,2.078,9.07,6.2,0,Day,High,1398.3,2.07
M105661,8.0,359.2,61.0,4.694,6.79,2.6,5,Day,Medium,1045.4,7.42
M105662,5.9,472.4,67.8,3.231,12.62,1.0,2,Day,High,1466.7,3.68
M105663,8.1,559.5,82.1,3.345,8.57,0.6,1,Rotational,High,1553.4,6.87
M105664,11.0,443.2,68.8,2.935,10.22,2.1,3,Night,High,1385.3,6.32
M105665,6.6,486.7,84.6,2.709,9.51,0.0,1,Rotational,Medium,1556.0,7.72
M105666,8.3,468.6,67.3,2.955,8.67,1.6,1,Day,Low,1342.3,7.02
M105667,6.3,581.3,79.1,5.994,6.16,0.8,1,Night,Medium,1521.2,12.46
M105668,4.4,451.6,62.0,1.542,9.16,1.1,1,Night,Medium,1315.9,5.55
M105669,9.1,479.5,69.2,2.401,9.09,,2,Rotational,Low,1378.0,4.91
M105670,4.8,416.9,70.4,20.073,9.98,0.9,1,Day,Medium,1564.3,29.43
M105671,8.5,354.2,59.0,5.002,12.72,2.7,2,Day,Medium,1179.9,6.15
M105672,7.1,317.3,65.5,6.5,10.47,0.0,3,Day,Medium,1268.4,8.09
M105673,5.8,527.7,53.4,3.223,10.79,1.9,0,Night,High,1229.1,7.54
M105674,5.7,334.3,69.8,1.717,9.04,3.1,0,Day,High,1214.7,2.11
M105675,5.0,483.4,64.7,1.908,7.53,3.3,1,Day,High,1275.7,2.35
M105676,0.4,455.4,70.6,2.859,9.08,2.7,1,Rotational,Medium,1265.6,6.06
M105677,8.5,498.0,53.6,4.857,8.4,2.3,2,Day,Medium,1121.3,9.24
M105678,7.9,376.2,75.7,2.923,9.42,2.2,2,Day,Medium,1288.2,4.84
M105679,10.4,352.8,86.7,2.813,8.76,2.4,1,Night,Low,1434.8,9.0
M105680,4.9,452.2,84.4,4.049,6.98,0.0,4,Night,Low,1447.6,9.74
M105681,14.6,395.2,88.9,3.366,11.4,4.7,2,Day,Medium,1497.3,8.31
M105682,5.5,315.4,68.5,2.664,9.29,0.0,0,Day,High,1283.8,3.76
M105683,3.5,584.8,64.1,2.012,9.0,0.0,0,Day,Medium,1370.9,3.68
M105684,3.0,352.7,73.4,5.331,7.84,2.1,1,Day,High,1341.3,6.66
M105685,0.1,335.5,65.4,5.606,8.79,0.3,2,Day,Medium,1160.0,7.55
M105686,13.1,399.4,48.9,1.956,8.21,4.2,2,Rotational,Medium,1014.7,6.19
M105687,12.5,526.5,77.0,2.715,7.71,6.5,3,Day,Medium,1596.8,5.24
M105688,9.4,235.8,65.4,4.634,9.74,0.0,2,Day,Medium,988.4,6.59
M105689,3.4,519.4,51.9,1.88,8.8,1.5,0,Day,High,1226.6,4.99
M105690,14.2,342.5,62.4,3.985,10.62,1.9,0,Rotational,Medium,1153.6,6.12
M105691,5.6,442.5,65.7,2.82,8.96,0.0,0,Night,Low,1207.1,5.46
M105692,5.9,362.5,68.1,1.807,9.67,3.7,1,Night,Medium,1247.3,2.6
M105693,12.7,589.3,68.3,8.074,9.63,0.4,1,Rotational,Medium,1550.7,12.6
M105694,9.6,430.6,83.1,2.799,10.08,2.2,3,Day,Medium,1505.5,7.19
M105695,15.8,359.8,53.8,4.315,8.24,4.7,4,Night,Low,973.5,8.59
M105696,8.0,394.4,,1.895,10.85,0.9,0,Day,High,1219.5,2.92
M105697,5.4,427.6,58.3,7.215,7.73,1.7,4,Day,Medium,1129.3,9.81
M105698,4.6,435.1,81.8,8.791,9.56,0.0,8,Day,High,1392.3,16.17
M105699,0.0,457.3,61.8,1.567,7.69,0.2,0,Day,Medium,1306.1,3.46
M105700,5.9,419.9,64.2,3.058,9.32,1.6,1,Day,Low,1287.3,4.25
M105701,11.6,302.9,79.5,6.449,10.84,5.9,2,Day,Medium,1311.2,9.15
M105702,9.4,391.1,82.6,2.627,10.33,2.0,1,Day,Medium,1433.4,5.69
M105703,7.1,471.6,84.2,4.074,11.09,5.1,1,Day,Medium,,8.64
M105704,3.0,363.1,49.9,1.433,9.05,3.9,0,Rotational,Medium,1021.4,5.14
M105705,7.9,477.2,73.3,2.239,10.86,3.0,1,Day,,1362.3,3.38
M105706,11.1,422.7,71.0,3.867,8.46,1.8,2,Night,Low,1308.6,9.12
M105707,8.7,401.5,67.4,2.473,8.81,0.4,1,Day,,1232.2,3.9
M105708,7.7,521.5,68.7,2.772,9.7,2.1,1,Day,Low,1399.8,6.31
M105709,3.8,272.3,82.1,1.556,10.78,0.1,2,Day,Low,1400.3,5.61
M105710,10.5,362.6,79.4,4.604,8.68,0.3,2,Day,Medium,1328.8,6.19
M105711,0.0,524.8,77.9,1.699,10.54,1.1,1,Night,High,1370.0,5.63
M105712,8.5,575.6,70.3,7.173,9.85,3.1,6,Day,Low,1573.3,13.51
M105713,17.3,614.3,93.0,2.36,10.01,4.1,5,Rotational,Low,1747.4,15.2
M105714,1.0,424.3,63.6,4.955,8.22,1.1,0,Day,Medium,1150.0,6.42
M105715,6.0,458.9,50.2,4.717,8.92,0.5,1,Night,Low,1129.3,9.7
M105716,7.0,489.5,65.1,2.029,9.36,0.1,0,Day,Medium,1381.4,2.8
M105717,5.1,528.4,68.6,2.49,10.01,0.8,0,Day,Low,1391.9,6.08
M105718,11.1,446.6,82.3,2.641,8.29,0.1,1,Day,High,1428.5,5.09
M105719,8.9,498.7,62.4,2.732,7.56,3.4,0,Day,Low,1251.5,4.91
M105720,7.6,459.1,73.4,1.735,6.3,1.7,3,Rotational,Medium,1403.3,4.42
M105721,10.2,464.4,51.8,4.336,10.62,0.0,0,Night,Medium,1348.4,10.21
M105722,7.1,341.9,79.9,2.353,10.92,2.0,1,Rotational,Medium,1437.7,4.65
M105723,19.7,392.0,68.8,3.136,6.49,4.8,3,Night,Low,1305.6,8.65
M105724,7.6,375.6,64.9,5.491,9.61,0.0,3,Rotational,Medium,1138.8,7.54
M105725,7.8,318.9,91.4,4.419,8.93,0.2,4,Rotational,Medium,1402.6,13.76
M105726,0.2,279.6,79.8,2.434,11.33,0.2,0,Day,High,1282.9,3.96
M105727,4.8,384.0,56.6,5.587,9.18,0.9,4,Day,High,1182.8,8.06
M105728,11.6,397.6,66.8,4.631,10.32,3.4,0,Rotational,,1356.7,7.72
M105729,1.7,428.9,98.1,2.333,8.86,1.1,0,Day,Medium,1576.7,13.5
M105730,0.0,467.2,89.8,2.568,8.47,0.0,2,Day,High,1513.9,4.87
M105731,7.1,436.0,,5.475,10.65,0.0,0,Day,Medium,1447.1,8.3
M105732,12.5,398.2,47.7,4.901,11.12,3.4,3,Rotational,Medium,1069.2,9.49
M105733,7.2,342.2,82.7,1.566,7.6,1.7,0,Day,High,1225.3,4.58
M105734,5.7,494.6,61.0,2.008,11.21,1.2,2,Night,High,1394.6,5.6
M105735,0.0,411.3,82.6,4.701,8.04,0.0,2,Day,Low,1367.1,8.36
M105736,8.8,383.1,60.1,1.846,6.0,0.9,1,Night,Medium,1080.9,5.03
M105737,9.6,404.2,73.4,4.965,9.52,0.1,5,Night,Medium,1377.0,9.43
M105738,0.0,357.7,61.0,8.74,10.26,2.1,3,Day,High,1125.1,11.15
M105739,11.5,374.9,64.0,4.001,7.23,2.0,2,Day,Medium,1270.4,6.94
M105740,10.1,372.2,74.8,2.093,6.53,1.7,0,Day,High,1275.7,2.08
M105741,11.5,395.6,53.5,3.626,8.76,1.7,0,Rotational,,1068.6,7.77
M105742,9.3,475.7,94.1,5.57,8.56,1.5,3,Day,Medium,1651.9,13.86
M105743,9.6,454.6,56.7,3.488,11.55,1.6,2,Night,Low,1363.0,7.17
M105744,9.1,551.5,56.1,4.229,9.52,3.6,2,Day,Medium,1189.1,8.15
M105745,10.5,523.0,74.9,2.226,10.6,4.6,3,Day,High,1288.9,5.2
M105746,0.0,586.3,82.2,2.312,9.81,0.0,1,Night,Low,1582.8,8.44
M105747,1.0,467.5,64.4,5.223,11.85,0.1,2,Day,Medium,1362.7,8.49
M105748,4.1,466.2,56.2,2.326,8.16,0.4,1,Rotational,Medium,1201.6,4.23
M105749,6.5,378.6,57.9,0.911,9.37,2.6,3,Rotational,High,1245.8,3.64
M105750,8.6,490.2,56.7,2.849,7.15,0.0,1,Night,Low,1205.0,7.23
M105751,8.3,364.2,71.4,3.885,10.72,0.5,0,Day,Medium,1296.8,5.33
M105752,11.5,295.0,67.2,5.636,11.17,1.1,2,Night,Medium,1270.3,8.88
M105753,11.6,549.7,72.7,7.56,10.81,4.5,3,Day,Medium,1581.1,7.84
M105754,3.5,313.8,72.0,3.464,9.31,0.9,3,Rotational,Low,1131.8,6.96
M105755,8.0,457.3,77.1,4.615,7.27,0.0,1,Night,Low,1439.9,10.33
M105756,3.6,345.2,63.5,3.527,9.37,0.8,1,Day,High,1161.0,2.47
M105757,6.2,515.8,59.9,3.963,8.48,0.8,0,Night,Low,1342.0,7.91
M105758,8.3,527.4,69.7,3.024,10.88,3.9,3,Night,Low,1394.4,9.1
M105759,0.0,465.0,67.4,4.028,8.86,1.0,4,Day,Medium,1261.8,6.29
M105760,16.6,525.9,,2.305,8.83,3.8,3,Night,Medium,1449.5,6.28
M105761,9.3,420.6,,8.936,12.76,,2,Day,Low,1369.4,11.44
M105762,4.6,609.9,75.1,1.004,10.7,0.2,1,Day,High,1656.3,2.72
M105763,14.7,483.4,55.0,4.417,11.11,2.3,4,Rotational,Medium,1172.8,8.87
M105764,5.6,343.5,63.2,3.895,8.73,0.0,1,Night,Low,1183.3,7.61
M105765,7.5,425.9,80.4,3.997,7.85,3.2,1,Day,,1435.9,5.09
M105766,5.1,407.0,55.6,1.838,11.1,1.5,2,Rotational,Medium,1107.2,4.29
M105767,13.6,398.7,79.6,1.435,11.74,1.3,3,Night,Medium,1352.1,6.42
M105768,6.6,279.1,52.5,4.495,7.57,0.1,2,Day,High,983.5,7.76
M105769,7.6,452.9,50.6,6.492,8.72,3.6,3,Night,Medium,1143.7,13.71
M105770,11.8,302.2,51.6,3.707,8.13,0.6,1,Day,High,1008.7,5.53
M105771,9.3,205.3,69.3,4.966,10.22,2.2,1,Night,High,1107.3,6.76
M105772,6.8,390.8,76.0,2.64,11.13,0.0,1,Day,Low,1358.1,7.62
M105773,11.4,355.7,82.2,3.919,8.95,0.4,2,Night,Medium,1478.8,10.72
M105774,17.2,346.8,81.3,6.128,8.94,0.0,1,Day,Medium,1325.9,9.67
M105775,8.3,156.2,77.5,2.838,6.56,1.4,1,Day,Medium,1092.1,4.82
M105776,7.5,347.7,58.9,6.007,8.07,0.5,0,Rotational,Medium,1039.0,7.98
M105777,7.7,405.2,58.8,1.466,11.76,1.5,1,Rotational,Medium,1308.8,4.66
M105778,12.2,366.1,76.7,2.444,10.24,0.4,1,Rotational,Medium,1353.5,3.95
M105779,4.6,452.9,96.3,16.532,10.89,2.8,1,Night,Low,1968.0,27.99
M105780,5.9,538.4,56.7,8.597,8.95,1.4,2,Night,High,1365.3,13.5
M105781,0.9,463.9,82.2,3.344,9.09,1.5,2,Day,Medium,1465.4,7.47
M105782,2.3,507.2,46.9,1.98,9.53,4.0,0,Day,Medium,1316.6,5.7
M105783,4.9,514.3,72.3,8.5,9.99,4.7,2,Day,Medium,1525.3,10.2
M105784,6.8,333.4,66.9,3.117,11.56,0.8,2,Day,Medium,1256.0,3.22
M105785,14.1,457.3,65.8,,8.49,1.9,3,Day,Low,1243.7,7.94
M105786,9.1,504.6,68.3,2.809,9.29,0.7,1,Day,Low,1309.2,4.53
M105787,3.4,382.9,58.6,3.565,8.31,0.5,2,Day,Medium,1101.6,4.31
M105788,4.1,352.8,72.9,2.507,6.55,3.1,1,Night,Medium,1122.9,5.88
M105789,12.5,465.1,68.7,10.266,10.88,6.3,3,Rotational,Low,1436.9,15.2
M105790,11.5,294.1,78.3,6.023,12.12,2.1,3,Rotational,High,1393.4,8.53
M105791,7.1,327.5,85.5,8.037,10.65,1.4,3,Night,Medium,1421.9,14.12
M105792,5.2,363.3,69.4,2.238,9.85,1.2,0,Rotational,High,1318.6,2.42
M105793,11.5,458.3,59.0,1.333,12.28,0.8,1,Day,Medium,1306.2,3.86
M105794,3.0,438.6,55.5,2.868,10.19,0.0,3,Night,Medium,1180.8,7.72
M105795,8.6,507.8,86.7,11.684,10.7,0.9,3,Rotational,Medium,1637.7,19.04
M105796,16.1,341.6,85.3,2.827,9.71,3.1,2,Rotational,High,1375.3,7.6
M105797,7.8,337.1,77.8,5.618,9.94,1.8,0,Rotational,Low,1398.9,11.74
M105798,3.9,464.5,68.7,1.989,9.3,0.0,2,Rotational,High,1348.6,3.15
M105799,8.6,352.1,77.0,2.193,10.75,1.0,4,Day,High,1489.8,5.1
M105800,5.1,368.7,82.3,3.19,7.86,0.0,3,Rotational,Medium,1372.8,8.01
M105801,1.4,262.2,61.2,9.534,10.13,1.7,1,Day,Medium,1046.4,11.45
M105802,9.8,444.7,68.3,5.755,8.22,0.8,3,Rotational,Medium,1302.5,10.29
M105803,11.5,551.0,55.8,1.189,10.26,1.9,1,Day,Medium,1332.8,4.41
M105804,5.8,332.5,66.6,4.634,13.09,0.2,3,Night,Low,1287.1,9.98
M105805,5.5,506.8,85.0,1.869,10.55,1.6,1,Rotational,Medium,1620.1,6.59
M105806,3.2,415.0,79.9,2.361,11.26,3.0,1,Day,Low,1530.9,5.76
M105807,6.4,269.9,69.5,4.285,10.85,2.9,0,Day,Low,1222.6,6.72
M105808,4.8,343.9,38.4,6.681,6.01,2.6,3,Rotational,Low,900.5,14.97
M105809,3.0,338.7,60.8,6.518,9.3,2.2,4,Night,Low,1154.6,11.97
M105810,14.6,393.1,69.1,3.919,10.17,2.3,4,Day,High,1260.5,6.8
M105811,8.9,455.7,65.6,3.946,6.37,3.2,1,Day,Medium,1114.6,6.0
M105812,9.3,577.2,68.4,6.508,9.07,4.6,2,Day,Low,1531.6,9.54
M105813,10.5,298.4,70.7,1.51,9.38,3.3,1,Rotational,High,1310.3,2.2
M105814,10.1,378.8,62.1,8.279,7.65,0.0,1,Rotational,Medium,1099.2,12.09
M105815,5.3,343.8,67.9,2.298,8.05,0.1,2,Day,High,1090.0,2.25
M105816,8.1,312.2,66.4,3.782,11.51,0.1,1,Night,Medium,1217.1,5.75
M105817,5.9,428.1,60.3,2.591,5.5,0.0,1,Rotational,Medium,1120.0,4.64
M105818,8.8,420.1,88.3,1.863,9.91,1.1,0,Day,High,1439.8,7.4
M105819,8.4,265.8,62.8,4.182,11.25,0.0,3,Rotational,High,1126.2,4.36
M105820,5.5,421.5,43.2,3.737,9.46,3.6,1,Day,Medium,1131.6,8.75
M105821,1.7,317.5,87.6,3.15,11.61,1.6,2,Rotational,Low,1459.2,10.44
M105822,7.6,421.0,58.7,3.076,8.86,0.3,0,Day,High,1143.2,5.13
M105823,6.2,527.9,77.9,7.12,8.14,2.1,2,Day,Medium,1487.9,13.72
M105824,0.0,459.4,60.5,,9.49,1.0,0,Day,Medium,1236.3,11.25
M105825,9.0,435.1,74.3,6.212,8.93,3.4,2,Day,Medium,1301.4,9.65
M105826,10.9,375.1,67.5,3.814,8.64,3.7,1,Rotational,High,1132.8,4.08
M105827,17.1,425.7,79.0,1.464,9.23,3.0,0,Night,Medium,1442.2,6.42
M105828,5.4,467.9,65.6,4.543,8.31,2.5,2,Day,High,1203.8,4.1
M105829,4.8,459.5,60.8,4.645,8.24,3.3,0,Day,Low,1247.5,7.17
M105830,2.6,411.6,70.8,4.883,7.82,1.0,2,Day,High,1399.5,7.78
M105831,7.8,438.5,63.8,1.877,10.12,1.0,0,Rotational,Medium,1336.8,3.05
M105832,7.8,308.1,46.8,5.079,8.0,0.8,1,Rotational,Medium,956.1,10.67
M105833,3.8,357.6,61.4,7.248,7.64,0.4,3,Day,Low,1213.2,11.9
M105834,6.3,480.1,99.6,2.031,7.89,3.4,1,Day,Medium,1699.9,13.99
M105835,0.0,491.6,48.0,4.675,9.81,2.0,2,Night,Medium,1277.0,10.36
M105836,10.7,428.0,70.7,2.212,10.5,1.2,0,Day,High,1319.5,3.01
M105837,3.9,545.7,65.3,3.151,10.63,4.1,3,Night,Medium,1353.8,7.43
M105838,6.9,463.2,88.2,2.066,9.82,1.6,0,Day,Low,1456.6,10.4
M105839,1.3,400.2,55.8,2.786,10.3,2.8,5,Rotational,,1231.0,6.29
M105840,4.7,316.3,69.1,2.797,9.42,2.4,0,Day,Medium,1279.8,3.55
M105841,5.9,542.3,75.5,4.08,10.18,1.3,1,Day,Low,1350.7,8.32
M105842,7.0,485.5,66.0,5.182,10.16,2.8,0,Night,Medium,1420.7,6.71
M105843,8.9,572.9,59.6,6.099,8.41,1.6,3,Day,Medium,1348.1,8.6
M105844,12.8,604.2,67.8,2.397,7.89,3.5,2,Rotational,Medium,1376.2,4.75
M105845,9.9,310.6,64.6,3.975,11.53,2.6,4,Day,Low,1277.2,7.84
M105846,10.8,310.8,64.6,1.917,9.69,2.3,1,Night,Low,1189.2,5.53
M105847,12.8,176.6,78.2,3.141,11.08,2.5,2,Rotational,Medium,1255.6,5.87
M105848,9.3,498.1,72.4,3.392,7.85,3.2,0,Rotational,High,1310.6,5.14
M105849,6.9,475.8,74.1,2.093,8.89,1.1,3,Rotational,Low,1334.6,6.29
M105850,11.0,428.3,71.6,4.391,7.44,1.5,4,Rotational,Medium,1286.9,8.08
M105851,11.3,315.8,78.6,3.071,10.47,1.6,4,Night,Medium,1317.7,9.19
M105852,9.6,412.4,82.3,3.587,8.58,0.0,2,Day,Medium,1395.3,8.27
M105853,1.2,435.7,64.8,6.124,8.67,1.7,0,Day,Medium,1341.5,8.17
M105854,3.6,486.5,77.0,2.681,12.43,4.1,0,Night,Medium,1544.0,4.54
M105855,5.9,443.2,53.7,5.079,10.5,0.0,2,Night,Medium,1158.8,10.04
M105856,10.1,476.4,43.2,6.831,10.48,2.5,5,Night,Low,1129.4,16.98
M105857,6.9,409.4,88.1,6.625,7.7,1.5,5,Day,Low,,15.95
M105858,11.5,520.4,64.3,3.022,6.71,1.6,3,Day,High,1239.3,3.46
M105859,12.3,473.7,70.8,2.041,10.96,4.1,2,Night,Medium,1329.7,5.17
M105860,11.8,319.1,54.5,2.328,6.14,3.2,0,Day,Medium,975.6,2.91
M105861,11.8,538.1,54.0,1.502,8.75,1.7,1,Night,High,1205.1,4.87
M105862,2.9,524.2,60.2,4.679,8.28,3.4,4,Day,Medium,1299.5,9.6
M105863,8.9,459.6,75.1,4.826,8.11,3.5,3,Night,Medium,1364.7,8.91
M105864,4.6,443.9,62.3,3.521,8.84,1.6,1,Day,Low,1272.0,5.18
M105865,0.4,561.0,64.3,1.669,7.92,2.0,1,Day,Medium,1324.9,2.19
M105866,5.9,281.2,59.8,2.766,7.68,0.0,1,Day,Low,1011.0,4.51
M105867,12.3,525.5,80.8,6.62,9.88,4.3,3,Day,High,1525.1,10.18
M105868,8.8,379.5,77.6,4.503,11.1,0.3,3,Day,High,1318.2,7.83
M105869,15.1,513.1,62.7,4.911,6.9,5.4,4,Day,Medium,1313.8,8.27
M105870,7.7,430.2,75.5,12.0,9.79,1.8,5,Day,,1560.0,18.6
M105871,16.8,314.4,65.3,3.912,10.31,0.6,0,Day,High,1178.3,5.3
M105872,7.7,377.8,64.3,1.128,10.17,1.7,3,Day,Medium,1326.8,3.86
M105873,7.1,506.8,67.5,1.914,9.17,1.4,1,Day,Medium,1436.0,4.49
M105874,1.9,402.1,75.1,3.868,8.6,2.1,2,Day,Medium,1351.8,8.58
M105875,11.4,367.2,58.2,3.351,10.64,2.2,0,Day,High,1090.1,4.13
M105876,5.0,366.6,73.5,3.047,10.0,0.4,2,Night,,1232.9,7.97
M105877,4.4,474.6,95.5,3.073,6.66,1.7,2,Day,Low,1476.0,13.47
M105878,12.1,568.8,70.0,2.243,9.17,0.0,0,Day,High,1352.1,3.34
M105879,11.6,238.0,68.4,4.002,9.58,0.6,2,Rotational,Medium,1073.8,5.38
M105880,11.5,658.1,67.1,6.667,7.86,0.5,3,Night,Medium,1377.2,10.26
M105881,5.6,437.3,73.3,7.895,9.13,2.0,0,Rotational,Medium,1336.0,14.24
M105882,6.8,469.3,50.3,7.783,10.24,4.1,3,Day,High,1279.0,10.11
M105883,6.8,382.9,86.7,2.059,8.26,2.6,0,Night,Low,1345.2,9.87
M105884,10.1,419.7,78.8,3.287,9.85,1.7,2,Night,Medium,1383.6,8.29
M105885,13.2,436.4,60.9,2.838,8.02,,1,Rotational,High,1183.7,4.11
M105886,8.5,330.8,68.3,4.464,7.64,1.6,3,Night,Medium,1135.0,8.29
M105887,14.9,351.5,61.9,3.186,10.42,4.9,2,Day,High,1173.0,3.71
M105888,10.6,520.7,71.3,2.966,11.26,0.6,2,Day,Medium,1504.6,3.95
M105889,6.1,288.1,68.7,6.871,7.72,1.2,0,Day,Medium,1098.4,8.3
M105890,10.3,457.5,70.5,3.488,10.93,3.4,2,Night,High,1343.1,6.68
M105891,13.8,388.5,56.7,3.533,9.48,9.2,1,Day,Medium,1173.6,5.01
M105892,15.0,338.3,62.7,4.082,6.18,1.6,1,Rotational,Medium,1119.9,5.5
M105893,11.7,587.6,80.6,4.656,7.35,1.8,1,Rotational,Low,,11.55
M105894,7.1,338.9,62.1,,10.41,2.8,5,Day,Medium,1147.3,5.98
M105895,6.1,323.9,38.9,7.214,7.06,0.8,1,Rotational,Medium,767.5,11.5
M105896,9.3,404.1,66.3,1.746,8.57,1.4,2,Rotational,Low,1150.3,4.08
M105897,13.7,354.7,94.5,3.905,9.38,2.6,1,Day,Medium,1440.7,10.59
M105898,8.7,420.5,77.3,3.154,10.17,2.3,3,Rotational,Medium,1435.4,8.73
M105899,8.8,433.2,61.6,2.856,9.78,2.4,1,Night,High,1287.1,4.94
M105900,7.2,439.9,67.4,4.85,11.85,0.9,2,Day,High,1377.8,4.08
M105901,5.7,409.5,75.5,6.349,8.28,0.0,3,Day,High,1311.1,9.94
M105902,6.4,360.3,48.7,2.47,9.65,2.3,2,Rotational,Medium,1006.2,7.46
M105903,7.5,474.7,58.6,7.717,10.18,0.0,3,Day,High,1206.6,11.35
M105904,13.9,410.5,72.4,1.623,10.57,1.9,1,Day,High,1347.6,2.91
M105905,6.0,377.9,85.5,4.46,11.08,0.6,0,Rotational,High,1477.1,8.94
M105906,7.2,545.8,63.2,2.127,8.85,2.5,2,Rotational,High,1351.0,3.18
M105907,3.5,409.7,85.2,2.409,10.48,3.3,1,Night,Low,1452.8,9.64
M105908,9.9,512.8,59.7,3.421,8.11,0.0,1,Day,High,1244.4,4.95
M105909,12.5,524.3,35.0,2.72,9.38,1.1,1,Night,Low,1066.0,13.11
M105910,13.5,529.5,76.2,0.793,10.25,1.0,2,Night,Medium,1499.1,5.78
M105911,7.8,478.7,73.9,,10.96,1.5,2,Day,Medium,1419.8,7.23
M105912,9.3,419.9,76.1,4.903,10.36,0.0,2,Rotational,Medium,1397.1,7.1
M105913,6.4,414.6,75.7,3.063,9.64,1.0,0,Day,Medium,1478.0,4.76
M105914,9.1,399.2,70.1,2.945,9.38,1.6,4,Day,High,1208.9,3.68
M105915,8.3,235.8,65.2,2.755,10.32,,1,Day,Medium,1173.7,1.55
M105916,7.2,481.1,65.6,1.411,12.78,2.8,1,Night,High,1417.1,4.35
M105917,7.6,440.8,62.9,1.338,10.78,5.0,0,Day,Low,1278.8,3.55
M105918,8.8,490.2,63.6,4.962,10.07,1.0,0,Rotational,Low,1325.3,8.0
M105919,5.8,410.1,48.1,5.654,7.45,1.4,1,Night,Medium,952.3,12.06
M105920,6.0,476.5,54.6,4.475,8.23,2.5,0,Rotational,Medium,1103.7,8.61
M105921,13.8,302.9,66.2,4.013,9.01,0.9,4,Day,Low,1154.4,6.51
M105922,17.8,320.6,43.4,4.91,10.87,2.7,2,Day,High,1107.6,10.97
M105923,2.2,209.5,45.9,4.75,8.09,2.0,1,Rotational,Low,797.4,10.78
M105924,2.0,408.6,64.3,2.242,10.46,0.0,1,Rotational,Low,1264.2,6.13
M105925,3.2,354.3,66.6,3.711,9.68,0.7,6,Day,High,1280.7,7.31
M105926,6.6,343.2,64.6,2.863,10.03,0.4,1,Night,Medium,1138.4,7.66
M105927,10.6,448.4,41.8,,9.18,1.6,3,Rotational,Medium,1016.8,11.06
M105928,9.4,383.8,85.1,5.871,8.61,2.7,4,Day,High,1405.9,11.59
M105929,7.7,298.2,52.2,7.296,8.04,1.3,3,Day,Medium,973.4,10.59
M105930,9.1,636.3,59.0,1.027,10.42,4.9,1,Day,Low,1470.7,4.14
M105931,4.2,416.9,54.1,2.923,9.38,1.5,1,Rotational,High,1242.1,5.58
M105932,6.0,327.9,82.3,2.847,7.88,1.4,0,Day,Medium,1254.4,5.33
M105933,6.9,363.1,72.6,5.934,9.83,0.4,5,Day,Low,1281.0,12.52
M105934,0.7,405.3,62.8,1.608,14.5,0.0,0,Night,Low,1414.0,4.93
M105935,2.4,405.1,62.0,0.745,9.2,0.0,0,Day,Medium,1344.9,3.46
M105936,2.5,530.7,70.0,5.005,11.98,0.5,4,Night,High,1537.3,9.48
M105937,10.1,413.2,54.3,5.373,5.62,2.4,1,Day,Medium,1057.6,7.85
M105938,8.0,577.7,72.2,1.361,9.09,2.4,1,Night,Medium,1522.1,4.45
M105939,9.4,383.2,62.0,3.12,10.93,,2,Day,Medium,1227.8,3.85
M105940,0.0,456.2,73.7,7.136,9.52,1.7,3,Night,Medium,1450.5,12.48
M105941,1.1,506.9,73.3,1.937,8.54,1.2,1,Rotational,Medium,1397.4,5.85
M105942,9.7,521.6,61.5,3.492,9.46,0.6,3,Night,Low,1298.8,7.61
M105943,0.0,531.5,45.4,4.28,10.98,,2,Day,High,1234.0,9.28
M105944,11.9,396.9,65.3,1.626,12.72,0.6,1,Night,Medium,1298.3,5.4
M105945,0.0,419.5,52.1,2.504,11.1,2.1,0,Rotational,Medium,1247.7,6.19
M105946,10.4,209.2,68.9,1.426,8.74,0.8,0,Rotational,Medium,1173.8,3.53
M105947,3.4,403.3,65.2,3.058,9.15,1.2,0,Day,Medium,1262.5,4.53
M105948,11.2,512.8,61.5,2.236,9.16,2.9,0,,High,1342.1,3.04
M105949,19.8,496.2,53.7,3.683,8.2,2.5,3,Day,Low,1207.7,9.36
M105950,0.0,412.6,81.1,4.56,9.27,2.3,5,Day,Medium,1336.1,8.69
M105951,9.8,564.4,63.0,6.648,9.09,0.1,3,Day,Medium,1415.7,9.48
M105952,0.0,387.4,93.9,10.656,7.7,0.4,5,Night,Medium,1377.3,23.04
M105953,8.7,359.1,68.4,3.683,10.76,0.7,4,Rotational,High,1348.6,5.18
M105954,6.2,380.2,71.9,2.834,10.13,2.7,3,Day,Medium,1302.3,4.47
M105955,7.5,324.6,68.4,2.753,8.54,0.1,0,Night,High,1129.8,5.07
M105956,3.4,472.9,71.8,2.049,9.72,2.0,2,Day,Low,1389.4,4.54
M105957,10.1,444.5,80.0,4.154,8.05,0.7,2,Day,Medium,1457.5,8.09
M105958,1.2,471.8,80.1,2.592,8.67,1.5,1,Day,High,1512.3,3.47
M105959,12.0,384.8,48.6,4.302,10.53,0.7,3,Rotational,Low,1162.5,10.55
M105960,5.4,415.1,77.4,2.082,10.21,2.4,2,Day,Low,1358.0,7.19
M105961,1.4,234.8,73.5,2.63,8.73,0.8,2,Night,Medium,1106.4,5.56
M105962,13.4,452.0,68.4,4.121,9.97,2.1,1,Rotational,Medium,1322.3,5.71
M105963,6.7,428.4,86.8,3.119,9.39,0.8,1,Night,High,1481.8,8.82
M105964,14.6,326.5,87.3,1.271,8.0,4.6,2,Day,Medium,1365.4,6.49
M105965,11.9,411.1,78.0,3.295,9.25,1.1,1,Day,Medium,1297.5,5.94
M105966,3.8,398.1,62.0,2.224,10.15,2.2,2,Day,High,1232.6,3.03
M105967,6.7,570.0,54.9,5.994,9.96,1.8,3,Day,Medium,1349.7,9.31
M105968,7.5,329.8,76.3,5.395,6.96,1.9,0,Day,Low,1206.4,8.66
M105969,13.1,448.2,83.0,1.06,9.75,1.5,1,Night,High,1479.4,5.69
M105970,8.8,327.3,45.7,4.957,9.54,5.0,1,Night,,1056.7,10.89
M105971,7.7,372.6,79.9,4.034,6.65,1.3,3,Day,Medium,1221.8,9.65
M105972,6.2,443.5,,1.581,8.29,0.0,0,Day,High,1281.8,1.76
M105973,6.8,402.0,48.1,5.151,10.24,0.4,3,Day,High,989.6,8.79
M105974,12.2,419.5,73.2,1.751,11.58,1.2,0,Day,Medium,1325.2,3.98
M105975,7.0,448.3,78.0,5.887,7.04,0.3,1,Night,Low,1461.4,12.07
M105976,5.4,378.0,64.1,2.403,10.97,2.5,1,Day,Medium,1211.5,3.85
M105977,4.7,495.2,56.4,1.554,6.68,2.1,3,Night,Medium,1188.8,6.69
M105978,4.8,394.0,86.8,9.587,11.6,4.0,6,Day,High,1423.9,14.05
M105979,1.4,411.7,60.6,1.532,9.14,3.0,2,Day,High,1187.5,2.21
M105980,4.0,450.7,80.8,,8.43,2.3,0,Rotational,Low,1448.6,7.17
M105981,13.0,439.3,51.4,2.447,10.03,4.4,0,Night,Medium,1202.6,7.62
M105982,6.2,474.8,,2.644,8.06,1.5,0,Day,Low,1388.1,5.61
M105983,9.8,446.9,72.3,4.709,10.27,0.7,2,Day,Medium,1370.4,6.52
M105984,0.0,459.9,77.6,3.418,9.31,2.1,0,Rotational,Low,1471.8,8.52
M105985,9.3,392.3,84.4,5.486,5.5,,2,Day,Medium,1348.6,12.23
M105986,6.4,329.2,59.1,3.999,8.28,0.4,2,Night,High,995.9,7.5
M105987,5.1,298.7,73.7,1.438,9.79,0.0,1,Night,Medium,1236.2,5.82
M105988,7.7,278.0,53.0,4.371,11.1,2.0,2,Rotational,Medium,,6.57
M105989,5.0,569.8,52.8,3.732,10.0,0.2,4,Day,High,1226.8,6.13
M105990,0.0,231.9,61.6,2.43,11.08,1.9,2,Night,Medium,1100.8,5.01
M105991,10.7,521.5,72.5,9.364,8.16,2.4,3,Day,Low,1340.6,14.9
M105992,8.0,350.2,86.4,4.5,10.59,0.5,2,Rotational,Medium,1475.6,9.42
M105993,5.7,520.8,88.4,5.317,10.62,1.8,4,Day,Medium,1657.0,12.49
M105994,3.1,232.8,64.1,5.41,7.05,0.2,2,Day,Low,875.6,8.98
M105995,1.1,400.0,71.4,2.691,11.15,4.3,2,Day,Medium,1413.2,1.74
M105996,7.9,543.6,78.4,4.557,9.99,2.6,5,Day,Medium,1521.0,10.06
M105997,13.5,480.6,76.4,3.888,9.08,3.8,2,Day,Medium,1451.0,5.2
M105998,7.8,391.3,66.1,,9.05,0.3,1,Night,Medium,1297.4,5.48
M105999,1.5,254.8,68.8,1.803,7.94,3.2,1,Night,Medium,1043.9,3.48
M106000,7.9,307.6,66.8,3.361,10.45,1.3,0,Day,Medium,1207.6,3.57
M106001,6.8,538.1,86.8,14.42,9.95,1.2,2,Day,Medium,2212.8,24.55
M106002,10.5,390.4,64.2,3.347,10.37,2.0,3,Day,Low,1259.2,8.29
M106003,9.4,413.9,66.7,3.031,9.62,0.9,3,Day,Medium,1377.2,5.02
M106004,0.0,444.1,,3.366,9.81,0.2,1,Night,Medium,1230.0,6.34
M106005,9.2,309.3,55.5,2.876,9.06,3.5,0,Night,Medium,1061.5,5.51
M106006,3.0,454.6,77.5,7.204,11.12,0.1,1,Night,Medium,1460.6,12.22
M106007,1.3,384.3,73.7,3.8,10.41,2.4,1,Day,Medium,1445.1,4.83
M106008,6.2,445.0,88.6,2.603,9.76,0.0,0,Night,Medium,1557.2,9.03
M106009,8.6,370.9,,1.344,9.3,0.0,1,Night,Low,1289.0,5.86
M106010,0.4,286.3,63.4,3.008,6.85,2.8,1,Day,High,1191.9,3.89
M106011,9.8,383.7,61.1,2.488,6.52,6.9,0,Day,Low,1170.7,4.69
M106012,10.1,474.5,68.5,2.442,8.95,1.9,1,Day,Medium,1304.2,3.85
M106013,7.2,453.5,74.1,5.319,11.4,0.0,1,Night,Low,1429.7,12.46
M106014,3.5,422.6,65.3,3.455,8.44,0.0,1,Day,Medium,1296.6,3.34
M106015,3.1,496.3,51.8,1.432,8.5,0.0,1,Rotational,High,1128.8,4.47
M106016,11.1,402.7,59.9,4.524,8.04,1.6,2,Night,Low,1215.1,7.61
M106017,1.0,424.8,68.2,1.505,7.56,4.9,0,Night,Medium,1330.4,4.4
M106018,11.3,379.2,76.1,4.696,8.13,1.9,4,Day,High,1342.1,6.18
M106019,6.3,501.3,,2.618,9.92,1.5,0,Day,Medium,1183.3,6.09
M106020,6.6,444.8,70.9,3.468,8.76,0.7,1,Day,Low,1310.1,7.44
M106021,0.2,372.7,70.4,3.279,8.69,2.4,1,Day,High,1297.6,4.08
M106022,6.4,293.4,63.0,3.083,8.56,3.0,1,Day,Medium,1134.5,3.58
M106023,9.5,513.9,61.5,3.687,9.86,2.0,3,Night,High,1471.2,4.41
M106024,1.7,356.8,59.9,3.459,10.09,0.1,4,Night,Low,1126.8,8.66
M106025,9.0,426.1,69.5,8.456,6.7,3.3,3,Rotational,High,1286.0,10.79
M106026,7.4,620.0,80.4,,8.36,0.0,1,Night,High,1557.3,8.41
M106027,4.4,488.1,81.2,3.757,9.37,1.5,1,Day,Medium,1345.9,6.7
M106028,10.4,556.9,55.6,2.329,10.16,,4,Night,Medium,1390.1,7.03
M106029,0.0,374.3,,4.017,9.69,0.0,2,Day,High,1225.6,3.18
M106030,8.4,511.0,43.9,1.99,10.73,,2,Rotational,Medium,1248.2,8.65
M106031,13.5,422.3,69.2,5.901,7.38,1.1,1,Day,High,1308.7,6.88
M106032,12.8,451.1,74.6,1.581,10.12,1.7,3,Night,Medium,1456.1,5.66
M106033,8.6,591.8,85.3,2.177,12.58,1.9,1,Rotational,Medium,1681.2,7.54
M106034,5.8,396.3,48.3,1.47,9.57,2.9,2,Day,Low,1048.6,5.77
M106035,4.5,421.6,56.0,4.095,9.63,1.5,2,Day,High,1310.8,3.53
M106036,5.8,343.2,69.6,2.686,10.28,0.0,1,Night,Medium,1287.5,5.47
M106037,9.2,495.5,50.2,4.678,8.68,5.7,1,Day,High,1293.4,6.24
M106038,3.8,372.3,69.9,2.038,8.08,0.8,2,Rotational,Medium,1241.1,3.23
M106039,10.0,506.9,74.9,4.331,9.59,0.0,1,Day,Low,1475.9,8.76
M106040,15.5,279.8,53.9,4.437,7.02,3.0,2,Day,Medium,1007.6,6.41
M106041,6.8,466.6,69.5,3.691,10.09,2.5,1,Rotational,Medium,1441.0,6.4
M106042,1.6,365.3,54.7,3.372,10.35,2.1,1,Day,Medium,1003.1,6.12
M106043,1.6,482.1,83.1,3.556,7.09,3.8,2,Rotational,Low,1421.7,8.85
M106044,10.1,418.8,70.3,2.106,9.74,0.6,3,Night,Low,1362.7,8.74
M106045,6.8,374.5,61.0,1.939,9.18,0.8,2,Rotational,Medium,1273.5,4.3
M106046,10.5,387.1,54.4,4.358,11.72,2.7,4,Day,Medium,1245.5,8.47
M106047,4.9,347.7,72.3,2.761,11.46,0.1,1,Rotational,Medium,1303.3,5.63
M106048,10.3,491.2,82.9,4.165,10.76,0.0,1,Day,Medium,1572.3,7.8
M106049,6.4,330.9,59.5,7.21,11.32,0.0,3,Night,Medium,1343.9,11.75
M106050,4.1,397.3,63.2,2.642,8.95,2.2,1,Night,Medium,1233.4,5.39
M106051,5.4,449.3,59.7,2.459,9.89,0.0,0,Day,High,1241.3,3.65
M106052,2.2,557.1,85.1,2.823,9.12,0.9,2,Rotational,Medium,1633.2,8.87
M106053,15.0,419.2,47.0,3.385,8.0,0.1,2,Day,High,1043.2,7.45
M106054,6.6,399.4,,4.513,9.62,0.0,2,Rotational,Medium,1443.9,8.4
M106055,9.6,443.3,63.9,3.273,9.38,3.9,3,Day,Medium,1309.6,5.44
M106056,4.9,243.8,67.2,9.387,9.2,3.7,1,Night,High,1093.5,9.86
M106057,2.8,318.1,64.3,4.098,9.41,3.9,1,Day,High,1137.4,3.37
M106058,6.1,388.1,70.6,4.906,9.59,1.6,2,Night,Low,1416.4,9.76
M106059,11.4,359.4,60.0,3.259,10.83,0.7,3,Night,Medium,1135.1,8.73
M106060,4.9,283.9,79.6,5.506,8.62,1.1,3,Day,Low,1213.3,7.89
M106061,3.5,492.9,80.1,2.996,7.58,3.4,3,Rotational,Medium,1447.5,8.34
M106062,7.6,442.1,57.2,2.406,10.52,0.0,0,Rotational,Medium,1184.1,6.04
M106063,9.0,431.9,75.3,5.221,10.78,0.4,5,Rotational,High,1453.0,9.03
M106064,13.6,361.0,64.1,3.226,10.04,1.0,1,Rotational,High,1239.9,5.11
M106065,8.4,426.7,68.6,3.753,7.79,2.9,0,Day,Medium,1316.0,4.39
M106066,9.6,463.7,,5.425,9.3,2.6,4,Rotational,Medium,1573.8,10.45
M106067,9.9,397.5,60.6,3.559,9.93,2.5,4,Night,Medium,1243.1,8.99
M106068,2.4,457.8,78.2,3.081,7.9,1.6,0,Day,,1467.8,6.64
M106069,3.1,352.3,73.0,2.54,8.35,1.7,1,Night,Medium,1153.7,5.83
M106070,2.7,428.3,65.9,5.645,9.28,0.7,1,Night,,1280.7,7.68
M106071,1.7,517.1,,,11.27,0.2,2,Day,Low,1364.2,6.53
M106072,10.2,524.7,70.7,3.236,9.84,0.8,2,Day,Medium,1450.8,4.77
M106073,8.2,532.8,55.3,3.832,8.64,0.5,2,Night,Medium,1335.0,10.27
M106074,7.3,444.3,61.3,3.824,9.2,0.0,3,Day,High,1170.9,5.87
M106075,0.0,422.7,56.5,5.512,8.5,2.5,1,Day,Medium,1046.6,7.84
M106076,15.2,381.9,65.0,3.206,8.88,0.0,2,Rotational,Low,1178.4,6.06
M106077,3.4,266.4,82.8,6.607,10.58,0.0,1,Night,Medium,1386.5,12.99
M106078,15.2,305.7,74.4,2.932,6.62,0.0,3,Day,Medium,1201.5,6.15
M106079,1.2,405.7,52.2,3.996,11.47,0.3,0,Night,Low,1144.7,9.81
M106080,3.8,410.8,,3.029,12.78,0.0,3,Day,Medium,1357.2,5.9
M106081,0.0,540.0,70.6,9.455,9.74,0.0,2,Night,Medium,1350.4,17.04
M106082,8.4,531.8,76.2,2.786,8.25,1.8,2,Day,,1461.9,5.83
M106083,2.6,361.6,60.8,2.915,11.24,0.2,1,,High,1176.6,3.96
M106084,2.7,489.6,54.4,3.516,9.92,0.8,1,Day,Medium,1286.2,5.97
M106085,1.5,379.4,67.4,2.906,8.71,0.0,2,Rotational,High,1151.8,3.09
M106086,10.1,478.0,74.3,3.885,8.04,2.9,1,Day,Low,1383.2,7.72
M106087,9.8,488.5,70.6,6.138,8.89,1.2,3,Night,High,1353.4,8.51
M106088,14.2,525.6,58.3,3.574,9.79,1.9,1,Rotational,Medium,1367.9,7.09
M106089,4.3,378.1,87.3,3.641,10.84,,1,Day,Medium,1441.7,7.83
M106090,7.9,506.2,66.9,2.961,9.93,2.0,2,Day,Low,1256.1,5.95
M106091,1.8,260.8,70.1,2.579,10.18,0.0,1,Rotational,Medium,1231.0,3.27
M106092,5.7,530.2,60.7,3.484,9.0,1.3,0,Day,Medium,1236.6,6.6
M106093,4.9,417.9,80.2,3.333,10.78,0.9,0,Day,Medium,1442.7,5.53
M106094,8.9,419.7,74.3,5.969,9.19,4.0,5,Day,Medium,1376.6,9.24
M106095,11.1,246.8,71.5,2.055,12.26,4.4,3,Night,High,1111.2,3.81
M106096,11.0,387.0,55.3,6.871,8.52,2.6,2,Day,Medium,1049.2,9.84
M106097,3.6,535.2,80.0,3.085,10.09,0.0,1,Night,Medium,1601.2,7.4
M106098,11.0,383.7,76.3,3.576,12.78,2.8,0,Day,Medium,1487.6,5.42
M106099,6.8,480.6,79.2,1.95,11.06,2.3,2,Night,Medium,1496.7,7.09
M106100,5.7,422.9,68.4,4.397,10.62,,2,Rotational,,1267.4,8.39
M106101,4.2,510.3,67.2,2.054,9.95,2.4,1,Rotational,Medium,1540.5,5.38
M106102,4.8,436.3,66.0,4.002,9.58,2.0,2,Night,Low,1314.5,8.97
M106103,14.0,340.8,93.1,,9.24,1.9,0,Day,Medium,1522.5,12.93
M106104,8.2,424.8,62.0,2.821,8.66,1.0,1,Rotational,Low,1182.5,6.37
M106105,7.7,556.1,55.0,1.182,7.2,0.4,1,Day,Low,1168.6,5.5
M106106,6.0,462.3,63.9,9.78,10.46,4.1,0,Rotational,Medium,1381.5,11.4
M106107,16.8,410.1,62.1,1.96,7.19,,2,Day,Medium,1160.4,3.9
M106108,12.2,611.7,81.9,3.805,10.48,4.1,0,Day,Low,1647.5,9.13
M106109,4.1,518.5,53.1,2.305,9.04,1.0,2,Night,Low,1215.2,8.06
M106110,5.9,489.4,61.8,5.607,8.07,0.5,4,Night,High,1349.5,11.06
M106111,6.1,447.0,70.1,2.746,11.61,1.4,2,Rotational,Medium,1383.7,5.42
M106112,7.6,482.1,82.0,2.28,7.33,3.1,0,Day,High,1471.0,3.88
M106113,4.2,484.8,75.8,4.471,8.5,2.8,2,Day,Medium,1417.9,5.88
M106114,8.8,234.5,85.8,1.758,8.64,1.4,2,Day,Low,1199.4,9.25
M106115,12.8,453.6,71.8,2.7,9.72,0.6,3,Night,Medium,1320.5,7.72
M106116,1.7,406.3,65.8,4.689,8.58,0.0,2,Rotational,Medium,1257.3,6.22
M106117,2.5,377.5,77.4,7.053,11.69,1.8,1,Day,Medium,1382.6,11.99
M106118,5.1,403.4,53.0,2.052,7.44,3.1,2,Night,Medium,1065.3,5.75
M106119,5.3,287.8,49.2,2.445,14.5,3.1,0,Day,High,1203.6,2.26
M106120,15.0,266.6,78.7,3.959,7.91,1.4,3,Night,Medium,1207.1,7.93
M106121,11.0,526.0,70.3,1.223,13.93,1.7,1,Day,High,1656.5,2.5
M106122,10.8,459.3,78.6,6.546,11.14,0.0,5,Day,Low,1465.0,12.74
M106123,5.9,214.9,58.6,2.014,9.33,2.2,3,Rotational,Low,978.2,5.62
M106124,5.9,371.0,82.1,2.668,9.84,1.5,1,Rotational,Low,1493.9,9.79
M106125,1.2,494.8,75.4,3.783,8.93,0.6,1,Night,High,1441.4,6.33
M106126,10.1,396.2,67.7,3.406,10.02,0.0,0,Day,Low,1368.7,6.06
M106127,9.0,525.8,70.3,2.051,8.39,1.6,1,Night,High,,4.17
M106128,12.1,509.2,71.8,7.852,10.56,2.5,4,Night,High,1318.4,12.62
M106129,6.2,304.7,58.6,0.916,9.77,4.9,1,Day,Medium,948.0,3.63
M106130,6.4,407.8,63.8,1.895,8.02,0.4,2,Day,High,1119.3,1.63
M106131,7.7,381.9,71.6,2.415,10.14,2.3,0,Day,Medium,1231.9,1.88
M106132,10.6,301.9,63.3,2.065,10.05,3.0,0,Night,Medium,1189.1,3.27
M106133,1.1,296.4,,6.109,8.42,0.7,3,Night,High,983.5,8.18
M106134,9.9,351.5,71.2,1.449,8.86,0.5,1,Night,Low,1230.5,6.21
M106135,6.9,365.5,77.2,7.234,10.27,0.9,1,Night,Low,1279.7,14.46
M106136,2.8,444.1,79.8,2.889,11.14,1.0,0,Night,Low,1529.5,8.46
M106137,0.0,508.8,73.9,1.681,9.29,0.0,1,Day,Medium,1471.5,4.49
M106138,6.5,463.7,77.0,1.161,10.9,4.2,1,Day,Medium,1363.5,3.63
M106139,12.8,483.8,78.9,2.982,11.25,3.8,1,Day,High,1483.3,4.77
M106140,13.7,397.3,68.9,,11.45,4.6,3,Night,Low,1284.2,7.24
M106141,8.4,471.3,44.7,3.737,10.13,6.2,1,Day,Medium,1229.5,6.56
M106142,14.8,407.4,80.8,2.65,8.15,,2,Day,High,1391.7,7.93
M106143,6.8,382.5,58.2,5.354,10.84,3.6,2,Night,High,1196.6,7.41
M106144,10.8,581.3,55.6,3.092,9.21,3.2,3,Night,High,1322.1,6.46
M106145,5.2,221.9,55.9,2.686,10.26,3.4,1,Day,Medium,1026.7,2.76
M106146,4.9,260.8,95.3,5.401,8.56,0.1,2,Rotational,Low,1418.1,16.06
M106147,4.3,452.5,72.8,3.721,8.6,0.8,1,Day,Medium,1222.9,6.08
M106148,0.0,397.5,56.5,4.891,8.45,1.6,2,Day,Low,1134.1,8.15
M106149,12.1,297.9,60.5,5.896,7.51,3.0,0,Day,High,1236.7,6.0
M106150,4.4,330.4,68.0,2.867,8.62,4.9,2,Night,Medium,1135.4,4.47
M106151,3.8,341.4,74.0,3.384,7.95,1.8,1,Day,High,1301.8,3.94
M106152,2.3,495.8,71.1,5.063,10.35,0.2,0,Day,Medium,1452.5,8.74
M106153,6.2,523.1,57.8,0.975,7.9,0.2,2,Day,Medium,1240.4,3.66
M106154,14.1,559.4,71.5,3.155,8.5,4.2,2,Rotational,Low,1374.6,8.7
M106155,15.4,284.9,61.3,2.967,9.5,2.3,2,Day,High,1139.4,3.28
M106156,0.4,303.8,79.5,4.003,12.22,1.8,2,Day,High,1351.1,5.48
M106157,5.6,298.0,68.6,2.224,8.46,0.0,0,Day,Medium,1159.6,3.89
M106158,2.9,529.6,59.6,5.742,7.43,1.9,2,Day,Low,1284.8,6.49
M106159,11.0,455.5,75.6,2.296,7.53,0.0,1,Rotational,Medium,1297.1,6.53
M106160,8.1,426.8,72.2,2.639,8.21,3.3,1,Night,High,1289.1,3.96
M106161,4.5,439.5,62.8,2.382,8.51,0.0,0,Day,High,1279.0,2.63
M106162,7.3,415.2,76.0,6.141,12.96,1.1,2,Rotational,,1455.4,10.29
M106163,5.1,324.7,74.9,1.17,10.95,0.5,0,Night,Low,1205.4,6.46
M106164,13.5,463.6,81.2,8.113,9.03,1.4,7,Day,High,1478.5,14.47
M106165,9.2,404.2,75.8,6.936,12.28,1.7,2,Day,Medium,1463.4,10.63
M106166,9.7,318.0,65.6,2.503,8.58,4.1,0,Night,Low,1197.7,4.68
M106167,0.0,468.8,49.4,5.548,8.88,1.5,0,Rotational,High,1125.3,7.11
M106168,6.7,383.8,70.1,3.543,8.79,0.5,2,Night,High,1208.9,6.22
M106169,15.3,439.3,71.8,7.587,11.04,5.1,1,Night,Low,1315.7,13.47
M106170,12.3,409.4,68.6,5.341,9.4,4.3,0,Day,Low,1265.8,8.83
M106171,0.0,495.8,35.0,9.94,11.76,0.0,2,Day,Low,1133.9,22.48
M106172,5.7,438.7,75.5,1.52,10.15,3.3,1,Day,Medium,1361.4,3.08
M106173,2.2,344.9,58.0,,10.86,0.1,2,Day,Low,1270.3,6.74
M106174,13.8,447.4,75.5,1.402,6.78,1.4,2,Rotational,High,1291.7,3.98
M106175,8.0,450.1,86.7,2.562,6.95,2.7,4,Rotational,Low,,9.69
M106176,3.9,463.5,65.2,10.225,7.0,2.4,4,Day,High,,12.08
M106177,7.1,508.0,72.8,4.196,8.86,1.8,1,Day,,1374.7,4.02
M106178,0.0,367.6,68.4,5.432,7.19,1.0,1,Rotational,High,1124.3,5.2
M106179,2.7,476.8,73.8,4.293,11.36,1.2,0,Day,Low,1481.7,5.77
M106180,7.1,273.4,69.1,4.159,9.2,3.2,1,Day,Low,1159.1,6.79
M106181,10.4,409.8,62.3,2.557,10.42,1.8,2,Day,High,1207.5,2.24
M106182,0.0,396.7,58.0,2.33,8.76,2.7,1,Night,Low,1159.3,5.49
M106183,5.5,543.1,85.5,2.523,10.74,1.4,2,Rotational,Low,1626.2,9.4
M106184,11.0,406.7,72.8,0.848,6.55,3.1,1,Rotational,Low,1204.4,5.18
M106185,1.2,471.7,77.1,,9.43,1.5,1,Day,Medium,1437.6,5.81
M106186,7.9,270.2,72.4,3.743,10.25,0.2,2,Rotational,High,1092.1,5.52
M106187,7.3,390.1,78.7,2.436,10.38,0.0,0,Day,Medium,1316.0,3.8
M106188,13.9,348.1,58.1,3.11,9.02,3.6,5,Night,Medium,1174.6,7.69
M106189,6.1,630.4,68.9,4.317,6.93,1.0,2,Rotational,Medium,1406.1,7.32
M106190,6.3,363.3,73.6,5.168,11.02,0.3,1,Day,High,1377.4,5.2
M106191,10.4,426.2,82.2,1.824,8.91,3.0,1,Day,Low,1460.2,6.55
M106192,1.7,430.8,97.4,2.231,9.04,2.4,0,Night,Low,1645.0,13.4
M106193,6.1,284.9,72.5,4.838,12.83,0.1,3,Rotational,Medium,1342.3,5.37
M106194,5.2,375.3,60.7,4.457,9.64,5.1,2,Night,Medium,1237.7,7.46
M106195,6.4,454.4,54.8,6.503,8.72,0.0,2,Rotational,High,1085.3,7.69
M106196,10.4,427.3,58.0,6.369,8.63,1.4,1,Night,High,1277.5,11.13
M106197,9.2,224.5,59.5,11.105,10.47,1.5,3,Day,High,1093.9,10.84
M106198,4.0,371.8,,2.868,8.27,0.0,0,Rotational,Low,1051.2,13.01
M106199,7.5,506.8,60.6,7.31,10.27,0.5,2,Rotational,High,1308.7,9.95
M106200,13.0,470.0,75.9,2.096,11.15,2.6,1,Night,Medium,1409.2,7.74
M106201,3.7,523.5,68.8,10.99,9.37,1.5,2,Day,High,1460.9,11.66
M106202,7.6,336.2,65.2,4.168,10.98,1.7,2,Day,High,1279.7,5.8
M106203,6.2,528.9,50.2,4.354,9.4,0.5,3,Day,Medium,1109.6,9.88
M106204,6.7,416.2,79.6,5.446,8.47,1.0,3,Day,Low,1377.4,10.58
M106205,0.5,555.3,73.6,1.686,7.0,1.8,1,Day,Medium,1372.6,4.74
M106206,12.6,420.3,67.9,1.94,9.91,1.0,2,Night,High,1273.9,3.88
M106207,3.9,246.0,43.8,3.518,9.94,1.5,2,Day,Low,912.0,9.59
M106208,11.1,492.2,62.6,3.947,10.97,2.0,0,Day,Medium,1287.5,4.88
M106209,4.5,382.3,72.8,9.405,10.83,2.2,4,Rotational,Low,1407.6,15.08
M106210,4.5,388.0,67.7,2.066,12.6,0.0,1,Night,Medium,1292.9,5.65
M106211,11.9,296.5,70.1,7.171,8.63,3.0,4,Day,Medium,1135.3,9.58
M106212,11.0,557.9,75.5,2.907,10.03,3.3,1,,Low,1431.5,6.29
M106213,7.8,375.7,69.7,2.887,8.47,1.4,1,Day,High,1264.8,3.01
M106214,10.0,553.9,75.1,3.059,10.9,0.5,2,Night,Low,1451.2,8.93
M106215,5.8,383.3,58.7,2.85,8.11,2.1,4,Rotational,Medium,1168.6,5.89
M106216,7.0,341.1,54.5,4.235,10.87,0.5,4,Night,Medium,1190.1,9.57
M106217,4.4,532.2,73.3,2.725,8.4,4.0,1,Day,Low,1391.4,5.81
M106218,10.6,413.8,75.5,1.64,10.65,4.0,3,Night,Low,1480.4,7.82
M106219,4.2,414.6,73.7,2.904,11.31,5.4,0,Day,Low,1375.9,4.86
M106220,12.9,311.1,69.4,4.172,7.17,0.5,1,Rotational,Medium,1222.4,4.67
M106221,5.7,381.1,64.4,1.647,7.48,3.7,2,Night,Low,1223.3,5.44
M106222,7.1,456.4,70.3,4.441,9.85,0.9,1,Night,Medium,1321.6,8.67
M106223,10.0,309.6,72.2,5.991,9.69,4.7,2,Rotational,Medium,1249.2,10.65
M106224,7.1,374.2,72.8,6.959,9.06,2.4,5,Rotational,High,1304.9,7.0
M106225,5.8,384.3,96.7,3.931,8.79,1.9,2,Night,Medium,1479.4,14.7
M106226,6.9,425.6,57.9,1.347,8.22,3.4,0,Day,Medium,1101.0,3.12
M106227,10.6,545.8,103.5,4.59,10.0,3.0,3,Rotational,Medium,1741.6,19.37
M106228,4.3,394.5,54.2,5.385,8.05,1.7,3,Day,Low,1055.4,7.81
M106229,6.5,361.3,72.2,,10.05,1.4,0,Day,Low,1150.2,4.53
M106230,7.0,653.4,54.9,3.202,8.64,0.8,4,Day,Low,1482.6,8.88
M106231,10.5,383.2,71.4,4.228,8.87,0.5,2,Rotational,Medium,1251.7,7.77
M106232,6.6,403.8,,8.114,11.32,2.3,2,Day,Low,1511.9,10.38
M106233,14.2,389.6,68.4,2.921,10.93,,1,Night,Medium,1343.2,6.29
M106234,6.4,396.5,78.7,5.184,8.0,1.3,1,Night,Medium,1298.4,10.39
M106235,6.0,426.6,63.3,3.889,8.19,0.0,3,Rotational,High,1271.2,5.97
M106236,6.3,498.3,45.5,3.668,10.67,2.2,0,Rotational,Low,1118.8,9.06
M106237,1.7,454.3,74.9,6.457,7.35,0.0,5,Day,High,1457.5,11.69
M106238,2.9,511.6,68.3,2.191,11.68,5.0,1,Day,Medium,1396.0,2.89
M106239,4.9,508.7,62.7,3.726,9.7,0.7,1,Rotational,Low,1281.5,7.58
M106240,11.5,437.7,63.5,3.366,8.63,2.7,2,Day,Low,1316.9,6.71
M106241,6.9,452.0,72.5,1.563,9.52,0.0,1,Rotational,Medium,1365.9,5.17
M106242,5.1,514.2,59.0,6.149,11.54,2.4,3,Night,Medium,1437.1,10.51
M106243,11.9,325.5,72.1,5.025,6.3,5.0,1,Day,Low,1118.4,7.57
M106244,13.2,632.3,81.1,3.377,11.04,3.8,1,Day,Medium,1781.4,7.58
M106245,12.0,376.4,90.7,2.913,11.29,2.8,2,Day,Low,1458.3,9.75
M106246,3.6,390.2,83.4,3.32,9.02,0.0,0,Day,High,1442.5,4.68
M106247,5.0,317.0,69.8,4.729,9.39,2.2,4,Day,Low,1176.0,8.89
M106248,14.3,319.5,70.8,3.409,9.7,6.7,4,Day,Medium,1235.1,5.24
M106249,8.0,502.8,63.6,2.378,10.6,0.0,2,Rotational,Medium,1430.6,5.55
M106250,5.9,613.0,62.9,2.564,8.41,3.3,3,Night,Low,1343.7,8.71
M106251,9.9,371.8,77.6,3.3,9.48,0.7,1,Day,Medium,1453.5,5.91
M106252,11.0,449.5,64.6,2.083,9.35,0.3,4,Day,Medium,1329.3,6.0
M106253,4.7,438.7,72.0,3.922,10.52,0.6,3,Night,Medium,1265.6,7.03
M106254,7.9,505.0,57.4,2.233,13.51,1.8,1,Night,Medium,1345.5,7.53
M106255,10.7,608.6,83.1,2.06,8.4,0.4,3,Night,Low,1596.2,12.8
M106256,2.4,549.3,64.5,12.0,9.62,4.1,6,Night,Low,1391.0,22.11
M106257,7.0,399.7,80.0,8.758,8.36,0.6,3,Night,Low,1309.2,18.42
M106258,2.5,464.9,60.3,3.568,8.77,0.0,2,Rotational,Medium,1203.8,6.39
M106259,3.1,473.4,59.7,5.081,7.89,0.5,1,Day,Medium,1145.8,8.2
M106260,4.7,418.3,82.6,5.532,7.2,0.2,5,Night,High,1474.7,11.19
M106261,8.9,326.8,61.1,3.197,11.27,4.5,2,Day,Low,1081.6,6.72
M106262,5.7,352.1,50.8,3.824,10.03,4.1,1,Day,Low,971.6,5.8
M106263,4.4,517.6,56.6,2.912,9.64,2.0,0,Rotational,Medium,1221.7,4.51
M106264,7.2,526.4,77.4,6.22,8.19,0.8,2,Rotational,Medium,1417.4,12.49
M106265,2.4,402.4,76.4,6.263,9.39,2.2,2,Day,High,1322.0,7.3
M106266,8.7,442.2,59.6,7.25,7.77,2.6,1,Night,Medium,,11.18
M106267,11.5,521.8,,3.792,9.46,6.8,1,Night,Low,1385.8,6.01
M106268,6.7,275.1,98.6,25.0,10.0,3.2,4,Rotational,High,1557.7,48.08
M106269,6.2,382.1,82.5,3.196,8.69,2.7,2,Night,Medium,1350.3,7.55
M106270,8.5,591.5,67.2,9.239,8.36,0.0,4,Night,Medium,1454.7,14.21
M106271,0.0,445.4,74.1,2.634,8.76,2.9,0,Day,Low,1456.5,4.45
M106272,9.1,324.0,77.6,1.735,10.72,0.6,2,Day,Low,1383.4,5.35
M106273,19.4,430.0,91.7,,9.8,4.2,3,Rotational,High,1417.6,18.16
M106274,6.5,506.8,55.3,4.619,7.09,0.2,2,Day,Low,1190.3,8.75
M106275,6.5,203.5,60.6,4.304,10.59,0.0,1,Night,,1131.9,4.44
M106276,10.0,435.0,62.4,2.773,10.31,3.8,4,Day,Medium,1150.5,5.78
M106277,13.6,388.3,77.1,2.176,9.78,2.3,0,Day,High,1365.7,2.99
M106278,10.9,280.4,65.2,2.282,11.97,3.5,2,Day,Low,1184.5,4.63
M106279,0.0,427.0,71.4,3.558,9.54,2.0,1,Day,Medium,1462.9,5.99
M106280,9.3,408.4,69.3,3.08,10.15,1.7,1,Night,Low,1335.5,6.65
M106281,17.3,418.0,68.0,1.258,10.2,1.6,1,Day,Medium,1346.4,4.16
M106282,9.5,390.4,69.2,7.744,10.82,1.4,3,Night,Low,1383.2,12.56
M106283,2.4,333.2,79.3,2.692,9.17,1.3,1,Rotational,Low,1155.4,7.64
M106284,8.1,296.3,57.3,6.167,8.53,0.7,3,Night,High,1086.5,7.75
M106285,1.9,361.3,66.4,2.333,10.96,0.5,2,Day,Low,1217.4,5.22
M106286,11.9,493.0,54.6,3.587,10.88,4.1,3,Day,,1194.1,5.05
M106287,3.2,439.8,70.5,5.399,11.41,0.0,1,Day,Medium,1361.3,6.86
M106288,7.3,414.1,65.8,5.039,10.12,1.1,1,Night,Medium,1269.8,7.3
M106289,3.6,331.6,79.8,2.904,7.03,0.8,1,Rotational,Medium,1292.0,6.6
M106290,4.8,388.2,67.9,4.283,9.75,0.0,0,Rotational,High,1324.0,5.23
M106291,12.9,482.7,63.1,4.655,9.55,1.7,2,Day,Medium,1395.7,7.32
M106292,7.4,462.9,65.3,3.083,11.34,1.9,1,Rotational,Low,1305.7,6.93
M106293,4.8,379.4,87.0,1.902,11.09,1.3,0,Night,Medium,1487.2,7.97
M106294,2.4,198.0,50.7,2.43,10.42,0.0,2,Rotational,,784.2,7.03
M106295,0.0,362.6,61.1,2.747,6.39,1.6,0,Day,Medium,1043.6,2.3
M106296,2.0,379.0,68.4,3.364,8.26,1.1,1,Day,Low,1256.7,5.41
M106297,7.4,342.9,61.0,7.361,8.95,2.8,1,Rotational,Medium,1188.5,9.91
M106298,10.9,384.9,73.4,5.226,8.99,3.9,1,Day,High,1468.3,6.6
M106299,4.8,489.4,67.4,2.208,9.75,2.3,1,Day,Low,1345.2,5.13
M106300,13.3,416.8,70.8,8.317,11.72,2.4,4,Rotational,Low,1327.7,14.01
M106301,4.1,504.1,69.3,3.192,10.67,1.2,2,Rotational,High,1405.8,5.05
M106302,6.0,291.8,66.9,4.647,8.12,2.0,2,Day,Low,1122.0,7.2
M106303,2.7,394.1,53.8,2.076,8.26,1.6,0,Day,Medium,1036.3,4.05
M106304,11.0,255.2,69.9,2.648,8.12,3.3,0,Rotational,Medium,1160.3,3.84
M106305,15.4,383.7,48.6,5.579,9.32,0.0,3,Day,Low,982.9,11.88
M106306,0.0,331.1,60.6,2.139,10.71,1.3,1,Day,Low,1199.8,3.82
M106307,5.6,528.9,73.4,3.413,10.95,0.0,1,Day,Low,1492.7,7.57
M106308,12.1,454.8,81.1,4.202,8.94,3.9,1,Day,High,,7.51
M106309,1.2,506.3,93.8,1.991,9.45,0.6,3,Day,Low,1671.3,10.7
M106310,9.3,383.5,63.3,1.365,12.01,2.4,0,Day,Medium,1368.3,3.13
M106311,11.9,333.3,58.5,5.226,7.27,2.7,0,Day,Medium,1070.1,6.62
M106312,7.3,330.6,73.7,12.0,10.46,1.5,5,Night,Low,1299.1,20.29
M106313,9.2,442.6,88.6,4.176,10.29,2.6,2,Day,Low,1562.3,12.59
M106314,14.0,573.9,84.9,4.597,9.06,1.2,3,Day,Medium,1571.4,12.25
M106315,14.8,455.1,56.6,,9.47,0.0,2,Night,Medium,1282.1,6.4
M106316,6.8,388.1,66.5,6.923,10.13,1.3,4,Day,High,1187.5,10.38
M106317,4.9,404.0,77.4,,9.06,2.4,3,Day,Medium,1390.5,5.87
M106318,3.3,417.3,78.1,5.941,8.54,0.0,2,Day,Medium,1353.0,8.19
M106319,10.9,592.3,74.5,4.498,8.43,5.3,1,Rotational,Medium,1524.1,6.93
M106320,1.5,524.9,63.1,4.553,12.29,2.3,4,Day,High,1362.6,6.97
M106321,6.0,442.1,,4.467,8.84,0.0,2,Night,Low,1494.1,10.03
M106322,7.4,429.3,,4.396,9.8,0.8,1,Night,Low,1452.5,8.48
M106323,5.0,445.4,57.7,3.826,10.68,1.9,1,Day,Medium,1227.7,6.91
M106324,8.1,462.0,82.6,5.39,9.18,0.0,2,Rotational,Medium,1485.2,12.17
M106325,17.3,384.9,78.9,2.309,9.55,5.6,1,Rotational,Medium,1382.4,6.29
M106326,6.5,348.3,59.8,2.946,10.25,1.3,3,Day,Low,1198.1,5.92
M106327,5.3,507.7,78.2,6.917,8.23,1.0,8,Rotational,High,1446.9,14.14
M106328,11.1,421.9,76.9,3.62,7.2,4.1,3,Day,High,1399.0,4.15
M106329,8.0,500.6,,2.821,8.4,1.5,2,Rotational,Medium,1269.5,5.63
M106330,12.8,559.9,85.3,5.57,12.09,0.0,2,Night,Medium,1620.7,13.39
M106331,7.7,464.3,67.9,5.047,8.64,1.7,1,Night,High,1317.0,7.24
M106332,6.0,450.5,71.6,1.733,9.7,0.5,2,Rotational,Medium,1279.8,4.92
M106333,0.0,692.0,39.0,4.783,7.51,2.3,2,Rotational,High,1227.3,9.81
M106334,0.5,437.6,80.3,3.556,11.51,1.8,2,Day,Medium,1539.7,6.88
M106335,0.0,327.3,79.2,4.74,9.05,0.2,3,Day,Medium,1428.0,5.59
M106336,8.5,396.1,82.9,3.338,8.82,0.0,1,Day,Low,1463.5,9.14
M106337,1.6,551.9,57.7,4.188,9.3,0.6,1,Day,Medium,1336.9,4.32
M106338,12.0,310.0,78.6,1.329,13.27,1.8,3,Night,Low,1435.6,8.53
M106339,7.1,356.0,79.2,2.122,10.16,0.5,0,Rotational,Low,1342.1,6.97
M106340,6.0,514.0,60.8,4.807,9.26,0.0,5,Rotational,High,1269.5,8.72
M106341,3.6,396.9,79.6,12.0,5.5,0.0,4,Day,High,1295.0,17.8
M106342,9.5,410.6,73.1,3.989,11.53,2.7,1,Day,Medium,1426.4,6.59
M106343,3.8,511.2,49.3,2.348,8.46,0.6,2,Rotational,Medium,1113.0,8.08
M106344,3.1,359.1,74.4,3.553,8.22,5.0,2,Night,Low,1330.0,6.11
M106345,11.8,295.2,59.6,2.124,8.36,0.9,2,Day,High,1093.6,1.44
M106346,8.4,301.9,49.6,6.202,11.7,1.9,1,Night,Low,1083.4,13.17
M106347,6.1,469.5,72.0,3.401,9.44,0.3,2,Rotational,Low,1334.5,7.21
M106348,9.6,442.0,67.3,5.622,7.22,2.3,0,Day,Medium,,6.79
M106349,7.0,361.1,83.4,3.075,9.19,0.0,0,Night,High,1472.7,7.81
M106350,8.5,321.5,70.0,5.877,8.25,0.5,1,Day,High,1256.8,8.19
M106351,3.7,397.0,76.6,1.474,10.04,0.8,0,Day,High,1397.6,3.01
M106352,15.3,514.9,73.6,3.361,8.92,4.3,2,Day,Low,1382.4,8.39
M106353,4.7,349.0,79.2,4.348,7.15,1.0,0,Rotational,High,1264.0,6.77
M106354,13.2,363.7,58.2,2.903,9.38,3.9,3,Night,Low,1144.5,7.01
M106355,6.2,318.8,70.2,3.974,9.41,1.9,1,Rotational,High,1206.0,5.6
M106356,10.2,388.8,66.5,3.94,7.62,1.1,3,Rotational,Medium,1260.6,4.84
M106357,9.9,448.7,75.2,5.609,6.56,1.4,2,Day,Medium,1215.7,10.19
M106358,11.6,599.8,70.8,4.53,9.92,1.9,2,Night,Medium,1450.2,8.53
M106359,3.6,438.5,61.2,4.041,9.08,1.4,2,Night,Medium,1244.9,8.15
M106360,11.3,415.4,64.3,,9.18,0.0,1,Day,Low,1186.2,8.11
M106361,14.4,493.3,86.1,1.688,10.62,2.9,2,Day,Medium,1508.9,6.35
M106362,6.0,479.2,49.4,2.279,6.59,3.6,0,Rotational,High,1134.6,5.15
M106363,7.1,370.9,75.8,1.661,9.59,1.6,1,Night,Medium,1303.5,5.74
M106364,4.9,615.7,81.7,4.368,10.49,1.8,6,Rotational,Medium,1566.1,10.15
M106365,5.6,417.9,74.4,4.083,9.23,0.0,0,Night,Medium,1316.7,8.27
M106366,13.8,440.1,89.7,6.637,7.38,2.4,2,Day,Medium,1437.9,14.41
M106367,3.0,466.9,78.3,3.958,8.51,1.3,4,Day,Low,1514.9,8.5
M106368,3.2,449.4,72.2,2.421,8.82,0.0,3,Day,High,1275.3,4.51
M106369,13.4,549.7,62.9,3.55,7.13,0.9,1,Day,Low,1338.2,7.24
M106370,9.5,369.9,72.4,1.3,10.06,5.2,0,Day,Medium,1377.9,1.94
M106371,15.5,486.6,75.5,2.707,9.5,3.8,1,Day,Medium,1420.5,5.54
M106372,5.2,434.0,68.0,1.027,8.54,2.7,1,Rotational,Low,1206.0,4.13
M106373,7.5,503.5,59.8,3.913,10.98,4.3,2,Rotational,High,1403.2,4.85
M106374,4.4,401.7,54.8,2.887,8.72,1.3,1,Day,Medium,1129.9,3.77
M106375,7.6,390.2,70.0,3.108,11.72,3.6,2,Night,Medium,1354.5,6.39
M106376,0.0,482.2,51.7,2.084,9.1,0.6,1,Rotational,Medium,1117.6,5.1
M106377,9.7,450.4,62.8,2.376,8.07,1.0,1,Day,High,1235.3,3.58
M106378,8.3,350.3,41.3,4.694,8.11,0.2,6,Rotational,Medium,876.7,13.23
M106379,6.8,534.4,77.2,1.619,9.64,0.2,3,Day,High,1361.0,4.79
M106380,5.4,482.3,80.7,4.275,7.89,1.8,5,Day,High,1354.7,9.32
M106381,3.4,413.7,68.9,2.213,9.72,0.8,1,Night,Medium,1195.8,5.11
M106382,9.9,380.2,88.1,1.433,8.9,1.2,1,Rotational,High,1456.5,6.57
M106383,2.3,451.0,82.8,6.13,8.86,0.0,3,Day,Low,1415.9,12.61
M106384,9.0,476.1,73.3,6.453,9.44,3.3,3,Rotational,High,1483.4,9.96
M106385,15.3,284.5,66.8,2.535,11.01,3.8,2,Day,Low,1233.7,5.64
M106386,12.9,451.9,64.2,2.523,8.69,2.7,1,Day,Medium,1282.6,3.86
M106387,1.0,475.5,74.2,2.929,9.78,1.2,2,Day,Medium,1517.5,7.55
M106388,4.9,220.0,66.4,2.214,10.17,0.6,0,Day,Low,1028.9,2.91
M106389,8.7,436.7,74.0,2.418,7.69,2.5,1,Day,Medium,1454.0,4.2
M106390,6.7,479.0,74.8,4.158,10.28,3.3,1,Rotational,Medium,1380.5,6.91
M106391,1.4,469.4,65.5,,10.72,1.3,3,Day,High,1421.2,12.87
M106392,8.5,488.2,80.1,2.781,10.95,1.5,0,Day,Low,1427.6,7.69
M106393,7.0,392.2,65.5,5.538,7.84,0.5,2,Day,Low,,10.79
M106394,14.7,331.6,,3.961,7.94,1.0,2,Night,High,1262.1,7.46
M106395,6.0,267.0,57.2,1.439,9.42,0.6,0,Day,Low,1082.5,3.8
M106396,11.7,512.8,65.0,3.28,9.33,2.6,2,Rotational,Medium,1350.2,7.28
M106397,1.9,479.8,91.7,3.08,9.53,5.5,2,Day,Medium,1704.3,9.68
M106398,2.9,519.3,58.1,6.905,8.97,1.1,3,Night,Medium,1200.6,10.24
M106399,9.9,358.4,72.8,7.047,9.78,3.2,2,Day,High,1299.3,10.61
M106400,11.3,488.3,63.0,4.008,5.67,0.5,2,Day,High,1138.6,5.53
M106401,3.2,292.3,43.6,6.093,10.49,,4,Rotational,Low,954.2,12.38
M106402,7.1,346.1,74.1,3.086,11.71,3.7,1,Night,High,1288.8,6.65
M106403,1.5,430.7,61.9,5.811,8.67,0.9,1,Night,Low,1215.2,10.75
M106404,6.3,476.4,71.5,3.491,9.8,0.0,2,Day,Low,1342.0,7.84
M106405,10.3,562.7,78.9,5.748,12.02,0.9,2,Day,Medium,1553.6,8.5
M106406,5.3,399.6,70.6,6.048,9.55,1.1,3,Day,Low,1289.9,11.6
M106407,6.0,346.4,71.6,4.75,9.96,2.1,2,Day,High,1311.1,3.96
M106408,2.5,342.0,58.5,2.291,12.26,0.1,2,Day,Low,1169.6,6.79
M106409,4.4,361.5,75.8,2.691,12.55,1.7,2,Day,Low,1369.4,5.54
M106410,14.0,608.8,65.9,4.836,7.91,1.2,4,Day,Medium,1362.8,7.18
M106411,7.3,484.3,46.0,5.19,8.88,1.5,3,Rotational,Medium,1103.0,13.1
M106412,3.0,514.6,77.1,3.594,10.84,1.7,2,Night,High,1364.1,5.21
M106413,5.7,399.7,80.5,2.84,10.25,0.1,0,,High,1387.0,6.81
M106414,0.6,419.9,84.3,3.654,10.56,0.6,1,Day,Medium,1513.0,7.17
M106415,2.9,479.4,91.9,2.889,5.57,2.8,0,Day,Medium,1392.6,10.76
M106416,12.4,377.0,76.5,2.897,6.57,0.0,3,Day,Medium,1284.1,6.0
M106417,6.4,395.2,73.7,8.846,12.18,0.7,4,Night,Medium,1481.7,14.97
M106418,14.6,362.7,80.0,2.618,10.66,3.5,0,Rotational,Medium,1401.6,4.58
M106419,6.6,382.0,58.2,4.28,10.03,2.4,3,Rotational,Medium,1167.9,7.34
M106420,6.9,424.2,49.6,3.584,7.64,1.9,2,Night,Low,1132.1,11.3
M106421,9.6,350.2,62.8,1.798,8.88,2.8,2,Rotational,Low,1174.3,6.93
M106422,0.0,444.3,82.0,1.767,10.35,3.3,4,Night,High,1549.6,7.85
M106423,7.8,444.2,60.7,3.188,7.43,,0,Day,Medium,1162.1,5.95
M106424,6.8,404.8,73.1,1.251,8.44,2.3,0,Night,Medium,1403.6,4.42
M106425,12.9,349.7,74.3,8.291,10.06,0.9,5,Night,Medium,1307.2,14.35
M106426,10.9,428.9,70.7,2.771,10.38,1.1,2,Day,Low,1394.7,5.86
M106427,2.5,377.1,53.9,2.66,8.72,2.9,0,Rotational,Medium,1105.3,3.77
M106428,12.0,424.0,71.8,6.12,10.97,1.3,1,Night,High,1440.2,9.76
M106429,6.0,513.3,63.4,3.095,10.92,1.0,2,Night,Medium,,7.25
M106430,3.4,313.5,86.7,4.598,6.81,2.1,2,Night,Low,1304.6,12.45
M106431,7.8,604.7,80.5,2.494,11.96,0.7,0,Night,Medium,1598.3,8.55
M106432,6.2,413.8,63.8,3.396,11.25,0.0,2,Night,Medium,1177.4,5.74
M106433,13.2,455.0,87.4,5.388,9.81,2.3,3,Day,Medium,1532.4,11.88
M106434,8.4,356.0,71.8,2.158,9.29,4.9,2,Rotational,Medium,1272.1,5.08
M106435,7.8,517.1,49.6,4.323,10.68,,2,Day,High,,6.3
M106436,10.6,409.3,,0.992,10.3,3.7,2,Night,Medium,1322.7,3.75
M106437,11.4,386.5,86.0,6.251,9.09,2.1,6,Night,High,1317.6,15.07
M106438,10.1,371.1,59.0,2.514,11.91,0.6,2,Rotational,Low,1188.8,5.78
M106439,12.7,397.2,67.2,3.181,6.34,3.4,4,Day,Low,1167.9,6.69
M106440,9.4,455.6,53.0,3.161,8.5,0.4,1,Day,Medium,1149.0,4.92
M106441,7.7,434.7,54.8,2.039,10.17,2.9,1,Day,Low,1227.6,4.73
M106442,12.0,416.6,58.8,1.962,9.42,0.7,0,Day,High,1167.6,4.71
M106443,6.6,359.5,,4.309,10.55,0.0,5,Night,Medium,1182.8,8.51
M106444,7.1,354.6,61.2,4.411,7.41,2.7,2,Day,Medium,1202.9,6.39
M106445,13.9,380.8,87.1,2.133,9.12,2.2,3,Night,Medium,1387.9,10.15
M106446,13.5,459.1,67.6,4.352,11.23,1.1,1,Night,Medium,1520.4,7.39
M106447,7.0,476.3,76.6,4.388,7.26,0.5,1,,Medium,1424.6,9.33
M106448,5.2,487.7,80.0,2.748,9.14,,2,Rotational,High,1442.7,3.74
M106449,12.9,419.9,55.8,1.739,8.7,1.2,1,Day,Medium,1109.2,5.77
M106450,10.2,452.6,58.9,3.258,10.05,1.4,1,Night,Medium,1298.7,6.2
M106451,8.3,405.7,76.4,3.985,10.09,1.8,2,Rotational,Low,1466.6,7.48
M106452,5.7,271.9,61.0,3.224,9.65,,1,Rotational,Medium,1107.5,3.75
M106453,8.3,401.6,,2.469,9.07,0.0,1,Day,Medium,1422.9,3.87
M106454,6.9,388.1,86.5,4.193,9.59,2.0,3,Day,Medium,1559.0,9.59
M106455,4.3,331.7,52.0,6.251,9.25,1.6,3,Day,Medium,1136.4,10.15
M106456,7.5,371.8,64.1,2.259,9.45,2.2,1,Day,High,1297.7,1.86
M106457,8.1,431.5,65.8,2.86,11.69,2.5,1,Day,Medium,1331.5,3.85
M106458,5.5,323.7,62.2,12.0,7.7,0.0,6,Night,High,1083.3,20.79
M106459,10.6,359.6,61.3,3.84,10.01,0.1,2,Day,Medium,1163.9,5.53
M106460,12.2,551.6,62.6,1.762,8.09,1.6,0,Day,Low,1300.1,5.4
M106461,10.9,283.8,67.8,2.615,12.43,,2,Rotational,Medium,1210.4,2.94
M106462,5.9,404.4,69.8,2.274,9.63,1.8,4,Rotational,Low,1220.0,7.1
M106463,10.0,320.9,78.5,4.016,7.6,3.2,1,Day,Medium,1388.7,6.28
M106464,7.3,356.1,67.7,3.872,9.15,0.4,4,Night,High,1185.7,6.8
M106465,2.1,403.2,80.3,2.415,7.31,0.0,1,Rotational,Low,1334.2,6.13
M106466,9.7,336.1,61.5,8.399,8.55,1.5,3,Day,High,1127.4,10.87
M106467,7.6,468.8,54.8,3.464,10.42,2.1,1,Night,Medium,1224.2,7.49
M106468,17.4,534.8,64.6,2.644,11.54,5.0,2,Day,Medium,1399.4,5.38
M106469,12.8,491.5,73.1,1.803,11.12,,0,Day,Low,1475.4,6.0
M106470,9.8,507.1,77.5,2.123,9.34,1.1,2,Day,Low,1487.5,5.68
M106471,8.0,302.7,84.1,1.781,10.36,0.0,0,Night,High,1397.4,6.26
M106472,7.7,399.3,71.2,3.018,10.71,4.1,0,Night,Medium,1308.6,4.75
M106473,3.0,459.7,76.3,2.133,12.87,0.2,3,,High,1465.3,6.1
M106474,0.0,494.1,83.1,4.914,8.59,4.2,2,Day,Medium,1574.6,8.58
M106475,3.5,569.0,59.4,2.479,11.76,2.9,1,,Medium,1436.4,5.98
M106476,6.8,510.9,65.7,5.054,7.86,,5,Rotational,Medium,1353.6,7.13
M106477,0.0,496.2,98.5,,11.27,1.2,2,Day,Low,1720.0,15.87
M106478,4.8,643.9,77.4,4.585,8.57,1.2,3,Night,Low,1547.1,9.6
M106479,6.0,428.2,73.6,5.199,8.47,1.9,3,Night,High,1419.6,9.39
M106480,6.1,395.4,77.8,8.995,9.07,0.1,2,Night,Medium,1407.5,12.45
M106481,4.4,435.1,53.3,2.172,8.34,5.4,1,Night,High,1226.3,4.38
M106482,5.6,342.2,60.9,5.068,10.14,1.3,1,Day,Low,1134.0,8.47
M106483,13.9,425.7,56.9,4.051,11.34,5.0,5,Rotational,Low,1253.9,9.38
M106484,9.6,273.2,72.6,5.65,6.33,0.0,2,Night,Low,1146.4,8.22
M106485,4.8,375.0,82.8,9.777,9.24,0.4,2,Night,High,1937.8,15.51
M106486,6.7,410.2,69.0,5.978,7.87,1.5,3,Rotational,High,1324.6,9.69
M106487,6.9,500.7,64.6,1.741,10.86,0.3,1,Day,High,1280.2,3.18
M106488,3.9,514.4,50.1,2.009,11.63,3.1,2,Day,High,1101.9,4.26
M106489,3.9,338.1,77.7,2.498,9.24,1.2,1,Day,Low,1379.4,5.04
M106490,11.0,596.5,48.6,3.198,8.45,8.8,3,Night,High,1236.7,7.99
M106491,5.3,432.6,60.0,3.398,7.08,0.6,1,Day,High,1230.3,3.68
M106492,2.6,440.4,53.5,2.293,12.42,1.7,0,Rotational,Medium,1237.4,4.16
M106493,6.8,282.5,58.3,2.023,11.48,3.1,1,Day,Medium,1061.1,2.77
M106494,7.5,367.3,70.2,2.393,6.53,2.6,1,Day,Medium,1194.0,4.2
M106495,0.0,509.2,81.6,1.412,10.48,2.5,0,Rotational,Medium,1523.7,4.79
M106496,6.8,434.4,50.8,2.875,7.83,1.7,0,Rotational,Medium,1071.4,6.2
M106497,10.5,429.2,61.9,3.225,8.74,1.7,1,Rotational,High,1326.5,4.32
M106498,8.8,439.3,48.8,4.139,7.63,0.8,4,Day,Medium,1109.3,7.67
M106499,15.9,297.3,61.3,3.609,6.5,5.3,1,Rotational,Medium,1002.4,4.87
M106500,12.0,411.8,68.8,8.139,9.43,3.7,6,Day,High,1272.7,11.32
M106501,12.8,539.7,76.4,4.984,12.34,2.8,2,Night,High,1626.9,9.14
M106502,18.2,512.4,44.7,4.8,8.11,2.6,0,Day,Low,1093.6,12.37
M106503,10.0,409.4,74.1,3.984,10.84,4.2,1,Day,Low,1406.1,7.12
M106504,7.7,552.9,57.3,4.34,11.07,,1,Day,Medium,1412.8,6.01
M106505,10.9,313.0,54.6,2.973,10.58,0.0,4,Day,Medium,1220.5,6.98
M106506,4.8,337.4,68.7,3.49,12.49,0.0,1,Night,Medium,1269.5,5.72
M106507,7.4,578.4,74.9,8.678,10.93,1.1,3,Day,Medium,1601.5,12.1
M106508,4.4,469.1,66.9,3.206,12.21,1.3,2,Night,Low,1402.8,9.33
M106509,8.6,395.4,56.0,1.706,7.78,3.4,2,Day,Medium,1125.1,4.1
M106510,4.4,415.3,66.9,4.704,10.62,3.7,4,Day,Medium,1324.9,6.47
M106511,4.3,351.4,60.0,5.143,11.77,0.9,2,Rotational,Medium,1242.5,7.03
M106512,8.7,443.5,74.6,3.587,8.34,0.0,1,Rotational,Low,1475.7,8.92
M106513,6.4,436.8,79.8,1.298,5.5,3.4,0,Night,Medium,1342.8,6.47
M106514,0.0,421.7,79.1,,7.6,1.1,2,Night,Medium,1428.8,12.48
M106515,1.2,321.4,67.8,3.725,8.41,0.0,1,Day,Medium,1156.5,5.58
M106516,2.4,442.5,80.3,2.843,10.34,3.4,1,Night,Low,1477.1,8.64
M106517,3.5,375.0,56.8,6.014,8.65,2.2,1,Rotational,Medium,1005.1,6.75
M106518,8.7,336.2,103.3,3.723,9.5,1.7,4,Rotational,Medium,1899.2,17.87
M106519,7.9,527.7,56.7,3.511,8.59,1.7,1,Day,Medium,1403.3,6.43
M106520,11.3,604.4,45.7,2.534,9.31,3.7,0,Day,High,1300.4,5.78
M106521,10.0,585.1,83.0,7.001,9.4,1.6,6,Night,High,1548.2,13.53
M106522,11.3,475.3,60.2,3.749,8.55,0.9,4,Day,Medium,1274.8,6.71
M106523,9.4,397.4,69.3,2.155,10.73,0.6,1,Day,Medium,1370.4,2.96
M106524,7.8,414.0,56.7,5.866,11.57,1.8,3,Rotational,Medium,1269.8,7.26
M106525,11.4,454.5,94.0,0.971,7.78,5.1,1,Night,High,1400.8,9.46
M106526,10.7,384.3,88.0,4.28,9.83,0.3,2,Night,High,1400.5,11.62
M106527,8.5,532.1,85.0,1.765,7.36,0.0,0,Day,High,1494.4,5.98
M106528,12.1,247.0,69.0,2.635,6.87,0.0,1,Day,High,1033.6,4.69
M106529,0.0,394.9,78.8,2.944,11.05,1.5,0,Rotational,High,1395.7,5.41
M106530,5.8,488.1,67.4,5.233,12.51,1.7,1,Day,Medium,1357.8,7.49
M106531,5.8,348.2,80.3,,9.01,1.3,3,Rotational,Medium,1391.5,17.42
M106532,11.6,399.6,63.5,1.364,12.25,1.9,2,Day,Medium,1312.0,1.68
M106533,13.3,470.5,85.4,4.15,8.53,0.9,1,Rotational,Medium,1447.1,8.58
M106534,1.2,549.1,62.9,9.986,9.15,3.4,4,Day,Medium,1334.4,14.56
M106535,12.6,310.0,64.2,2.493,12.0,1.8,0,Day,High,1228.5,3.47
M106536,2.3,303.7,62.9,2.417,8.13,3.3,2,Rotational,High,1196.0,1.29
M106537,2.4,339.6,70.1,3.736,10.88,2.9,2,Day,,1247.5,3.18
M106538,6.1,289.3,63.7,5.025,8.98,2.6,3,Day,Medium,1143.9,7.35
M106539,5.7,295.4,73.4,4.613,8.42,2.0,1,Day,Medium,1158.8,6.0
M106540,0.8,337.3,62.7,2.775,8.74,0.3,0,Day,Medium,1064.1,3.5
M106541,9.6,524.8,76.7,2.223,6.25,3.7,1,Rotational,Medium,1508.6,5.2
M106542,9.7,393.5,84.7,6.411,11.39,3.5,5,Day,High,1439.1,10.21
M106543,11.2,422.7,68.9,2.254,9.84,0.9,1,Rotational,Medium,1236.7,4.44
M106544,5.3,338.8,92.4,1.274,9.28,,2,Rotational,Medium,1477.2,9.61
M106545,6.8,473.9,80.4,1.605,8.46,0.0,4,Day,High,1387.3,4.18
M106546,6.9,579.4,91.5,2.489,9.97,2.9,2,Day,Medium,1708.3,8.93
M106547,13.8,344.6,67.3,7.002,10.83,1.9,2,Rotational,Low,1182.5,10.77
M106548,0.0,566.6,49.7,1.833,9.09,1.5,0,Night,Medium,1315.9,7.77
M106549,3.2,451.0,60.2,7.106,10.95,4.1,0,Rotational,Medium,1255.6,7.76
M106550,7.0,421.4,61.4,6.382,9.91,0.9,3,Rotational,Medium,1227.9,10.03
M106551,2.7,454.0,57.5,3.716,9.36,2.9,1,Day,Low,1280.6,6.17
M106552,6.0,453.2,43.8,0.928,10.87,0.6,0,Night,Medium,1169.6,6.82
M106553,6.5,577.9,79.3,1.837,8.74,0.6,0,Day,High,1554.5,4.07
M106554,4.4,464.2,47.5,2.419,7.62,1.4,1,Rotational,Medium,1190.2,7.0
M106555,7.3,466.0,78.2,7.888,9.42,0.0,4,Day,Medium,1461.5,13.45
M106556,9.5,384.2,92.0,2.498,9.55,0.9,1,Day,Low,1405.4,10.64
M106557,6.1,491.3,73.4,7.685,9.17,2.1,0,Day,Low,1739.4,12.52
M106558,5.2,338.7,72.3,3.648,11.28,3.2,2,Night,Medium,1305.5,6.05
M106559,6.3,429.3,63.6,1.641,10.25,0.6,1,Rotational,Medium,1201.3,3.14
M106560,7.0,665.1,77.1,3.279,9.33,0.0,1,Day,Medium,1643.2,8.83
M106561,0.0,207.1,54.9,2.227,9.49,0.0,0,Rotational,Low,889.4,5.04
M106562,8.8,439.8,66.6,12.0,9.62,1.8,5,Day,Medium,1287.0,15.86
M106563,5.2,443.1,80.3,,10.29,1.1,1,Rotational,Medium,1403.6,7.26
M106564,12.0,400.6,,8.714,9.58,3.0,3,Day,Low,1327.2,10.79
M106565,9.4,402.6,50.1,1.877,9.27,3.6,0,Day,Medium,996.1,4.66
M106566,11.7,427.8,81.7,3.786,7.5,1.6,2,Day,High,1408.7,5.32
M106567,3.0,398.6,53.7,4.264,8.44,2.9,2,Day,Medium,1183.7,4.18
M106568,5.5,438.9,,3.564,9.92,0.0,2,Rotational,High,1267.3,4.76
M106569,2.0,378.6,74.4,3.456,9.78,1.7,2,Night,Low,1341.4,6.7
M106570,4.2,591.9,69.3,5.108,7.27,5.1,2,Rotational,Medium,1309.1,9.86
M106571,12.0,398.6,95.9,,8.66,3.4,2,Day,Medium,1479.2,12.77
M106572,12.9,468.4,76.1,3.045,8.11,2.5,1,Day,Medium,1326.2,5.39
M106573,2.4,363.1,65.8,2.37,11.55,0.2,0,Day,Medium,1398.9,3.08
M106574,5.2,499.3,74.6,3.056,9.88,2.0,3,Rotational,Low,1388.3,7.91
M106575,6.7,482.3,70.3,3.037,10.15,2.4,3,Day,High,1347.5,4.47
M106576,9.3,455.6,68.5,,9.4,0.5,0,Night,High,1341.0,5.78
M106577,0.0,332.7,70.7,3.449,8.56,0.9,0,Day,Medium,1180.5,4.93
M106578,0.6,356.0,63.2,1.641,8.83,0.0,1,Night,Medium,1236.1,4.16
M106579,9.0,563.3,70.3,1.986,10.24,1.6,3,Night,Low,1469.7,7.96
M106580,0.0,355.1,62.4,5.032,9.11,2.4,4,Day,Low,1159.8,9.46
M106581,5.2,474.5,47.1,1.078,10.25,1.4,0,Rotational,High,,4.58
M106582,7.6,339.7,80.5,6.041,9.71,0.2,2,Day,Low,1288.3,10.71
M106583,8.7,505.7,61.8,2.511,9.94,4.3,1,Day,Medium,1393.8,3.45
M106584,6.4,361.7,69.6,7.65,10.02,0.0,1,Rotational,High,1309.6,8.61
M106585,5.5,338.1,59.6,6.129,8.71,2.2,1,Rotational,Medium,1227.8,8.67
M106586,10.4,359.5,60.0,2.819,9.03,0.5,0,Day,Medium,1209.1,5.33
M106587,8.1,372.9,56.6,2.969,10.86,1.2,2,Day,Medium,1143.0,4.82
M106588,4.4,454.4,78.4,7.364,12.24,2.2,2,Day,Medium,1465.3,11.91
M106589,7.2,425.9,81.1,6.275,10.88,4.1,2,Day,Medium,1564.9,11.3
M106590,8.5,326.9,68.3,5.4,5.5,0.8,1,Day,Medium,1104.7,8.46
M106591,13.9,417.6,62.1,5.883,8.36,2.1,1,Rotational,Medium,1207.5,9.56
M106592,10.1,322.8,49.4,1.928,9.67,2.0,2,Rotational,Medium,1012.4,6.37
M106593,11.9,474.7,76.7,3.679,7.85,2.2,3,Rotational,Low,1389.0,8.66
M106594,4.6,490.3,60.6,2.259,7.78,0.0,3,Rotational,Medium,1258.0,4.95
M106595,4.9,418.0,55.7,1.903,8.87,2.9,0,Night,Medium,1233.9,4.95
M106596,6.1,443.1,68.3,3.604,10.02,1.3,2,Day,Medium,1497.5,5.97
M106597,6.4,568.9,64.3,2.7,10.43,2.6,2,Day,Low,1407.4,4.46
M106598,3.0,406.6,51.3,3.055,8.95,2.0,2,Rotational,High,1092.3,6.28
M106599,12.1,339.7,52.8,2.586,8.83,4.1,3,Night,High,1056.3,4.8
M106600,10.5,469.2,71.7,1.773,8.23,3.3,1,Day,Medium,1384.1,4.35
M106601,5.8,323.7,60.8,7.755,10.26,1.3,3,Night,Medium,1140.9,11.64
M106602,9.6,402.1,73.6,3.589,10.16,1.8,1,Night,Medium,1259.2,7.51
M106603,7.9,369.1,69.6,1.614,10.86,1.8,0,Day,Medium,1208.3,3.35
M106604,9.9,360.3,79.5,3.636,9.69,4.6,5,Day,Medium,1458.1,8.04
M106605,1.6,398.7,58.8,7.104,7.53,1.1,2,Day,Medium,1101.4,8.73
M106606,6.4,496.5,70.6,5.362,8.98,5.3,1,Day,Medium,1317.5,8.4
M106607,6.8,514.0,75.0,2.562,10.79,0.8,2,Day,High,1624.2,4.4
M106608,9.5,498.7,61.1,2.593,6.9,0.4,0,Day,Medium,1268.6,3.8
M106609,4.5,448.6,80.4,2.057,9.37,1.2,1,Day,High,1413.8,4.78
M106610,0.0,398.1,49.7,2.291,9.93,2.6,1,Day,Medium,1030.8,4.21
M106611,2.7,219.6,58.8,2.386,12.51,0.7,1,Day,Medium,1179.4,2.09
M106612,6.8,451.3,49.3,1.593,8.6,3.6,0,Day,Medium,1031.6,3.97
M106613,7.3,226.3,59.9,2.659,9.32,0.5,1,Night,High,950.5,4.18
M106614,13.7,256.5,66.3,3.943,12.03,3.7,4,Night,Medium,1219.2,6.49
M106615,9.3,406.3,77.1,2.699,8.62,0.4,1,Day,High,,4.26
M106616,7.3,442.5,66.3,3.701,11.11,2.2,3,Day,Medium,1269.7,3.49
M106617,6.9,381.7,,7.471,10.09,3.6,2,Day,Medium,1237.2,11.15
M106618,11.4,550.5,51.0,8.313,9.17,0.6,2,Day,Low,1255.7,14.89
M106619,4.6,459.3,54.6,3.209,10.18,1.3,0,Day,Medium,1117.6,4.48
M106620,6.4,398.8,71.4,5.156,9.28,2.8,4,Day,High,1341.1,8.34
M106621,2.6,537.8,77.7,3.055,12.89,2.2,2,Day,Medium,1478.0,4.81
M106622,12.7,553.0,63.4,2.601,6.4,5.7,0,Night,Medium,1302.2,4.48
M106623,8.6,463.6,81.3,,9.08,2.8,1,Day,Medium,1381.0,5.09
M106624,4.2,354.1,57.6,3.467,9.12,1.7,2,Day,High,1149.2,3.47
M106625,6.5,373.2,63.7,5.71,9.3,2.9,0,Night,Low,1208.1,8.77
M106626,9.0,297.0,64.6,1.756,11.12,0.9,1,Day,Low,1156.6,4.64
M106627,6.0,416.4,84.8,2.876,8.83,1.1,0,Day,High,1398.2,6.8
M106628,4.9,330.7,69.5,2.808,10.24,2.7,0,Rotational,Medium,1251.8,4.83
M106629,4.4,392.0,64.8,10.696,9.85,0.0,2,Day,Low,1477.6,17.77
M106630,8.4,442.2,78.5,3.786,10.76,2.8,5,Rotational,Medium,1402.5,7.85
M106631,5.6,251.4,88.3,4.343,9.29,0.6,1,Day,Low,1324.8,11.16
M106632,5.2,312.6,65.3,8.572,9.98,3.3,3,Day,Medium,1227.3,9.85
M106633,1.7,376.9,58.1,2.148,9.31,2.2,1,Day,Medium,1068.0,2.71
M106634,7.3,415.5,77.5,2.09,8.02,2.2,1,Night,Low,1310.2,6.11
M106635,6.3,378.0,89.6,3.757,11.9,0.0,1,,High,1605.3,11.22
M106636,5.7,397.0,77.3,6.864,8.36,1.7,3,Night,Medium,1310.8,13.66
M106637,7.8,360.0,50.1,1.598,8.78,0.0,1,Night,Medium,1189.1,8.23
M106638,10.0,296.8,76.3,3.918,8.21,3.8,4,Night,High,1306.6,8.08
M106639,9.8,374.5,72.4,3.002,10.1,2.1,1,Day,Medium,1278.0,5.1
M106640,9.2,401.9,57.5,5.089,8.78,2.0,3,Rotational,Medium,1100.4,7.93
M106641,6.0,393.6,82.2,4.545,11.77,0.7,1,Day,High,1511.5,8.53
M106642,4.7,429.5,72.8,3.402,10.3,1.7,2,Rotational,Low,1501.9,7.81
M106643,2.8,455.6,82.5,4.237,9.08,0.0,5,Rotational,High,,7.88
M106644,4.6,477.9,56.3,2.389,8.14,3.9,1,Day,Low,1292.4,5.35
M106645,7.1,366.1,72.4,4.954,9.33,1.5,4,Day,Low,1347.6,7.36
M106646,3.9,286.1,58.2,6.641,10.28,4.3,2,Day,Medium,1040.2,8.48
M106647,7.4,528.1,,3.491,9.43,1.6,1,Rotational,Low,1508.1,8.35
M106648,3.1,452.8,84.2,2.707,9.29,0.0,7,Day,Medium,1482.4,8.94
M106649,0.4,338.9,52.3,3.088,7.97,1.7,1,Day,High,1060.8,3.33
M106650,10.3,443.6,52.9,4.928,12.86,0.0,2,Night,Medium,1248.2,12.18
M106651,5.1,510.8,78.5,3.251,9.2,4.1,0,Day,Medium,1371.0,5.77
M106652,3.7,567.0,67.8,1.822,7.44,0.8,1,Night,Medium,1324.5,5.84
M106653,2.6,441.3,80.9,5.344,7.89,3.7,1,Day,Medium,1435.7,8.78
M106654,8.7,510.1,59.1,2.031,8.98,1.2,1,Rotational,Medium,1343.8,5.78
M106655,12.5,317.2,68.6,4.105,12.42,3.3,3,Rotational,Medium,1254.6,7.43
M106656,5.4,416.9,75.6,1.306,9.24,4.9,0,Night,High,1328.6,3.05
M106657,6.1,391.5,70.3,3.505,8.94,1.6,3,Day,Low,1357.6,5.14
M106658,11.3,449.1,48.3,3.209,10.77,3.0,2,Day,Medium,1282.0,6.75
M106659,0.0,557.0,99.0,1.242,10.88,0.6,0,Day,Medium,1813.3,12.08
M106660,14.9,441.2,70.3,3.921,10.49,7.7,1,Night,Medium,1352.1,7.56
M106661,16.8,340.3,53.3,1.914,9.8,3.2,1,Rotational,Medium,1124.1,6.38
M106662,0.0,312.6,81.8,10.318,7.84,0.0,1,Day,Medium,1716.1,14.86
M106663,6.6,559.9,72.7,2.702,8.37,1.2,1,Rotational,Low,1480.2,8.73
M106664,4.1,463.7,78.9,1.584,7.11,0.5,5,Day,Medium,1446.2,6.75
M106665,5.9,458.1,78.2,1.968,9.16,0.7,3,,High,1457.8,5.67
M106666,5.3,390.8,65.6,2.049,8.86,0.7,2,Day,High,1347.5,3.03
M106667,10.2,442.8,49.1,5.426,8.71,0.0,4,Day,Medium,1126.1,11.67
M106668,6.5,336.1,73.1,5.043,9.92,0.9,0,Night,Low,1239.7,9.32
M106669,3.4,452.9,49.9,9.947,8.51,0.2,4,Rotational,Medium,1179.5,16.86
M106670,6.3,320.1,81.4,2.57,8.99,0.7,0,Rotational,Medium,1332.9,6.96
M106671,9.1,389.5,59.9,2.529,8.77,1.7,0,Rotational,Low,1199.9,6.61
M106672,2.3,365.4,75.0,3.552,9.45,0.2,2,Rotational,Medium,1366.0,6.6
M106673,0.4,143.1,60.8,2.78,10.05,3.4,2,Day,High,1052.8,1.79
M106674,15.0,390.5,72.7,9.195,7.48,1.6,1,Rotational,High,1791.5,11.37
M106675,4.4,343.6,59.2,3.412,10.18,1.8,2,Day,Low,1189.0,5.79
M106676,6.5,402.1,75.9,4.72,9.9,3.4,2,Day,Medium,1332.3,8.37
M106677,5.4,420.1,61.2,1.155,10.13,2.7,0,Rotational,High,1241.4,1.97
M106678,9.2,570.3,76.5,2.494,9.7,3.0,2,Day,High,1387.1,5.62
M106679,14.1,445.9,61.5,1.646,10.04,4.2,0,Day,High,1315.9,1.45
M106680,9.3,448.4,65.5,,8.88,0.0,1,Day,Medium,1330.6,5.27
M106681,0.9,462.1,68.4,4.122,10.17,1.2,2,Night,Medium,1417.3,7.98
M106682,1.5,494.1,69.7,5.804,11.22,1.7,1,Day,Low,1436.5,10.7
M106683,5.4,458.6,57.8,2.673,8.76,1.0,1,Night,,1151.0,3.49
M106684,5.9,443.9,75.7,3.501,8.81,2.5,0,Night,High,1276.5,6.71
M106685,0.1,480.5,65.0,1.432,10.45,1.0,1,Night,Medium,1404.1,4.49
M106686,10.3,213.7,74.0,2.159,8.67,3.3,0,Rotational,Low,1199.0,4.9
M106687,2.7,597.6,67.8,3.682,8.42,0.5,1,Night,Medium,1429.8,5.5
M106688,13.0,555.1,74.5,1.683,10.13,1.4,1,Day,High,1493.0,2.67
M106689,14.3,438.5,63.5,6.163,8.85,0.8,3,Day,Medium,1311.2,9.97
M106690,6.0,299.9,59.3,4.314,11.33,3.1,0,Night,High,1073.7,6.78
M106691,8.8,522.9,72.7,2.112,8.8,2.9,2,Day,Medium,1393.9,4.85
M106692,2.1,361.0,62.6,1.582,8.27,1.9,1,Day,Medium,1240.3,3.72
M106693,9.5,465.4,84.0,2.317,9.49,2.3,0,Day,Medium,1405.7,4.24
M106694,5.0,311.0,68.7,2.118,10.15,0.4,1,Day,High,1269.5,0.95
M106695,2.7,609.2,52.9,1.807,9.98,2.6,0,Day,High,1269.2,2.1
M106696,5.8,297.4,61.6,1.643,10.31,1.7,0,Night,High,1108.6,3.57
M106697,5.1,425.9,57.0,2.959,8.67,0.9,0,Rotational,Medium,1159.7,5.69
M106698,5.7,239.6,,4.788,11.2,0.1,5,Day,Low,1312.6,10.13
M106699,10.8,416.5,76.5,2.327,7.02,0.0,1,Day,Low,1319.8,7.29
M106700,3.9,383.9,67.3,4.147,8.33,0.2,2,Day,Low,1256.9,6.82
M106701,13.9,516.7,71.2,2.818,9.56,2.3,3,Rotational,High,1457.8,6.84
M106702,1.7,383.8,67.0,4.509,8.45,2.6,1,Rotational,Medium,1174.0,7.7
M106703,13.5,516.8,77.5,2.241,9.04,5.1,4,Rotational,Low,1449.7,6.29
M106704,2.9,332.9,73.7,3.821,8.03,1.2,0,Rotational,High,1221.7,5.32
M106705,7.0,396.0,75.7,3.526,9.19,2.2,2,Night,High,1403.6,7.16
M106706,5.0,397.7,65.9,6.561,10.19,1.8,2,Night,Low,1251.7,9.85
M106707,5.6,462.1,61.1,4.39,8.7,1.8,0,Day,Medium,1167.3,4.26
M106708,10.2,451.3,75.3,3.774,8.18,1.8,1,Rotational,Medium,1336.3,6.9
M106709,13.0,481.4,85.1,1.592,8.81,4.5,0,Day,Medium,1566.8,6.27
M106710,11.8,442.7,80.2,2.553,11.16,1.9,2,Night,Medium,1502.2,8.57
M106711,5.4,476.2,85.4,2.225,11.14,0.4,3,Night,Medium,1590.0,10.77
M106712,7.7,343.7,69.8,2.201,8.78,0.8,1,Night,High,1160.5,4.24
M106713,3.9,453.0,57.3,3.346,10.26,2.3,4,Day,Medium,1320.8,6.29
M106714,3.0,556.7,58.3,3.745,9.47,3.5,1,Night,High,1353.1,8.27
M106715,2.4,277.2,83.2,3.819,11.43,2.3,3,Rotational,Low,1391.8,9.84
M106716,5.2,461.6,47.5,6.238,9.79,1.1,4,Day,Medium,1114.7,10.95
M106717,8.0,477.5,84.6,4.228,9.2,1.5,2,Rotational,High,1595.0,9.84
M106718,0.0,544.2,59.3,1.797,11.9,3.7,2,Day,Medium,1293.3,3.17
M106719,6.8,481.7,89.2,3.674,8.11,1.9,3,Rotational,Low,1434.1,12.06
M106720,13.1,428.5,67.2,4.447,9.98,1.4,1,Rotational,High,,5.03
M106721,11.5,456.6,75.9,6.241,11.55,0.0,4,Rotational,,1438.9,13.04
M106722,4.7,357.5,94.2,3.074,10.5,0.0,1,Day,Medium,1526.4,12.44
M106723,1.4,387.0,64.4,3.089,8.36,0.2,1,Day,Medium,1222.9,4.68
M106724,8.8,306.5,64.2,5.694,8.27,0.7,2,Day,Medium,1186.5,8.37
M106725,0.0,546.4,60.4,3.63,7.39,0.0,1,Day,High,1283.5,5.28
M106726,11.4,458.3,57.0,1.493,11.72,3.3,2,Rotational,Medium,1247.8,5.9
M106727,6.1,342.1,64.4,1.341,7.8,1.2,1,Day,High,1132.9,1.04
M106728,14.3,443.1,61.9,8.334,10.57,1.2,3,Day,Medium,1328.9,11.29
M106729,0.1,518.5,54.2,1.409,7.36,0.0,1,Rotational,High,1161.1,4.13
M106730,10.7,504.4,65.7,3.054,13.34,1.0,0,Day,Medium,1439.1,4.77
M106731,6.6,341.2,72.9,5.163,7.47,4.5,2,Rotational,Medium,1192.0,6.57
M106732,5.7,153.6,58.1,1.374,9.56,0.5,0,Rotational,Medium,993.0,2.86
M106733,1.5,453.6,66.2,1.933,11.32,1.6,0,Day,Medium,1390.5,1.26
M106734,9.4,344.6,83.5,1.78,8.45,5.1,1,Day,Medium,1415.9,6.0
M106735,9.7,472.9,52.4,8.171,10.35,1.1,3,Day,Low,1201.8,13.05
M106736,14.1,500.8,,9.107,9.08,6.0,1,Day,Medium,1567.7,13.71
M106737,11.0,514.7,60.6,2.3,10.08,1.3,1,Night,Low,1255.8,8.09
M106738,4.6,568.3,70.2,4.436,11.12,1.4,0,Rotational,Medium,1395.9,7.06
M106739,3.0,525.1,82.1,3.873,8.86,3.1,0,Night,Medium,1493.0,9.15
M106740,1.5,568.7,85.4,2.885,11.75,0.8,4,Day,High,1646.3,9.96
M106741,12.9,537.2,73.2,1.472,10.03,2.2,0,Night,High,1456.3,5.11
M106742,3.9,544.6,60.4,10.525,12.42,0.0,4,Day,Medium,1466.0,17.78
M106743,12.9,416.5,59.4,1.339,8.25,2.8,0,Day,High,1099.1,2.18
M106744,9.1,310.4,61.7,3.692,8.54,1.9,1,Rotational,Low,1015.0,8.79
M106745,8.3,631.0,88.8,2.402,9.15,0.7,2,Rotational,Low,1582.1,12.11
M106746,5.8,425.4,63.8,5.496,7.68,3.2,1,Rotational,Low,1188.7,7.21
M106747,9.6,524.4,71.6,,10.89,2.9,3,Night,Medium,1555.2,7.71
M106748,6.9,373.2,56.5,2.035,9.39,0.2,0,Night,High,1208.6,4.92
M106749,5.5,501.9,55.3,2.237,7.78,0.0,4,Night,High,1262.2,5.62
M106750,9.8,212.2,68.3,1.529,8.27,1.4,0,Night,Medium,1047.7,3.78
M106751,6.4,385.1,64.4,3.66,8.2,0.6,5,Day,Medium,1125.3,7.19
M106752,3.8,411.6,65.2,4.737,10.89,0.9,3,Day,Low,1322.4,7.67
M106753,9.4,459.3,51.7,2.662,10.19,1.5,3,Day,Medium,1288.0,5.41
M106754,6.7,511.1,67.2,2.938,9.3,1.8,2,Night,Medium,1353.6,5.48
M106755,9.0,327.0,85.0,8.619,8.95,0.3,4,Day,,1318.1,16.12
M106756,5.2,476.1,58.6,5.302,9.14,1.6,4,Day,Medium,1213.8,9.0
M106757,2.2,524.3,77.9,6.514,12.17,0.8,1,Night,High,1532.1,9.03
M106758,13.9,619.4,35.0,1.082,9.15,0.9,0,Night,Low,1242.8,15.01
M106759,13.2,480.1,59.2,4.365,10.79,0.4,1,Night,Medium,1288.5,8.97
M106760,10.5,380.9,,3.765,9.01,2.1,2,Night,Medium,1107.0,9.98
M106761,5.4,311.9,81.6,1.775,12.02,1.4,2,Day,Medium,1437.5,5.26
M106762,5.8,575.5,77.7,1.97,7.67,2.8,0,Rotational,Low,1522.2,6.67
M106763,12.5,482.7,56.6,2.977,10.71,1.2,1,,Medium,1341.0,6.62
M106764,5.6,418.1,71.2,1.697,8.36,0.0,1,Day,Medium,1374.8,3.8
M106765,4.5,282.3,81.2,2.227,12.82,0.0,0,Day,Medium,1371.9,6.06
M106766,14.5,340.8,82.9,2.636,10.55,1.7,0,Night,Medium,1332.9,8.92
M106767,6.8,473.7,63.5,,6.94,0.1,1,Day,High,,5.62
M106768,14.1,450.1,43.7,2.332,8.1,2.0,1,Day,Medium,1020.2,7.26
M106769,1.4,254.6,58.1,2.655,10.53,0.9,0,Night,High,1156.1,2.99
M106770,9.1,473.8,76.4,5.541,10.49,0.0,2,Day,High,1479.6,8.24
M106771,15.3,286.7,91.1,1.374,10.37,3.2,0,Rotational,High,1329.7,7.24
M106772,7.1,535.1,67.4,3.72,9.73,1.5,0,Day,Low,1352.0,7.07
M106773,5.9,437.7,61.3,4.034,9.02,0.5,4,Day,High,1201.6,7.79
M106774,2.3,380.6,94.4,4.089,11.13,0.4,1,Day,Medium,1614.2,12.56
M106775,11.3,504.2,72.5,2.584,8.2,4.8,0,Rotational,Low,1352.6,5.46
M106776,3.9,450.0,54.5,1.949,9.58,0.0,1,Day,Medium,1254.5,3.5
M106777,6.6,532.6,66.7,7.098,8.57,3.8,0,,High,1291.9,7.69
M106778,2.1,426.8,79.0,2.164,8.45,2.6,2,Rotational,Medium,1268.7,6.01
M106779,13.2,431.8,67.2,1.899,8.81,3.6,2,Rotational,High,1291.9,2.69
M106780,11.6,395.8,76.7,3.354,8.4,4.3,2,Day,High,1224.2,4.89
M106781,6.9,442.4,50.3,2.294,10.32,1.2,1,Rotational,Medium,1144.4,7.35
M106782,2.4,564.3,52.2,5.615,7.29,0.0,1,Day,Medium,1223.9,8.71
M106783,13.1,377.3,59.9,2.908,10.15,5.9,1,Night,Medium,1255.7,5.29
M106784,5.5,475.1,64.9,5.991,8.55,1.3,7,Day,Low,1336.7,12.38
M106785,2.6,345.2,71.7,4.155,9.55,0.0,1,Day,High,1195.4,6.24
M106786,0.0,244.3,,2.734,9.25,0.3,2,Night,Low,1138.4,7.75
M106787,4.4,437.6,95.1,5.795,8.75,0.0,1,Day,Medium,1487.7,13.35
M106788,1.2,451.5,59.9,2.398,11.32,0.0,0,Day,Medium,1253.2,4.88
M106789,4.5,410.6,64.5,2.829,8.94,1.1,1,Day,High,1318.1,2.55
M106790,10.0,292.8,60.2,4.326,10.56,4.1,3,Night,High,,5.87
M106791,5.5,445.9,79.9,3.718,10.57,2.4,3,Day,Low,1480.2,7.3
M106792,8.4,442.6,80.5,2.371,9.09,5.1,2,Day,Medium,1421.7,5.15
M106793,4.1,344.5,63.1,1.54,7.61,3.1,0,Day,Low,1112.0,3.41
M106794,7.3,305.0,90.7,3.289,8.18,6.4,5,Day,High,1341.9,7.77
M106795,14.7,398.5,60.2,2.308,11.42,4.6,5,Day,High,1129.1,3.97
M106796,5.6,475.5,79.3,3.37,10.24,0.1,2,Rotational,Medium,1554.9,6.33
M106797,8.5,455.4,84.0,2.69,9.71,3.8,2,Day,Medium,1520.9,7.68
M106798,0.7,345.1,53.0,2.319,8.65,2.0,1,Day,Medium,1038.8,3.76
M106799,13.1,431.6,74.4,2.904,12.1,2.6,1,Day,High,1461.8,4.42
M106800,5.1,495.4,38.0,3.2,8.2,1.2,3,Rotational,High,1053.2,10.5
M106801,11.2,320.3,77.1,4.7,9.71,1.1,1,Day,Medium,1364.9,7.5
M106802,6.5,425.4,55.9,4.102,10.25,2.7,2,Day,Medium,1218.5,5.51
M106803,9.4,533.9,74.2,9.461,7.54,3.8,4,Night,Medium,1402.8,13.98
M106804,9.7,311.6,76.3,3.563,8.36,3.0,1,Rotational,Low,1257.0,7.44
M106805,5.2,518.2,,2.372,8.81,1.9,1,Day,Low,1442.7,8.14
M106806,11.4,557.6,77.8,3.055,10.79,1.9,2,Night,High,1489.8,5.72
M106807,4.0,401.1,68.6,4.411,8.84,0.8,2,Day,Medium,1317.0,5.04
M106808,10.1,390.8,63.8,5.483,7.35,5.5,2,Night,Medium,1288.3,9.46
M106809,5.4,507.8,67.2,6.493,7.2,0.0,3,Day,High,1254.9,8.66
M106810,8.4,404.2,55.7,1.997,8.35,2.4,0,Day,Medium,,3.75
M106811,5.2,220.0,65.7,6.299,7.26,0.9,0,Day,Medium,946.8,9.3
M106812,7.2,411.6,64.8,3.245,10.65,0.0,1,Day,High,1251.9,3.52
M106813,2.7,460.0,59.3,2.089,10.71,2.2,5,Day,High,1231.5,2.95
M106814,8.0,482.9,48.8,2.998,9.51,,0,Day,High,1213.7,4.83
M106815,7.2,345.1,54.0,6.082,9.11,2.5,1,Rotational,Low,1148.1,11.47
M106816,4.8,397.1,,4.173,10.61,2.0,2,Night,Low,1075.6,13.72
M106817,6.8,503.0,64.6,1.811,10.55,1.1,1,Night,High,,3.35
M106818,7.5,414.9,72.0,1.818,8.02,,0,Rotational,Medium,1329.2,3.66
M106819,4.5,290.1,38.5,1.793,8.23,2.6,0,Day,Low,,7.7
M106820,6.5,525.2,70.6,2.303,10.56,,4,Day,High,1459.3,3.14
M106821,3.0,401.8,66.7,3.451,9.91,3.4,2,Day,Low,1235.5,6.86
M106822,16.4,512.8,,1.891,10.41,1.4,1,Night,Medium,1139.8,5.76
M106823,11.2,301.4,63.3,2.68,8.16,1.5,1,Rotational,Medium,,2.94
M106824,8.1,409.7,79.6,6.693,8.37,1.4,4,Day,Medium,1342.6,11.33
M106825,11.7,463.3,57.3,7.455,10.2,2.4,2,Day,High,1173.1,6.84
M106826,0.0,412.6,68.9,7.208,8.48,3.1,3,Rotational,Low,1242.0,12.89
M106827,0.0,319.4,71.8,1.353,7.22,0.2,0,Day,Low,1301.4,3.14
M106828,5.4,217.1,59.0,7.667,8.5,0.0,3,Day,Medium,1058.8,9.39
M106829,1.5,549.5,79.1,3.476,9.19,1.7,2,Day,High,1627.2,5.77
M106830,6.1,441.1,72.4,3.452,12.05,0.0,3,Rotational,Low,1430.5,8.92
M106831,7.8,519.2,81.4,16.227,8.24,2.7,1,Rotational,High,1799.0,23.66
M106832,10.7,498.9,,4.72,9.41,4.3,1,Rotational,High,1516.4,10.21
M106833,2.4,470.7,79.1,1.304,12.56,2.3,0,Rotational,Low,1449.8,5.14
M106834,8.6,392.7,49.5,2.444,7.86,4.0,0,Day,Low,1181.6,6.64
M106835,7.1,461.6,,2.765,10.49,0.2,1,Day,Low,1326.1,4.68
M106836,8.4,541.8,95.1,1.707,8.43,2.3,1,Night,Medium,1667.2,11.95
M106837,4.9,427.1,57.2,5.466,10.1,2.5,1,Rotational,High,1208.7,6.98
M106838,12.5,581.6,68.7,6.817,13.0,2.3,4,Rotational,High,,9.29
M106839,6.6,292.5,81.5,3.303,10.69,1.7,3,Day,Medium,1276.2,7.33
M106840,14.1,283.4,75.2,3.855,9.73,1.3,0,Rotational,High,1227.8,4.68
M106841,3.8,504.0,76.8,3.301,8.07,3.2,2,Night,Medium,1309.3,9.03
M106842,10.0,350.4,76.1,3.489,9.24,3.4,1,Day,High,1329.2,5.34
M106843,6.8,593.7,68.3,5.806,8.65,0.0,4,Day,Low,1464.4,10.66
M106844,5.7,533.7,59.3,1.373,7.32,1.3,0,Rotational,High,1210.4,4.0
M106845,9.5,554.9,72.8,4.234,6.31,0.7,1,Rotational,Low,1261.9,9.13
M106846,5.8,495.2,63.6,3.34,8.25,2.1,3,Night,Low,1267.5,8.55
M106847,0.0,341.7,62.7,2.324,9.45,0.9,1,Night,Medium,1226.2,5.11
M106848,0.0,279.0,84.3,2.581,11.18,3.1,1,Night,High,1294.3,6.37
M106849,12.1,547.1,63.8,8.299,8.39,1.8,3,Rotational,Low,1281.1,15.03
M106850,11.9,292.5,86.8,1.71,9.79,0.0,2,Day,High,1370.7,6.61
M106851,14.5,554.7,,3.052,6.95,,3,Day,High,1385.2,5.0
M106852,6.9,476.9,66.2,7.499,8.3,1.1,1,Night,Low,1331.0,14.84
M106853,1.8,413.5,48.0,1.759,5.83,0.9,0,Day,Low,1085.7,7.29
M106854,5.3,457.6,91.3,2.643,12.85,0.0,1,Night,High,1594.4,9.37
M106855,7.0,459.5,67.9,,9.8,1.8,2,Rotational,Low,1268.4,7.14
M106856,3.0,402.8,43.0,4.081,9.75,3.7,0,Day,Low,1006.3,9.38
M106857,13.6,541.2,,3.189,10.3,2.1,4,Night,Medium,1467.7,7.49
M106858,16.0,538.3,67.4,2.122,13.3,2.6,1,Rotational,Medium,1437.2,6.49
M106859,8.9,433.2,57.8,4.152,8.85,1.9,1,Night,Medium,1180.3,6.64
M106860,7.0,369.0,78.2,3.157,8.03,0.3,0,Day,Medium,1274.3,6.34
M106861,1.8,531.0,40.0,4.544,12.5,1.4,3,Night,Low,1255.9,12.86
M106862,13.2,248.1,60.1,5.269,7.65,2.5,1,Night,Low,940.0,8.97
M106863,7.3,457.7,64.7,1.579,11.45,2.7,1,Day,Low,1337.8,3.96
M106864,5.8,482.9,77.4,5.565,9.39,1.4,3,Night,Medium,1351.4,11.79
M106865,8.9,349.6,92.6,2.923,10.15,2.8,2,Rotational,Low,1511.4,12.35
M106866,4.7,502.8,65.3,5.016,7.34,3.1,2,Rotational,Medium,1305.1,8.42
M106867,7.6,417.8,,4.25,13.39,0.0,2,Rotational,Medium,1559.0,7.7
M106868,1.2,373.6,98.2,8.39,8.93,0.5,0,Night,Medium,1601.9,19.68
M106869,11.3,501.9,68.1,3.331,8.45,0.0,1,Rotational,Low,1245.3,6.77
M106870,6.6,327.7,73.2,2.714,10.32,2.7,1,Day,High,1316.3,3.71
M106871,11.6,493.9,54.4,2.569,8.53,3.9,0,Night,High,1190.1,4.33
M106872,6.2,251.5,89.6,1.977,10.14,2.5,0,Day,Medium,1408.8,6.88
M106873,6.5,444.3,,4.973,7.61,0.0,1,Day,Medium,1145.6,5.78
M106874,2.2,423.7,71.0,1.914,9.72,1.6,3,Day,Medium,1384.6,4.11
M106875,10.0,374.1,70.6,4.951,8.6,3.0,1,Day,Medium,1254.8,7.0
M106876,3.5,453.1,68.9,2.969,8.33,2.2,1,Rotational,Medium,1270.3,4.76
M106877,5.1,413.2,,1.375,8.09,2.1,0,Day,Medium,1142.0,0.99
M106878,7.0,509.6,70.7,6.988,10.83,0.0,0,Rotational,Medium,1358.0,11.11
M106879,7.5,467.6,108.2,2.354,8.97,0.1,0,Rotational,,2028.6,19.15
M106880,0.2,458.5,93.1,3.187,9.22,0.4,1,Rotational,Low,1548.8,14.45
M106881,6.1,444.8,66.1,3.732,10.14,1.6,3,Day,Medium,1368.5,6.32
M106882,10.2,379.9,63.1,1.048,11.21,3.3,0,Day,Medium,1328.4,2.68
M106883,5.5,394.3,59.1,4.14,8.12,0.2,1,Day,Low,1080.4,5.07
M106884,6.1,441.1,97.5,2.375,9.83,0.6,3,Rotational,Medium,1588.3,13.24
M106885,7.6,405.3,69.4,2.932,8.14,1.8,0,Day,Medium,1205.7,4.54
M106886,6.5,514.5,80.3,6.498,9.19,0.8,2,Day,Medium,1409.5,11.0
M106887,2.9,427.9,75.7,3.566,11.1,1.9,1,Rotational,High,1427.7,3.8
M106888,6.9,452.0,92.3,2.786,5.98,1.5,4,Day,High,1544.1,9.11
M106889,11.0,300.8,65.3,3.049,8.12,4.1,3,Day,Medium,1175.7,4.46
M106890,2.8,500.2,55.8,8.069,9.15,0.9,4,Day,High,1244.1,11.12
M106891,5.5,370.6,88.5,4.065,10.07,0.7,1,Rotational,,1483.9,9.7
M106892,1.5,331.4,77.9,2.134,11.33,2.3,2,Day,High,1328.4,4.79
M106893,10.8,559.9,73.0,2.601,6.95,3.4,0,Day,Low,1410.9,5.79
M106894,6.6,479.3,84.9,1.831,11.62,1.0,1,Rotational,Medium,1509.8,8.18
M106895,3.6,503.1,73.6,2.649,10.28,,1,Rotational,High,1545.8,5.64
M106896,7.4,458.6,85.3,7.418,9.14,0.6,5,Night,Medium,1587.8,15.06
M106897,2.2,412.1,70.7,,7.3,1.3,0,Night,Low,1220.5,6.88
M106898,2.9,396.2,77.9,1.701,8.64,2.0,1,Day,High,1388.7,2.7
M106899,1.2,486.2,73.8,4.118,11.04,1.5,2,Day,Medium,1469.9,7.26
M106900,2.7,516.3,,2.728,9.54,0.5,1,Night,Medium,1378.1,6.66
M106901,12.4,414.2,65.7,4.396,9.23,0.8,1,Day,High,1224.3,4.57
M106902,4.1,596.2,63.7,2.941,8.04,3.5,1,Night,Medium,,5.35
M106903,8.9,403.2,70.9,6.839,10.6,2.3,3,Night,Medium,1407.3,9.88
M106904,3.7,301.5,76.2,7.069,9.28,0.9,2,Rotational,High,1784.1,10.31
M106905,10.0,273.7,72.8,1.854,9.15,1.6,1,Day,Low,1187.6,4.26
M106906,2.9,276.5,72.4,5.306,9.36,0.0,1,Day,Medium,1095.3,5.47
M106907,7.2,384.8,70.3,1.219,8.53,0.0,1,Day,Medium,1190.9,3.47
M106908,7.2,400.3,70.4,3.047,8.28,0.0,1,Rotational,Medium,1305.4,4.51
M106909,16.3,478.0,61.8,4.955,7.22,0.9,0,Night,Low,1225.1,8.9
M106910,9.5,417.6,64.9,1.108,8.57,0.5,1,Rotational,High,1196.6,2.55
M106911,4.6,491.7,49.6,3.429,6.8,1.2,2,Night,Medium,1094.3,8.94
M106912,9.7,423.8,66.7,1.571,10.23,0.0,1,Day,Medium,1271.6,3.71
M106913,15.6,421.1,57.2,1.32,8.5,1.3,1,Night,High,1258.7,4.73
M106914,0.5,370.9,69.1,1.948,8.91,3.7,2,Night,Medium,1130.8,3.53
M106915,3.6,540.9,60.1,3.029,9.44,0.4,1,Rotational,High,1366.7,5.56
M106916,6.1,289.8,45.4,2.333,8.3,2.8,3,Day,Low,905.2,7.77
M106917,5.3,445.6,92.8,5.775,7.74,0.8,3,Night,High,1549.1,15.8
M106918,5.7,404.6,65.5,3.46,9.83,2.0,1,Day,High,1260.6,3.17
M106919,1.8,486.4,,2.6,12.33,0.0,0,Day,High,1623.9,4.32
M106920,12.6,418.2,62.2,1.725,10.87,3.2,0,Rotational,Low,1313.5,5.91
M106921,1.3,420.7,86.7,3.714,11.42,4.0,2,Day,Medium,1450.0,7.16
M106922,6.2,397.3,55.3,9.295,7.55,0.7,3,Day,High,1111.2,11.33
M106923,11.2,538.4,69.9,2.336,9.21,2.1,2,Day,Medium,1366.5,5.64
M106924,6.9,420.2,56.0,2.477,9.2,0.0,1,Rotational,High,1059.1,5.2
M106925,3.1,587.4,96.6,,11.64,4.5,3,Night,Medium,1845.3,13.96
M106926,1.6,443.1,65.3,6.002,10.88,1.7,2,Day,Low,1431.8,6.36
M106927,6.1,421.8,77.1,5.278,9.25,3.1,0,Day,Low,1371.0,7.85
M106928,4.0,407.6,73.0,2.656,6.07,2.5,3,Day,High,1181.5,3.52
M106929,7.8,468.0,67.7,2.461,7.76,4.2,4,Day,Medium,1352.7,3.93
M106930,1.4,370.0,73.7,2.071,10.45,2.9,0,Day,Medium,1271.0,2.26
M106931,10.3,432.4,83.0,2.873,9.02,2.8,2,Day,High,1341.8,7.17
M106932,7.5,420.7,75.4,5.529,9.33,2.8,1,Rotational,High,1293.8,8.57
M106933,7.8,447.6,69.8,3.39,10.42,2.4,1,Night,Medium,1489.1,5.68
M106934,12.8,449.8,73.7,6.321,11.2,1.7,2,Day,Low,1495.5,10.84
M106935,5.2,454.2,89.1,,8.33,1.0,6,Day,Low,1559.9,10.15
M106936,4.1,428.1,63.4,1.045,10.39,0.0,0,,High,1253.1,2.98
M106937,4.8,553.4,47.6,12.0,11.92,4.1,3,Day,Medium,1189.3,17.63
M106938,6.2,455.9,55.9,3.696,11.64,3.0,0,Night,Medium,1226.2,5.92
M106939,6.6,641.5,56.8,4.9,8.7,,3,Rotational,Medium,1374.1,11.09
M106940,3.7,424.2,,2.239,9.94,3.1,1,Rotational,,1309.9,4.67
M106941,0.0,501.5,58.7,1.68,10.63,1.8,3,Rotational,Medium,1294.5,3.17
M106942,4.8,358.3,67.7,3.587,9.53,1.1,2,Night,Medium,1243.6,6.21
M106943,8.4,539.1,70.7,1.226,9.13,2.0,1,Night,Medium,1353.6,4.86
M106944,7.5,360.1,70.6,2.905,6.9,1.2,1,Day,Medium,1129.0,2.72
M106945,11.8,458.7,60.0,5.535,8.2,1.8,6,Day,Medium,1116.1,7.3
M106946,14.8,397.5,78.9,4.155,8.46,3.2,3,Night,Medium,1198.4,9.19
M106947,10.0,458.4,73.9,3.771,7.61,2.5,3,Day,Medium,1360.4,7.66
M106948,12.5,400.0,85.4,7.94,9.66,4.4,6,Day,Medium,1609.8,16.93
M106949,10.1,352.9,77.3,4.006,10.8,2.4,1,Night,Medium,1441.9,9.86
M106950,13.8,396.9,,1.281,8.87,0.7,0,Night,Medium,1252.7,4.61
M106951,14.4,551.0,82.4,3.082,6.19,0.5,1,Rotational,Medium,1528.9,8.45
M106952,10.8,459.7,71.0,8.694,9.32,0.0,2,,Medium,1364.1,14.78
M106953,9.8,310.4,76.8,2.844,9.91,3.6,1,Rotational,High,1330.1,4.68
M106954,6.2,513.1,75.9,8.432,9.81,0.7,3,Rotational,Medium,1516.6,12.52
M106955,6.8,344.2,66.6,5.539,8.42,2.8,1,Day,Medium,1189.2,6.99
M106956,5.6,483.2,69.1,2.707,7.69,1.2,1,Night,High,1202.5,5.08
M106957,9.5,467.0,66.6,1.934,10.83,0.5,1,Day,High,1417.2,4.36
M106958,4.1,472.4,58.6,3.935,10.03,0.1,3,Day,Medium,1216.0,6.22
M106959,6.2,577.5,44.4,6.267,8.48,,0,Night,Medium,1128.3,13.13
M106960,0.0,349.6,60.4,1.508,7.25,1.0,0,Day,Medium,1082.8,1.31
M106961,13.9,471.9,70.2,3.526,9.83,2.6,0,Day,Medium,1375.1,3.68
M106962,6.1,527.1,79.9,1.196,8.15,0.1,2,Night,Medium,1531.3,6.83
M106963,8.8,365.3,76.8,2.802,10.07,1.8,1,Rotational,Medium,1428.1,7.12
M106964,12.8,356.6,64.9,1.452,9.74,5.1,0,Day,High,1236.6,0.84
M106965,8.2,395.6,60.5,4.398,12.62,3.2,1,Night,Low,1327.8,8.25
M106966,12.8,447.6,66.0,2.353,9.38,2.5,0,Night,High,1299.9,4.81
M106967,2.0,300.1,57.3,5.924,12.5,0.1,2,Day,Low,1095.4,10.35
M106968,16.6,466.9,44.7,2.534,9.62,0.4,2,Rotational,High,1196.4,7.82
M106969,11.3,300.3,,2.421,8.5,0.0,0,Rotational,High,920.8,5.02
M106970,7.8,529.9,83.1,1.481,7.92,0.8,1,Night,Medium,1431.1,7.5
M106971,12.7,463.7,88.4,4.037,8.18,0.0,3,Night,High,1501.2,10.63
M106972,2.3,582.6,76.3,4.246,10.14,0.7,0,Day,Low,1531.6,6.9
M106973,5.8,476.8,67.4,5.311,9.69,2.1,0,Rotational,Medium,1353.1,8.08
M106974,12.8,394.1,52.7,4.607,6.74,3.5,1,Day,Medium,1153.7,8.1
M106975,0.0,352.1,66.2,4.058,11.03,1.5,1,Rotational,High,1239.2,2.98
M106976,9.2,440.3,74.7,4.472,11.72,1.5,3,Rotational,Medium,1376.6,8.77
M106977,9.1,417.4,77.1,4.704,6.73,0.0,1,Night,Low,1340.6,11.73
M106978,14.9,520.8,75.6,5.227,11.02,4.6,2,Day,High,1605.4,8.33
M106979,0.7,341.1,81.3,1.547,12.02,3.0,1,Night,Medium,1477.0,5.16
M106980,13.4,591.8,89.4,2.636,6.81,3.8,1,Rotational,High,1604.7,9.37
M106981,4.8,528.4,63.5,1.475,8.8,1.7,0,Day,High,1323.8,2.04
M106982,5.2,402.7,98.9,3.92,8.23,2.1,1,Day,High,1612.7,12.48
M106983,2.1,572.8,45.8,7.501,10.96,1.3,2,Day,Low,1170.1,16.25
M106984,2.6,353.4,59.4,5.197,8.88,0.0,1,Night,Low,1107.1,10.02
M106985,8.6,437.5,70.2,2.451,8.82,0.5,4,Day,High,1258.4,6.62
M106986,2.6,311.5,74.0,4.275,10.13,0.0,2,Day,High,1375.3,4.38
M106987,10.0,577.0,66.0,3.953,11.84,0.7,3,Rotational,Medium,1605.9,7.89
M106988,4.3,280.0,62.5,3.731,9.41,1.6,4,Night,Medium,1198.3,8.21
M106989,2.1,297.6,92.2,1.73,8.79,0.0,2,Night,Low,1395.5,9.87
M106990,4.9,366.0,62.0,6.408,9.07,1.0,1,Day,Medium,1079.6,8.39
M106991,8.3,532.4,56.8,1.842,10.49,2.6,1,Day,Medium,1319.5,2.65
M106992,5.9,501.2,86.6,2.764,7.5,0.8,2,Day,Medium,1466.3,7.0
M106993,7.1,430.4,77.3,5.363,9.48,2.4,2,Day,Low,1396.4,9.11
M106994,9.8,506.6,80.0,2.755,8.09,2.4,1,Day,Medium,1466.1,7.11
M106995,11.3,410.2,70.2,3.454,7.7,1.7,3,Day,,1348.3,4.56
M106996,5.8,455.9,52.9,3.525,6.58,1.5,1,,Low,1111.3,6.49
M106997,2.8,560.4,68.9,3.431,8.73,0.0,1,Day,Medium,1433.7,5.82
M106998,7.3,399.0,51.3,3.517,11.12,2.8,2,Rotational,Low,1233.8,8.95
M106999,8.9,354.9,70.7,3.695,6.52,2.0,4,Rotational,Medium,1209.5,7.39
M107000,1.2,460.0,75.2,,10.31,2.0,0,Day,High,1391.4,2.57
M107001,3.4,482.9,79.8,2.122,8.53,2.0,1,Rotational,High,1378.0,5.22
M107002,4.1,429.4,67.0,1.53,7.9,0.8,2,Rotational,Medium,1280.4,4.96
M107003,6.2,505.3,76.2,5.469,10.02,3.0,2,Day,Low,1514.9,9.76
M107004,4.0,402.9,58.1,5.595,11.47,1.5,1,Night,Low,1255.8,10.63
M107005,9.8,430.8,78.6,3.93,11.75,3.3,0,Rotational,Medium,1496.3,8.25
M107006,0.6,451.8,75.4,3.914,9.93,4.9,0,Rotational,High,1520.0,3.69
M107007,0.7,444.4,,2.101,9.39,0.0,0,Day,Medium,1240.0,3.33
M107008,5.7,557.1,73.8,0.981,10.09,1.2,1,Night,Medium,1484.3,4.47
M107009,6.3,451.4,80.0,2.932,13.22,2.0,1,Day,High,1615.6,4.82
M107010,1.2,394.2,68.9,1.286,9.06,0.2,0,Day,Low,1272.4,2.89
M107011,4.6,464.9,59.0,3.641,11.2,4.5,4,Night,Medium,1277.7,7.43
M107012,5.4,505.8,70.0,6.373,8.61,0.0,7,Day,Medium,1419.8,13.42
M107013,5.4,485.8,74.1,2.44,8.25,0.5,2,Day,High,1334.8,3.95
M107014,7.6,481.1,58.9,2.511,12.15,1.0,1,Day,Medium,1227.7,4.7
M107015,4.4,292.7,56.9,2.008,9.5,1.8,1,Rotational,High,1123.1,4.16
M107016,12.9,208.1,73.7,3.394,9.84,3.8,1,Day,Medium,1284.2,3.79
M107017,9.0,528.4,77.1,3.265,10.32,3.4,5,Rotational,Medium,1625.6,7.69
M107018,3.8,457.3,91.6,1.995,8.16,0.1,2,Rotational,Low,1493.2,11.51
M107019,7.4,418.2,75.3,5.24,8.84,0.4,0,Night,Medium,1342.6,8.61
M107020,7.5,479.0,54.7,12.0,8.54,2.6,3,Day,Medium,1080.2,19.87
M107021,11.9,583.8,90.4,6.019,10.0,1.9,3,Rotational,Medium,1668.2,13.96
M107022,4.6,540.2,100.8,10.812,10.05,0.7,1,Night,Medium,2131.3,26.08
M107023,10.1,501.8,45.9,,8.6,2.6,2,Night,Low,1093.2,11.9
M107024,7.2,344.6,73.5,9.646,12.54,2.9,1,Night,High,1914.6,13.3
M107025,13.0,355.7,62.6,2.542,9.46,0.0,1,Day,Low,1100.1,4.92
M107026,12.2,217.2,,5.361,9.65,4.2,2,Rotational,High,1222.8,6.69
M107027,7.8,473.8,41.8,5.479,11.52,0.0,0,Night,Medium,1142.1,13.52
M107028,6.0,514.2,66.7,1.85,8.19,0.8,1,Night,Low,1396.6,5.2
M107029,9.0,521.2,76.6,3.987,8.72,1.3,1,Night,Medium,1428.6,9.79
M107030,6.3,477.4,36.8,5.787,9.93,1.4,1,Day,Low,932.8,15.29
M107031,13.7,406.9,76.2,2.787,7.29,2.0,2,Night,Medium,1403.7,7.75
M107032,7.3,372.0,77.5,2.987,9.14,0.7,0,Day,High,1282.4,3.98
M107033,5.4,349.8,58.7,4.702,12.58,,3,Day,Medium,1156.0,6.85
M107034,5.2,406.1,55.3,4.769,12.24,0.7,3,Day,High,1188.6,6.96
M107035,2.1,336.9,58.5,4.115,10.85,1.0,0,Rotational,Medium,1087.8,6.08
M107036,9.2,569.3,38.6,3.77,11.27,1.1,1,Rotational,Medium,1121.5,13.81
M107037,3.7,309.3,64.4,4.032,10.24,2.2,3,Rotational,Medium,1173.1,6.64
M107038,11.4,403.3,70.4,2.89,8.85,0.0,3,Night,Medium,1345.3,7.59
M107039,1.8,255.4,54.6,1.899,11.97,0.2,1,Night,High,1060.1,3.82
M107040,7.5,445.2,78.7,1.525,8.08,2.8,0,Day,Medium,1314.2,4.65
M107041,11.6,419.8,69.1,4.472,10.95,1.7,2,Day,Low,1252.7,7.47
M107042,0.0,389.7,70.9,3.505,8.74,1.3,1,Night,High,1341.7,5.6
M107043,15.1,340.7,63.6,4.169,8.83,0.7,4,Rotational,Medium,1106.2,7.78
M107044,5.3,420.2,76.2,,10.31,2.2,3,Night,High,1428.8,4.54
M107045,7.6,373.7,82.2,3.495,12.55,4.0,1,Rotational,Medium,1449.8,7.98
M107046,9.3,408.4,63.5,3.453,11.64,3.1,0,Day,Medium,1322.1,3.6
M107047,9.9,586.4,76.4,6.293,10.01,2.7,1,Day,High,1583.7,11.6
M107048,8.1,434.6,76.5,5.083,9.59,3.1,4,Rotational,High,1418.0,8.81
M107049,11.0,465.3,72.6,2.293,10.67,3.6,1,Night,Low,1379.7,7.33
M107050,9.1,380.5,86.4,4.273,11.55,1.3,2,Day,Medium,1496.8,7.99
M107051,14.0,353.3,60.0,2.285,6.86,1.2,3,Day,Medium,1065.0,6.62
M107052,9.1,418.0,63.4,0.899,9.31,0.0,1,Day,Medium,1310.9,2.2
M107053,14.9,632.8,59.5,7.869,7.92,0.8,1,Day,Medium,1394.3,9.02
M107054,10.6,395.6,76.0,2.753,9.17,0.0,1,Rotational,Medium,1248.0,6.34
M107055,0.0,450.7,65.0,5.583,7.61,,0,Day,Medium,1298.8,4.34
M107056,17.4,349.6,60.3,2.385,6.79,3.3,5,Day,Low,1109.9,6.71
M107057,4.7,185.8,86.3,2.217,7.52,1.1,1,Night,Medium,1085.1,7.51
M107058,13.0,352.9,87.9,2.526,8.67,1.8,3,Rotational,Medium,1369.3,7.82
M107059,7.1,622.4,64.4,3.767,10.38,0.0,1,Day,High,1530.3,4.92
M107060,11.2,470.6,53.0,3.626,8.28,0.0,5,Day,Medium,1175.2,8.5
M107061,4.2,559.5,88.5,4.258,8.2,2.0,1,Day,Medium,1671.7,11.64
M107062,9.5,390.4,73.2,2.59,10.09,3.2,1,Day,High,1370.0,2.53
M107063,6.0,219.7,72.6,3.388,9.93,1.3,2,Day,Low,1192.0,7.04
M107064,13.3,325.8,69.2,2.178,12.05,0.1,1,Day,Medium,1321.1,4.77
M107065,8.8,453.7,59.2,6.922,10.9,4.1,1,Day,Medium,1250.0,8.46
M107066,10.7,440.2,63.5,1.721,7.96,,0,Rotational,Medium,1293.0,3.45
M107067,0.0,419.1,75.5,2.201,8.49,2.9,2,Night,High,1352.2,3.74
M107068,6.7,374.9,63.1,,10.62,1.4,2,Rotational,Medium,1248.1,5.13
M107069,8.6,499.9,72.8,10.962,8.17,3.1,6,Rotational,High,1464.2,15.48
M107070,7.9,377.4,68.1,4.872,9.01,0.4,0,Rotational,Medium,1300.5,6.69
M107071,10.8,446.2,56.4,2.167,6.93,1.1,3,Day,High,1167.0,4.69
M107072,5.5,436.6,85.8,5.008,7.54,0.0,1,Rotational,Medium,1400.7,11.89
M107073,7.2,388.7,74.5,4.297,11.39,0.5,0,Rotational,Low,1354.4,8.22
M107074,11.7,345.1,71.6,3.807,9.75,0.0,3,Night,Medium,1271.1,7.1
M107075,0.0,383.7,74.1,4.702,8.56,2.1,2,Rotational,Medium,1197.2,6.27
M107076,9.4,579.3,48.3,3.418,8.77,5.2,2,Rotational,Medium,1264.2,6.99
M107077,5.7,514.6,62.6,3.616,12.07,0.2,0,Night,Medium,1368.6,7.87
M107078,3.4,506.7,51.2,1.527,8.51,3.6,1,Day,Medium,1201.1,4.23
M107079,8.3,353.2,69.4,6.832,10.21,0.0,3,Rotational,Low,1229.8,12.91
M107080,11.9,297.8,71.6,2.654,10.81,0.9,1,Day,Medium,1347.1,5.57
M107081,11.2,513.2,69.6,1.789,11.67,3.6,2,Rotational,High,1369.1,2.66
M107082,6.5,496.9,81.0,2.58,8.22,2.8,2,Rotational,High,1311.4,7.8
M107083,10.5,431.7,51.5,2.633,7.4,1.3,2,Day,Low,1149.9,8.15
M107084,10.5,388.5,59.2,2.224,7.84,2.0,0,Night,High,1044.4,4.68
M107085,6.7,295.6,72.6,4.898,10.6,0.0,2,Rotational,Medium,1197.9,8.54
M107086,4.2,493.7,70.9,5.404,12.49,2.1,1,Day,Medium,1345.0,8.35
M107087,4.5,520.8,53.5,1.247,10.65,0.5,1,Rotational,Medium,1336.0,5.08
M107088,10.4,362.3,81.2,2.567,8.51,2.7,1,Day,High,1398.5,3.9
M107089,6.8,355.2,85.0,2.66,11.28,1.3,2,Night,Medium,1506.4,8.95
M107090,2.8,525.5,72.7,3.046,8.8,0.9,3,Rotational,High,1493.8,4.0
M107091,0.3,365.4,51.4,7.792,8.25,1.6,2,Day,Medium,1097.0,9.93
M107092,10.3,571.2,69.8,2.21,9.0,2.3,0,Day,Medium,1415.2,3.29
M107093,4.8,410.7,71.7,7.251,8.63,3.1,0,Night,Medium,1313.4,9.71
M107094,8.3,387.1,65.0,3.086,8.45,0.0,1,Day,Medium,1257.9,4.3
M107095,12.0,423.8,82.8,7.285,11.33,0.7,0,Rotational,High,1516.7,9.42
M107096,1.8,387.1,66.7,2.842,8.73,1.3,2,Rotational,Low,1190.2,5.39
M107097,6.8,515.7,91.1,2.68,7.12,1.2,1,Rotational,Medium,1556.1,10.67
M107098,6.3,495.3,76.6,3.283,10.38,0.3,1,Night,Medium,1479.8,6.32
M107099,8.5,512.5,71.0,6.335,8.07,2.1,4,Rotational,Medium,1429.2,9.74
M107100,12.0,435.7,78.1,3.594,8.12,1.3,3,Day,Medium,1391.2,7.8
M107101,1.7,381.2,84.8,3.686,10.55,1.5,4,Day,Medium,1470.9,6.69
M107102,9.3,419.2,77.9,4.565,8.41,4.5,2,Night,Medium,,8.21
M107103,11.1,383.8,,2.139,8.82,2.2,0,Night,High,1263.3,3.77
M107104,6.3,544.7,60.7,3.929,9.56,4.2,2,Day,Medium,1313.1,6.87
M107105,6.5,505.2,55.7,2.425,9.07,2.4,1,Day,Medium,1272.1,5.98
M107106,8.7,412.2,41.2,6.928,8.86,0.4,2,Day,Medium,995.8,14.73
M107107,8.4,341.2,69.9,4.093,5.99,1.0,2,Day,High,1107.4,6.71
M107108,9.3,551.0,63.7,4.694,9.24,0.8,1,Day,High,1350.3,8.12
M107109,9.2,431.6,64.3,1.198,11.92,1.5,1,Rotational,Low,1296.7,5.21
M107110,3.1,408.9,79.3,4.727,10.44,2.8,0,Night,Low,1397.2,9.06
M107111,11.0,551.7,66.8,3.038,8.94,3.8,4,Night,Low,1382.3,8.3
M107112,11.7,376.7,88.8,1.618,10.21,3.0,0,Day,Medium,1479.9,7.13
M107113,7.7,392.9,61.7,3.482,10.44,3.1,1,Rotational,Low,1140.3,7.06
M107114,1.0,400.4,57.3,1.554,8.24,1.4,1,Day,Medium,1214.4,1.81
M107115,6.5,308.1,54.2,4.506,11.39,3.5,2,Night,High,1074.1,6.6
M107116,7.8,446.8,76.0,6.8,9.74,1.8,1,Day,Low,1501.4,11.35
M107117,2.4,355.2,80.7,1.356,9.03,1.2,3,Night,Medium,1382.1,6.89
M107118,5.6,371.5,85.1,10.221,11.89,3.6,1,Day,Medium,1823.9,15.94
M107119,1.4,360.1,56.3,3.057,6.4,1.5,3,Day,Low,994.0,5.22
M107120,9.4,370.1,84.8,1.228,7.74,3.4,2,Rotational,Low,1393.9,7.76
M107121,7.7,348.7,52.0,5.25,10.46,4.0,2,Day,Medium,1036.6,6.8
M107122,0.4,441.0,79.1,4.54,10.51,2.0,1,Day,Medium,1515.7,6.05
M107123,8.4,406.8,61.7,9.144,11.97,6.5,2,Day,Medium,1316.7,13.96
M107124,6.8,424.1,72.4,4.255,6.12,0.0,1,Day,Medium,1394.8,4.56
M107125,9.1,620.1,79.8,2.139,10.79,1.0,1,Day,High,1655.1,5.38
M107126,5.4,406.8,73.2,4.294,7.63,3.3,1,Rotational,High,1233.0,6.23
M107127,3.8,471.4,64.8,6.312,10.13,0.0,2,Day,Medium,1369.5,9.89
M107128,3.9,481.1,83.4,2.632,9.4,2.2,0,Night,,1507.9,9.2
M107129,4.8,414.7,71.2,5.085,10.77,3.6,2,Rotational,Low,1356.5,8.57
M107130,7.1,443.3,108.5,1.023,9.15,2.3,1,Day,Medium,1742.8,18.57
M107131,7.6,421.8,49.2,6.942,11.02,1.7,2,Day,Low,1096.4,12.48
M107132,6.2,437.2,49.1,4.954,8.26,0.0,1,Day,Medium,1121.3,10.02
M107133,5.3,370.1,78.9,0.93,9.38,0.5,3,Day,Medium,1392.9,5.72
M107134,5.6,378.0,67.7,4.02,9.79,2.4,1,Day,High,1281.7,3.89
M107135,17.0,421.4,76.7,1.23,12.02,1.6,3,Night,Medium,1330.8,7.76
M107136,3.9,252.4,55.9,2.446,10.75,0.1,1,Day,Medium,1061.0,2.81
M107137,4.8,547.2,68.6,4.662,9.81,2.4,0,Day,Low,1338.7,8.13
M107138,20.2,603.7,73.0,3.102,10.46,4.9,1,Day,High,1456.9,3.2
M107139,8.7,434.5,62.0,6.223,11.13,3.4,1,Day,Low,1222.1,10.37
M107140,1.5,476.6,70.6,3.428,10.06,2.5,0,Day,Low,1373.6,7.73
M107141,10.4,511.9,53.0,3.259,7.96,2.2,0,Day,Low,1172.9,7.25
M107142,3.4,307.4,72.3,5.75,10.44,0.9,2,Day,High,1352.8,6.94
M107143,10.6,498.9,83.9,2.804,9.46,3.2,2,Night,Medium,1577.0,10.68
M107144,6.2,383.8,54.4,3.279,8.97,2.4,3,Day,Low,1187.7,7.01
M107145,5.2,614.7,53.7,3.502,8.32,3.0,0,Day,Low,1351.1,4.95
M107146,13.4,404.0,81.1,3.21,10.37,0.9,1,Day,High,1362.8,6.34
M107147,9.3,497.2,53.5,5.931,10.27,1.9,4,Rotational,Medium,1195.8,9.69
M107148,10.9,404.8,77.2,2.379,8.07,2.1,1,Night,Medium,1179.3,6.43
M107149,8.7,606.7,68.6,2.192,7.84,0.4,2,Day,Medium,1427.5,4.16
M107150,5.2,376.5,63.4,1.953,12.34,3.1,0,Rotational,Low,1370.3,5.56
M107151,9.4,519.0,84.1,1.138,10.79,,2,Rotational,Low,1581.4,8.7
M107152,11.8,473.3,78.2,6.972,9.63,4.0,3,Night,High,1380.9,11.1
M107153,7.5,454.4,71.1,2.116,10.41,1.8,1,Night,Medium,1331.2,5.94
M107154,14.2,439.5,44.3,2.947,8.8,4.3,2,Night,Low,1087.2,10.75
M107155,10.4,363.3,75.8,7.235,9.24,1.4,0,Rotational,Medium,1287.0,12.4
M107156,7.8,200.2,56.2,3.093,9.53,0.0,0,Day,Low,1037.8,5.81
M107157,8.0,511.3,65.6,4.294,10.95,1.9,3,Night,Low,1439.0,11.08
M107158,7.5,378.4,68.1,1.632,7.38,1.1,3,Rotational,High,1191.3,3.02
M107159,2.0,519.4,88.9,6.68,7.97,0.0,3,Rotational,Medium,1488.4,15.2
M107160,6.6,449.9,65.2,3.124,7.66,3.8,2,Day,Low,1282.3,6.76
M107161,7.9,522.0,52.3,1.995,10.78,1.7,1,Rotational,Medium,1222.5,6.04
M107162,5.3,488.2,84.2,1.995,9.35,3.4,1,Day,High,1545.7,3.38
M107163,8.4,210.5,76.0,7.729,8.13,1.6,1,Rotational,Medium,1190.0,10.52
M107164,7.1,472.3,76.4,2.477,9.17,2.4,2,Night,Low,,7.13
M107165,10.1,390.8,84.4,2.017,8.55,0.0,3,Rotational,Medium,1505.4,9.34
M107166,9.7,519.0,87.0,2.674,7.35,2.6,1,Night,High,1505.0,9.4
M107167,7.7,470.3,58.2,3.396,11.39,2.1,3,Night,Low,1348.3,9.71
M107168,1.5,471.3,52.7,3.582,9.28,0.1,1,Day,Medium,1231.6,5.53
M107169,14.2,396.9,77.3,4.146,11.43,4.3,2,Day,Medium,1398.8,6.07
M107170,6.4,342.4,65.1,3.734,7.33,1.6,3,Night,High,1072.2,4.61
M107171,6.7,383.2,66.1,4.589,10.26,0.3,3,Rotational,High,1264.4,6.18
M107172,5.6,267.0,55.7,2.897,7.34,0.0,1,Day,Medium,1028.9,4.46
M107173,5.0,369.8,74.4,9.357,13.17,2.4,3,Day,Low,1394.6,15.74
M107174,13.2,295.5,72.4,2.601,6.91,1.6,3,Day,Medium,1142.0,4.72
M107175,12.5,297.8,66.3,6.529,12.19,3.4,3,Night,Medium,1263.5,8.89
M107176,8.8,429.9,,2.461,9.47,3.1,1,Day,Medium,1167.1,5.74
M107177,6.6,465.4,81.3,1.626,9.23,1.7,0,Rotational,Medium,1417.3,5.01
M107178,9.5,417.3,70.8,1.443,10.38,4.9,0,Day,Low,1256.8,4.45
M107179,7.3,377.6,80.3,3.865,8.09,4.7,2,Day,Low,1381.1,10.62
M107180,6.2,339.5,44.9,5.936,10.68,0.9,3,Rotational,Medium,976.1,11.43
M107181,8.4,393.0,68.6,1.867,10.79,2.2,0,Day,Low,1280.7,2.21
M107182,5.2,350.1,60.1,,9.52,2.7,0,Day,Medium,1218.3,2.95
M107183,8.0,414.7,68.4,4.027,9.88,1.8,1,Night,Low,1462.9,8.62
M107184,7.8,290.7,78.4,3.316,12.39,1.7,1,Day,High,1479.0,4.59
M107185,9.4,479.6,72.1,2.477,10.48,2.7,5,Day,Medium,1416.2,6.81
M107186,4.5,371.8,68.2,,8.33,3.2,0,Day,Low,1314.5,3.47
M107187,9.8,452.0,68.1,3.875,10.63,2.5,2,Day,Medium,1269.7,4.81
M107188,3.4,495.4,50.8,4.602,8.69,3.5,2,Day,Medium,1155.9,6.8
M107189,4.7,447.9,58.0,4.246,8.4,0.2,1,Rotational,Low,1168.3,7.75
M107190,4.9,487.9,80.3,3.364,10.27,0.0,0,Day,Low,1463.6,7.66
M107191,2.7,244.3,62.4,1.958,7.99,0.0,0,Rotational,Medium,1055.8,2.75
M107192,11.1,378.1,80.5,3.886,9.57,0.0,1,Rotational,Medium,1408.0,8.2
M107193,3.1,513.8,77.1,3.743,10.51,1.3,1,Rotational,Medium,1474.7,6.1
M107194,4.2,463.3,77.7,1.722,12.36,5.0,0,Night,Low,1513.6,7.53
M107195,12.0,577.1,71.7,2.854,10.46,0.0,4,Rotational,High,1442.7,6.07
M107196,4.7,564.9,63.2,3.988,7.3,7.4,1,Rotational,Medium,1155.7,4.51
M107197,6.2,445.5,66.3,3.193,7.53,2.4,0,Day,Low,1260.1,5.56
M107198,3.0,398.6,75.0,1.246,12.09,2.4,0,Rotational,Medium,1436.7,3.1
M107199,10.3,338.5,64.4,6.068,8.55,2.0,1,Rotational,Medium,1480.1,7.9
M107200,10.4,379.6,81.7,2.332,7.23,2.9,3,Rotational,Medium,,7.38
M107201,10.0,385.3,62.5,4.391,7.99,0.0,7,Night,Medium,1086.5,9.99
M107202,9.2,369.6,67.1,12.0,10.69,0.9,0,Rotational,Low,1145.3,15.67
M107203,7.3,341.9,67.1,3.55,9.67,0.8,0,Night,Medium,1242.5,6.54
M107204,4.9,454.1,67.6,1.824,10.47,0.9,2,Day,Medium,1301.6,3.7
M107205,3.7,564.2,53.5,3.064,9.45,0.9,2,Day,Medium,1239.6,5.81
M107206,12.2,499.3,69.7,3.338,7.85,2.4,1,Night,High,1378.2,7.25
M107207,10.1,392.6,74.5,4.847,6.82,2.8,2,Day,,1354.7,9.04
M107208,4.2,506.2,45.5,6.178,8.25,2.2,2,Day,Medium,1085.7,10.13
M107209,7.2,449.5,53.7,6.656,9.68,0.7,2,Day,Medium,1235.0,9.48
M107210,5.8,416.5,77.9,4.343,7.72,0.2,1,Day,Medium,1376.3,6.76
M107211,2.5,411.2,75.8,3.319,10.97,1.5,2,Rotational,Low,1493.4,8.46
M107212,7.7,403.0,71.3,6.971,8.0,1.3,5,Day,Low,1298.0,10.9
M107213,5.3,475.3,60.5,2.791,7.02,0.0,1,Rotational,Low,1167.8,6.1
M107214,3.2,431.9,75.9,3.412,9.5,1.9,0,Day,Low,1346.7,5.41
M107215,1.1,358.1,54.8,2.94,10.64,3.7,2,Day,High,1226.6,4.21
M107216,0.7,354.0,66.5,1.144,11.74,0.2,0,Rotational,Medium,1394.0,2.52
M107217,5.5,446.0,53.6,6.271,7.08,1.1,2,Rotational,Medium,1060.3,9.0
M107218,6.7,456.4,66.2,4.654,11.64,1.1,3,Night,Medium,1254.6,6.33
M107219,3.5,393.4,56.7,1.015,9.78,0.0,1,Day,Medium,1190.1,2.91
M107220,9.6,323.8,,5.479,8.57,,1,Day,Medium,1195.7,6.47
M107221,6.7,526.3,72.8,,10.52,0.8,1,Day,,1388.9,4.93
M107222,9.3,508.3,61.7,5.443,11.53,0.5,0,Rotational,Medium,1313.0,9.34
M107223,6.3,251.1,80.0,3.448,6.98,1.3,1,Night,High,1165.8,7.83
M107224,3.9,533.9,57.5,1.684,8.85,3.6,0,Rotational,,1178.3,3.15
M107225,7.5,402.2,67.6,3.364,8.68,0.9,2,Night,Low,1301.4,6.95
M107226,1.9,436.1,61.2,2.119,10.44,1.6,0,Rotational,High,1251.0,2.76
M107227,9.2,516.7,76.2,1.801,11.69,2.5,3,Rotational,Low,1546.5,7.76
M107228,3.3,560.5,75.1,5.122,9.61,1.1,0,Day,Medium,1455.0,8.39
M107229,10.7,505.2,82.3,4.038,9.06,0.7,1,Day,Low,1511.9,11.34
M107230,5.6,440.5,68.9,7.02,10.17,3.0,2,Day,High,1332.4,8.36
M107231,11.3,303.1,35.4,2.726,9.15,2.6,1,Day,Medium,885.9,10.59
M107232,2.5,247.8,63.3,2.051,6.25,3.5,2,Day,Medium,944.1,2.1
M107233,4.3,494.6,85.2,4.569,10.28,2.0,2,Rotational,Medium,1607.0,9.47
M107234,8.5,534.1,64.4,2.188,10.98,0.6,2,Day,Low,1395.7,6.24
M107235,11.7,350.8,46.9,2.843,11.11,0.0,2,Night,Medium,1018.3,10.91
M107236,13.7,397.1,72.9,4.317,7.77,3.4,1,Rotational,Medium,1291.9,7.0
M107237,7.2,372.6,73.8,3.117,10.41,0.8,3,Day,Medium,1400.8,7.78
M107238,14.4,370.4,60.0,2.6,11.8,1.2,0,Night,Low,1273.0,7.86
M107239,5.8,511.4,65.3,1.647,13.3,2.7,1,Night,Low,1499.4,4.2
M107240,11.4,438.6,58.7,5.304,10.22,2.9,2,Rotational,Low,1240.6,10.3
M107241,3.2,400.5,73.7,2.762,10.98,0.3,0,Rotational,Medium,1319.6,3.35
M107242,8.7,645.9,68.6,4.522,8.01,0.9,1,Rotational,Low,1456.7,9.85
M107243,0.0,298.1,55.2,4.233,7.81,3.5,1,Day,Low,1018.0,5.85
M107244,2.5,466.6,67.9,5.73,10.98,3.6,2,Rotational,Medium,1436.5,8.15
M107245,8.9,330.8,59.9,2.951,6.45,0.0,1,Rotational,Low,1009.3,5.75
M107246,1.8,406.6,84.1,2.79,9.73,1.8,0,Night,Low,1516.2,9.49
M107247,8.7,432.6,77.8,1.908,11.65,3.2,1,Night,High,1517.7,6.77
M107248,10.6,491.8,66.7,2.531,10.57,1.5,2,Day,Low,1452.8,8.23
M107249,5.0,397.8,68.9,3.938,10.56,2.5,5,Rotational,High,1357.9,5.21
M107250,3.1,388.8,89.8,5.676,9.43,2.2,1,Day,Medium,2112.7,11.69
M107251,5.1,396.3,66.1,3.888,8.89,1.2,0,Night,High,1206.0,6.24
M107252,3.1,328.2,76.3,6.915,12.73,0.0,4,Night,Medium,1460.6,12.36
M107253,6.6,473.7,84.3,2.658,11.35,1.1,1,Rotational,Medium,1584.8,7.56
M107254,7.4,443.9,62.6,1.721,10.77,0.4,1,Rotational,,1203.8,5.03
M107255,5.8,457.0,86.1,2.7,9.54,1.4,2,Night,Low,1584.6,10.42
M107256,13.7,414.1,82.9,1.63,8.62,3.3,1,Day,High,1419.3,5.04
M107257,4.1,403.6,70.7,6.47,11.12,2.5,2,Rotational,Medium,1369.2,10.07
M107258,12.6,519.9,63.1,3.464,9.04,4.0,0,Day,Medium,1438.1,5.03
M107259,2.8,506.9,70.6,2.307,9.62,2.9,0,Rotational,High,1392.4,2.57
M107260,7.3,540.3,65.3,2.509,10.42,0.4,1,Day,Low,1283.6,5.81
M107261,11.7,451.7,59.3,1.838,9.81,3.0,0,Day,Low,1258.4,5.05
M107262,11.5,535.0,73.9,5.505,11.82,2.8,0,Day,Medium,1484.7,7.64
M107263,5.3,384.6,56.7,8.319,7.52,1.9,0,Night,Medium,1084.7,12.5
M107264,9.2,402.9,64.3,1.573,9.6,3.8,1,Night,High,1202.2,3.72
M107265,8.7,521.6,64.4,5.594,12.71,3.4,1,Day,Medium,1333.3,8.39
M107266,4.8,491.7,,2.936,10.85,2.0,1,Day,High,1283.7,4.46
M107267,9.5,395.3,75.2,6.257,9.2,3.4,1,Night,Medium,1428.5,9.23
M107268,14.4,331.1,65.5,,10.7,2.1,0,Day,Medium,1249.8,2.79
M107269,8.9,402.7,82.3,3.716,9.43,1.7,5,Rotational,Medium,1372.2,9.27
M107270,9.3,361.8,65.3,2.708,11.7,3.0,0,Rotational,High,1268.0,2.18
M107271,9.7,566.6,63.5,4.616,10.73,0.6,1,Day,Medium,1568.5,5.55
M107272,1.2,484.6,58.0,3.423,8.2,1.1,1,Rotational,Medium,1262.4,6.23
M107273,8.8,354.9,68.4,3.357,9.86,1.2,1,Day,High,1254.0,2.47
M107274,2.9,331.2,68.5,3.149,10.13,0.0,1,Day,High,1164.0,4.55
M107275,4.6,353.8,76.2,7.251,10.2,0.0,3,Day,Medium,1342.6,10.11
M107276,15.6,372.5,68.7,3.042,9.98,4.0,3,Rotational,Medium,1247.3,4.17
M107277,6.0,405.8,91.0,5.115,10.35,0.0,1,Day,High,1579.5,12.9
M107278,4.0,514.7,73.0,4.546,10.13,0.0,3,Day,High,1442.2,6.53
M107279,11.6,337.8,57.1,5.178,8.42,1.1,0,Night,Medium,1162.9,8.6
M107280,3.2,614.6,56.2,1.999,8.82,3.3,1,Day,Medium,1419.8,3.51
M107281,5.2,339.8,73.9,4.728,9.12,0.8,2,Day,Medium,1169.6,8.16
M107282,12.0,300.2,56.8,3.929,9.64,1.8,1,Rotational,Medium,1106.2,6.14
M107283,7.2,563.5,74.5,1.832,9.12,0.0,0,Rotational,Medium,1570.4,3.71
M107284,0.8,532.3,77.9,2.986,11.15,0.2,5,Night,Medium,1600.8,8.59
M107285,9.2,404.5,78.1,10.456,8.06,5.0,2,Day,Medium,1211.1,15.83
M107286,5.4,452.4,58.4,2.729,6.9,0.8,3,Night,Medium,1276.9,6.05
M107287,13.2,454.6,78.1,2.763,12.45,4.5,2,Day,Medium,1414.4,4.49
M107288,4.6,431.6,,4.159,8.27,0.4,0,Day,Medium,1202.8,5.43
M107289,11.2,309.8,61.3,2.533,11.15,1.9,0,Night,High,1068.6,5.49
M107290,14.1,209.0,66.2,3.562,10.41,1.7,0,Night,Medium,1144.0,6.9
M107291,3.6,348.2,73.2,2.653,8.33,1.7,0,Night,Medium,1196.1,6.24
M107292,6.2,574.4,60.6,4.06,9.3,5.6,2,Night,Medium,1308.7,8.38
M107293,8.6,577.7,71.3,3.219,9.08,0.3,0,Rotational,Medium,1425.6,6.06
M107294,3.6,397.7,83.9,8.811,10.03,1.1,5,Day,High,1519.0,13.57
M107295,8.1,338.6,78.6,3.397,8.35,2.3,3,Day,High,1341.9,5.83
M107296,6.1,443.6,68.9,2.97,9.24,3.7,4,,Medium,1240.0,6.0
M107297,6.0,457.3,70.6,5.555,9.44,1.9,4,Day,Medium,1307.2,6.97
M107298,7.2,471.1,62.1,1.656,11.15,2.4,0,Day,Medium,1228.7,2.76
M107299,7.3,205.2,62.4,7.736,8.88,2.0,2,Day,Medium,987.4,11.26
M107300,7.7,688.4,51.1,2.025,8.04,2.3,2,Day,Low,1356.7,8.14
M107301,4.6,516.3,70.8,6.027,8.68,1.4,4,Rotational,Medium,1371.5,11.31
M107302,4.8,403.2,75.5,6.878,10.05,1.9,2,Day,Medium,1299.7,6.68
M107303,6.5,358.9,67.2,2.553,6.84,0.2,0,Rotational,Medium,1218.9,4.5
M107304,6.8,503.9,58.3,2.678,11.3,4.5,1,Rotational,Medium,1321.2,5.0
M107305,5.2,462.1,68.7,3.144,9.53,0.8,2,Rotational,High,1283.8,3.72
M107306,8.3,427.8,82.8,4.53,10.15,3.6,0,Night,Low,1557.3,11.0
M107307,0.0,459.0,77.9,2.016,9.83,0.0,0,Night,High,1457.5,5.88
M107308,4.1,410.4,67.7,3.144,8.5,,2,Night,Medium,1255.1,5.75
M107309,5.9,454.2,90.5,2.839,7.88,2.2,3,Day,Medium,1536.0,10.56
M107310,3.6,481.7,97.7,1.867,8.45,5.4,3,Day,High,1534.0,10.53
M107311,13.5,449.2,62.7,1.969,7.24,4.8,0,Day,Medium,1122.3,3.28
M107312,7.1,444.7,65.3,,10.02,3.0,3,Rotational,Low,1258.0,5.36
M107313,7.7,538.4,75.6,3.509,9.26,4.2,1,Day,High,1523.8,4.07
M107314,5.1,284.2,58.0,2.266,7.2,0.9,2,Rotational,Low,977.4,5.1
M107315,6.9,352.2,77.3,3.454,8.58,3.2,0,Night,Low,1280.8,7.61
M107316,2.1,422.3,,2.403,10.48,1.4,2,Rotational,Medium,1452.3,3.8
M107317,6.3,358.0,72.1,6.382,11.44,2.1,3,Night,,1231.5,12.53
M107318,3.3,386.3,61.7,3.153,7.57,0.0,3,Day,Medium,,6.48
M107319,5.9,529.5,59.3,5.748,12.74,2.6,0,Day,Medium,1317.5,8.02
M107320,0.0,407.3,46.2,1.424,8.06,4.6,1,Day,High,1086.4,4.02
M107321,2.5,264.5,84.3,3.902,6.94,2.9,2,Day,Low,1208.9,8.85
M107322,12.9,384.0,78.4,4.473,12.14,2.1,3,Night,High,1424.1,10.01
M107323,10.3,424.9,75.4,3.099,7.94,4.6,1,Day,Medium,1280.4,3.92
M107324,12.3,423.4,71.8,2.536,11.79,1.4,0,Day,High,1309.9,1.54
M107325,12.6,467.3,42.7,3.074,8.5,2.1,0,Day,High,993.0,6.42
M107326,9.7,460.3,59.7,4.813,9.06,0.3,1,Day,Medium,1227.6,6.46
M107327,5.2,408.2,65.2,1.813,7.54,0.7,0,Day,High,1175.2,2.02
M107328,2.9,318.6,56.1,4.713,11.42,2.0,0,Rotational,Low,1061.1,8.42
M107329,11.6,382.5,49.4,3.893,11.21,4.3,1,Day,High,1142.1,5.67
M107330,7.3,367.1,57.2,2.914,8.51,1.0,1,Day,High,998.9,2.96
M107331,17.0,395.8,68.5,2.977,9.39,2.9,2,Day,Medium,1284.2,4.95
M107332,5.5,478.7,68.5,3.424,10.49,2.9,0,Night,Medium,1345.8,6.77
M107333,14.9,454.3,78.0,7.609,8.79,4.4,2,Night,Medium,1440.0,12.8
M107334,6.4,490.0,90.7,3.951,11.55,3.6,1,Day,High,1720.2,8.99
M107335,12.3,387.4,75.5,2.072,9.34,0.8,1,Day,Medium,1300.3,5.52
M107336,13.8,548.2,66.1,2.671,8.72,1.2,1,Night,Medium,1350.4,8.23
M107337,2.9,477.2,87.8,1.873,7.13,1.6,0,Day,Medium,1518.0,7.28
M107338,5.1,429.5,50.6,1.291,7.56,1.5,2,Night,Low,1083.8,6.82
M107339,2.9,471.3,45.1,1.857,10.38,2.8,1,Day,Medium,1179.5,5.55
M107340,2.1,362.6,58.2,3.526,9.85,0.5,0,Day,Medium,1105.5,6.02
M107341,9.7,240.8,76.9,6.278,10.72,3.9,2,Rotational,Low,1285.6,11.36
M107342,6.2,368.4,69.9,,8.66,1.1,1,Night,Medium,1255.2,9.05
M107343,7.2,483.5,55.6,1.863,7.04,0.4,0,Day,High,1186.2,3.51
M107344,9.2,426.8,60.0,2.228,8.76,0.0,0,Day,Low,1174.9,4.8
M107345,0.0,408.4,54.3,2.076,12.56,2.5,2,Night,Medium,1203.2,6.33
M107346,12.1,347.9,54.3,0.913,8.05,2.8,0,Day,High,997.3,2.65
M107347,5.6,253.8,85.1,3.053,9.45,1.5,2,Day,High,1347.4,6.43
M107348,9.1,541.1,66.4,4.961,5.88,2.9,1,Night,Medium,1299.7,7.93
M107349,9.5,402.3,,,8.72,0.3,2,Night,Low,1456.8,11.51
M107350,12.5,383.5,58.2,1.761,8.88,3.2,0,Day,Medium,1092.6,3.09
M107351,6.6,362.9,73.4,2.176,10.0,8.4,0,Rotational,High,1339.8,2.8
M107352,0.0,526.6,70.5,2.817,9.02,1.2,0,Rotational,Medium,1333.1,5.61
M107353,7.2,494.9,77.7,4.88,7.22,3.4,5,Night,Low,1439.5,12.09
M107354,7.8,337.8,70.8,3.03,8.5,0.3,1,Night,Low,1127.3,7.65
M107355,2.9,519.0,78.8,4.561,9.19,0.9,2,Day,Medium,1597.9,8.23
M107356,7.6,407.7,74.1,3.188,8.01,0.1,2,Day,High,1475.3,2.38
M107357,5.6,368.1,56.0,3.737,8.22,2.9,1,Rotational,Low,1149.7,6.51
M107358,1.6,395.0,76.1,2.075,11.01,0.0,0,Rotational,Medium,1388.0,4.54
M107359,9.7,353.4,66.9,2.356,8.56,0.0,2,Rotational,High,1153.0,4.09
M107360,4.7,307.7,59.5,1.772,10.16,0.6,2,Rotational,Medium,1071.2,2.5
M107361,5.4,486.0,75.6,4.485,9.23,0.0,0,Rotational,Low,1408.9,9.95
M107362,5.1,401.2,78.1,2.87,7.66,4.0,1,Day,Medium,1373.1,4.07
M107363,11.9,472.5,62.7,0.549,9.0,3.4,1,Day,Low,1274.8,4.14
M107364,6.8,444.4,64.1,4.223,9.94,3.0,0,Rotational,High,1476.9,4.53
M107365,7.3,466.6,52.7,5.404,12.11,1.2,1,Rotational,Low,1224.7,10.83
M107366,5.2,246.1,48.1,2.213,8.34,2.8,0,Day,,889.7,4.52
M107367,8.9,346.3,65.3,4.221,9.37,1.7,3,Day,Medium,1190.1,5.51
M107368,12.4,468.4,76.7,2.99,10.86,0.6,1,Night,Low,1476.4,9.99
M107369,9.6,311.6,61.7,,11.39,2.1,0,Rotational,Medium,1138.8,2.41
M107370,9.7,451.7,83.7,8.815,8.53,1.7,4,Day,Medium,1507.9,13.35
M107371,9.4,301.8,65.7,2.999,9.27,2.3,1,Night,Low,1060.2,6.77
M107372,1.5,421.4,65.8,3.672,11.17,1.3,2,Night,Medium,1399.2,6.56
M107373,3.5,556.8,64.8,2.43,10.27,0.6,2,Day,Low,1416.9,5.37
M107374,6.2,485.8,78.8,2.864,11.05,1.0,1,Night,Medium,1474.2,8.26
M107375,4.1,262.7,57.5,,11.26,2.0,0,Day,Low,1169.2,4.85
M107376,2.7,492.1,66.6,1.971,10.33,,0,Day,High,1393.3,1.49
M107377,0.0,574.9,62.0,7.744,9.72,1.2,2,Day,Medium,1329.8,11.49
M107378,1.6,657.7,61.8,5.048,8.49,3.0,2,Night,High,1386.0,7.18
M107379,6.0,460.4,68.4,4.299,9.13,1.1,2,Night,Low,1291.9,8.2
M107380,6.7,304.0,66.8,3.093,9.23,2.5,2,,Low,1203.0,8.12
M107381,3.8,456.9,79.6,2.269,11.3,2.2,1,Rotational,Low,1522.8,7.86
M107382,7.3,555.7,67.9,5.557,9.76,5.2,2,Day,High,1399.9,8.48
M107383,5.3,404.1,74.1,4.506,9.78,2.0,4,Day,Medium,1357.6,7.41
M107384,11.4,508.7,69.9,2.719,8.01,2.6,3,Day,Low,1549.1,5.99
M107385,6.4,348.6,83.4,1.93,11.31,2.2,1,Night,High,1367.0,5.16
M107386,9.8,451.7,64.7,1.51,8.35,3.1,2,Rotational,Medium,1247.1,3.92
M107387,7.8,208.4,64.7,3.368,9.07,0.3,1,Rotational,Low,1096.4,4.27
M107388,1.4,339.2,76.2,2.932,11.46,4.5,2,Night,Medium,,3.97
M107389,6.6,419.5,64.5,6.006,10.83,3.2,1,Rotational,Medium,1288.1,7.57
M107390,2.1,389.1,73.5,5.453,8.23,3.0,2,Day,Medium,1182.8,6.97
M107391,6.6,309.4,93.7,3.385,7.88,4.2,2,Day,Low,1502.2,11.66
M107392,4.0,377.5,,3.188,9.19,3.8,0,Day,Low,1212.9,5.64
M107393,8.5,448.0,84.8,1.866,8.64,0.7,0,Day,Low,1453.4,7.15
M107394,1.6,412.7,62.6,,7.3,3.2,1,Night,Medium,1207.2,8.79
M107395,7.1,425.2,82.7,3.227,8.37,0.1,1,Night,Low,1522.4,10.12
M107396,9.3,482.2,75.5,4.494,5.5,3.9,2,Day,Medium,1332.7,6.83
M107397,10.6,390.8,74.6,5.98,10.86,2.8,3,Rotational,High,1392.7,7.24
M107398,3.9,535.5,66.3,2.502,10.76,0.4,0,Rotational,High,1430.8,5.46
M107399,7.1,335.9,65.2,2.195,11.61,2.7,1,Night,Low,1196.8,7.11
M107400,7.7,583.9,60.1,11.408,10.03,3.5,5,Day,High,1355.8,15.5
M107401,13.2,514.6,68.1,4.469,8.83,1.3,6,Rotational,Medium,1433.0,10.68
M107402,1.1,389.7,66.0,2.888,11.04,4.0,1,Day,Medium,1251.3,3.85
M107403,3.4,395.4,70.1,6.172,8.45,2.6,1,Night,Low,1327.3,11.46
M107404,18.2,437.6,52.5,2.846,7.51,2.4,2,Day,High,1097.5,4.81
M107405,5.9,470.9,68.2,3.907,9.28,,3,Day,Low,1317.5,8.6
M107406,0.0,513.0,,2.499,10.12,2.5,1,Night,High,1642.8,5.2
M107407,4.7,306.0,78.4,3.292,8.28,0.0,3,Day,Medium,1268.7,4.42
M107408,0.0,457.2,68.3,2.895,7.93,0.3,2,Night,High,1210.1,4.9
M107409,8.0,240.1,96.2,2.28,8.87,0.9,2,Rotational,Medium,1407.4,11.43
M107410,10.2,404.9,61.6,3.749,10.12,1.4,3,Night,Medium,1117.1,8.23
M107411,3.4,543.6,67.0,2.413,9.28,2.3,0,Night,High,1456.8,2.78
M107412,5.1,299.5,52.0,4.428,13.45,1.0,1,Day,High,1027.8,5.9
M107413,10.7,284.1,63.6,2.851,9.3,0.9,1,Day,Medium,1079.9,3.46
M107414,0.0,438.8,87.7,1.405,10.63,0.0,1,Rotational,Medium,1646.3,8.84
M107415,1.7,537.9,64.0,4.529,7.33,4.8,0,Rotational,Low,1293.3,5.62
M107416,6.1,447.7,51.2,4.567,10.38,0.0,5,Day,Medium,1220.9,11.09
M107417,4.0,258.1,77.6,10.245,8.81,0.0,2,Day,,1208.7,16.25
M107418,5.8,276.9,72.3,3.35,9.49,1.6,1,Rotational,Medium,1238.9,5.11
M107419,1.9,428.3,77.1,3.639,12.03,1.6,3,Rotational,Low,1404.9,9.04
M107420,7.9,319.8,64.7,4.218,8.94,2.2,0,Day,Low,1145.2,6.79
M107421,6.4,431.6,56.9,5.528,7.54,0.5,0,Day,Medium,1063.5,7.46
M107422,9.2,436.7,66.0,5.358,7.77,2.9,2,Day,Low,1260.6,9.49
M107423,7.8,378.4,74.1,3.894,9.76,2.6,2,Day,Medium,1374.5,5.52
M107424,7.8,574.3,67.2,3.266,9.68,2.3,3,Night,Medium,1436.4,8.34
M107425,1.2,470.2,72.3,5.06,9.62,0.0,2,Day,Medium,1402.8,7.03
M107426,9.0,523.0,62.1,3.199,7.57,1.5,1,Day,Medium,1215.9,4.92
M107427,5.7,498.2,72.7,1.743,12.54,3.2,1,Day,High,1551.4,3.27
M107428,6.3,407.2,68.0,1.567,11.7,1.1,1,Night,Medium,1392.3,3.64
M107429,11.2,403.5,,2.867,9.7,3.9,0,Night,Medium,,6.47
M107430,4.1,394.7,69.5,3.525,7.22,0.3,3,Rotational,High,1156.3,5.16
M107431,12.4,477.9,63.7,11.427,11.88,0.5,4,Day,Medium,1424.8,17.79
M107432,12.8,364.7,74.8,3.127,11.21,3.8,6,Day,Medium,1386.1,6.77
M107433,10.0,566.6,77.6,3.398,9.65,1.9,1,Rotational,Medium,1507.3,7.96
M107434,3.1,356.6,73.5,2.712,11.3,1.9,0,Day,Low,1342.3,4.58
M107435,0.0,438.2,50.0,4.524,8.76,0.0,3,Day,Low,1075.6,10.08
M107436,11.3,400.5,57.4,3.82,8.06,2.3,0,Rotational,Medium,1138.0,5.7
M107437,7.4,381.7,61.0,2.413,9.74,0.1,3,Day,Medium,1224.8,7.3
M107438,4.0,604.6,59.2,2.002,7.17,1.1,1,Day,Low,1325.1,4.93
M107439,11.7,382.7,62.0,2.715,7.83,2.5,0,Rotational,High,1284.5,4.18
M107440,3.6,394.1,96.7,8.45,10.32,1.6,1,Day,Low,2023.2,18.52
M107441,5.3,363.5,75.7,2.958,9.86,0.0,2,Day,Medium,1326.4,4.51
M107442,9.1,423.5,63.3,3.563,7.43,0.0,0,Rotational,Medium,1122.0,6.28
M107443,2.5,411.4,74.5,2.584,8.89,1.3,0,Day,Low,1343.9,2.66
M107444,6.6,324.9,71.6,6.871,7.49,2.2,1,Rotational,Low,1172.4,9.04
M107445,11.4,383.9,67.6,5.928,8.77,1.7,2,Night,Medium,1191.5,8.44
M107446,7.8,471.8,80.6,2.96,8.6,2.2,1,Night,Medium,1498.3,8.38
M107447,12.0,507.3,,2.05,10.99,1.8,0,Day,Medium,1394.0,3.62
M107448,11.5,422.0,68.6,3.271,9.26,0.8,2,Night,Medium,1310.5,5.4
M107449,7.0,425.0,56.4,3.105,9.14,0.6,2,Night,Medium,1159.4,6.86
M107450,0.0,389.3,57.0,3.218,8.91,0.8,0,Rotational,Medium,1178.2,4.88
M107451,2.6,377.3,53.0,2.721,6.92,1.0,2,Day,Low,1122.5,6.8
M107452,10.1,341.8,57.2,1.965,9.35,1.6,2,Day,,1181.4,1.55
M107453,0.8,287.7,68.9,3.379,10.22,1.3,0,Day,High,1200.2,2.6
M107454,5.7,360.3,64.7,2.786,9.85,3.5,0,Night,Medium,1265.0,4.72
M107455,8.4,496.8,65.0,2.913,10.54,1.9,0,Night,Medium,1399.3,6.01
M107456,12.9,383.9,64.7,3.48,10.61,0.8,0,Night,Low,1361.3,8.03
M107457,4.7,390.6,87.5,3.207,12.8,0.5,1,Day,,1658.8,7.89
M107458,4.4,388.9,55.5,3.442,7.81,0.0,1,Day,Medium,1083.0,6.41
M107459,6.8,525.8,54.3,2.722,9.85,1.7,0,Day,Medium,1309.9,6.01
M107460,8.4,341.1,58.7,3.975,10.02,0.0,0,Day,High,1084.9,3.18
M107461,6.4,443.5,91.7,6.451,9.02,0.6,0,Night,Low,2049.4,16.84
M107462,11.2,414.2,73.7,1.927,8.55,1.3,1,Rotational,Low,1340.7,6.65
M107463,3.8,425.8,74.8,2.128,10.25,4.5,1,Day,Low,1388.2,4.43
M107464,7.5,440.8,78.4,2.367,10.1,1.3,1,Day,High,1478.4,3.99
M107465,8.8,424.9,66.8,1.744,7.92,1.2,0,Day,Medium,,4.83
M107466,5.4,487.4,63.6,1.424,6.8,2.0,2,Night,High,1237.0,3.7
M107467,10.4,417.5,86.0,4.27,8.76,3.1,6,Night,Medium,1385.2,13.71
M107468,7.6,568.3,37.4,6.278,8.49,0.0,3,Rotational,Medium,1055.0,17.93
M107469,10.2,423.8,68.7,4.388,10.4,2.4,3,Day,Medium,1375.2,8.17
M107470,7.8,275.2,72.7,2.608,8.11,3.6,0,Day,Low,1138.0,5.53
M107471,8.5,474.3,88.6,1.407,9.23,0.1,2,Rotational,Low,1567.3,10.36
M107472,4.5,453.3,49.7,3.655,6.94,0.7,0,Day,Low,1099.1,7.98
M107473,4.5,422.8,,1.486,7.17,0.8,1,Day,Low,1131.5,4.16
M107474,11.9,397.9,53.1,3.179,8.35,3.3,0,,Low,1176.2,6.63
M107475,9.5,240.3,48.2,2.226,9.12,1.5,1,Day,High,954.2,4.33
M107476,2.9,254.5,65.8,1.062,8.27,3.0,0,Rotational,Medium,1095.9,1.74
M107477,7.7,560.0,77.2,6.961,9.71,0.2,1,Day,Low,1518.8,10.48
M107478,0.0,370.2,81.3,1.772,6.95,0.9,0,Rotational,High,1222.9,4.74
M107479,4.7,502.1,62.1,2.779,9.18,1.9,0,Day,Medium,1200.9,3.46
M107480,10.8,283.7,75.3,3.113,9.19,2.4,3,Night,High,1308.2,6.26
M107481,6.5,331.0,65.8,2.624,7.33,1.8,0,Day,Low,1098.7,4.02
M107482,7.5,477.7,74.1,4.188,9.84,2.2,5,Day,Low,1375.3,7.7
M107483,0.0,411.3,80.7,2.292,6.25,1.2,0,Rotational,High,1229.0,3.97
M107484,5.4,465.7,65.9,4.019,8.47,2.4,4,Night,Medium,1335.2,9.09
M107485,8.4,418.8,79.8,3.893,10.68,3.3,0,Rotational,Medium,1447.8,5.83
M107486,8.9,402.3,54.7,1.667,6.16,1.9,2,Day,Medium,1077.4,4.21
M107487,10.8,362.2,75.2,3.736,10.51,2.7,3,Day,High,1362.3,6.07
M107488,6.2,318.5,79.4,1.96,7.75,0.0,3,Day,Low,1300.1,6.38
M107489,6.3,539.2,78.2,1.854,8.61,0.9,4,Rotational,Medium,1476.7,6.42
M107490,1.7,553.2,55.0,3.839,11.61,1.1,0,Night,Medium,1329.2,7.13
M107491,6.2,331.7,65.7,2.707,8.56,1.7,1,Night,High,1147.1,3.56
M107492,2.0,326.2,71.3,4.001,11.92,0.0,2,Day,Low,1210.0,5.52
M107493,0.0,390.4,72.9,,9.04,0.0,2,Day,Low,1224.6,7.09
M107494,2.7,448.9,69.3,1.626,9.37,5.7,1,Night,High,1437.5,1.37
M107495,13.0,404.5,83.7,4.808,10.76,1.1,1,Day,Medium,1565.1,9.32
M107496,5.9,462.5,53.7,,10.32,1.0,1,Day,Medium,1072.2,7.27
M107497,7.9,415.8,65.4,2.476,9.73,3.1,0,Night,High,1297.5,3.75
M107498,4.9,410.3,49.4,3.102,8.81,3.1,0,Night,Medium,1011.2,7.48
M107499,0.0,625.1,74.8,4.877,7.17,0.3,1,Day,Medium,1627.8,7.8
M107500,10.7,375.4,74.1,2.83,7.25,2.5,3,Rotational,Low,1194.2,6.99
M107501,0.0,559.4,104.8,9.56,11.47,2.6,6,Rotational,Medium,1868.3,27.15
M107502,4.8,543.0,79.3,6.996,12.05,0.9,5,Rotational,Medium,1584.6,14.68
M107503,6.8,462.8,71.6,3.52,9.69,0.9,2,Day,Medium,1411.0,6.54
M107504,7.9,256.3,70.8,2.962,6.84,0.7,0,Rotational,Medium,1173.5,4.93
M107505,4.1,422.6,64.5,3.027,8.34,0.6,2,Night,Medium,1171.6,7.48
M107506,0.0,376.3,69.4,2.459,8.27,1.1,1,Night,Low,1329.8,7.0
M107507,3.8,421.7,71.0,3.535,8.67,1.6,2,Day,Medium,1264.6,4.78
M107508,4.0,329.6,46.4,4.682,8.17,0.0,3,Day,Low,861.0,9.8
M107509,3.9,484.3,70.2,1.691,10.28,2.5,1,Day,High,1366.3,2.75
M107510,10.9,503.7,69.1,4.579,9.87,3.6,0,Rotational,High,1381.9,6.04
M107511,2.1,519.5,87.3,5.295,11.87,0.8,1,Day,Low,1708.5,13.38
M107512,8.2,387.5,66.6,4.42,8.92,3.8,0,Rotational,Medium,1275.4,5.82
M107513,7.6,329.9,59.6,,9.8,1.6,1,Rotational,Medium,1169.9,5.47
M107514,10.8,449.9,71.0,4.329,10.61,2.1,0,Day,Medium,1337.5,7.15
M107515,6.5,569.3,68.8,6.358,11.03,3.3,2,Day,Low,1545.8,8.59
M107516,10.2,425.9,66.6,3.225,7.65,2.8,2,Night,Medium,1267.5,6.1
M107517,6.3,458.4,53.9,,10.11,0.9,4,Day,High,1235.8,7.14
M107518,8.7,400.0,66.3,9.643,9.72,3.3,7,Night,Medium,1346.4,15.79
M107519,1.0,377.2,61.6,,9.95,1.1,2,Day,High,1174.9,4.53
M107520,0.0,476.0,65.6,,9.59,,2,Day,Medium,1430.4,2.85
M107521,8.5,411.0,76.1,5.137,12.07,0.7,2,Night,Medium,1472.3,10.24
M107522,8.7,454.3,60.6,4.059,8.16,0.3,2,Night,Low,1274.7,9.14
M107523,8.9,463.1,65.6,2.392,8.07,3.0,0,Rotational,Medium,1292.2,3.83
M107524,4.9,449.5,74.0,1.912,8.27,3.1,0,Rotational,,1332.0,4.53
M107525,13.0,467.4,65.0,3.741,9.06,0.0,3,Day,Medium,1432.7,6.0
M107526,5.2,347.5,96.7,3.222,9.94,1.7,3,Night,Medium,1526.4,14.94
M107527,8.7,342.3,70.7,1.782,8.82,0.7,1,Day,High,1195.3,2.77
M107528,9.4,416.4,54.3,3.176,11.01,3.7,1,Night,Medium,1135.7,6.97
M107529,13.9,418.4,,3.078,9.49,2.6,0,,High,1314.5,4.36
M107530,5.7,375.6,57.7,3.218,9.36,0.0,0,Day,Low,1192.4,7.83
M107531,4.4,440.5,58.9,4.245,7.5,2.5,2,Rotational,High,1100.7,4.59
M107532,1.0,497.2,73.9,1.376,12.23,1.7,1,Day,Low,1481.3,4.08
M107533,13.2,520.9,55.8,1.904,9.43,2.1,2,Day,Medium,1258.3,4.81
M107534,8.7,540.0,64.4,2.603,11.96,2.5,0,Rotational,,1385.3,4.3
M107535,8.8,308.2,80.6,6.444,8.57,1.6,2,Day,High,1341.0,7.63
M107536,19.5,321.1,62.3,10.847,10.75,2.6,6,Night,Medium,1173.4,16.09
M107537,8.3,395.4,75.4,3.328,8.66,1.9,4,,Low,1329.0,9.38
M107538,1.8,426.8,49.5,3.397,12.23,,0,Day,High,1121.0,4.15
M107539,6.2,399.7,63.9,0.979,11.18,0.0,2,Day,Medium,1245.0,3.69
M107540,3.1,373.0,58.3,5.219,10.77,0.0,1,Day,Medium,1128.5,6.46
M107541,5.4,394.1,71.3,4.157,8.41,0.4,2,Day,Low,1438.8,7.61
M107542,5.4,461.1,56.6,3.825,12.36,1.8,2,Night,Low,1133.0,8.44
M107543,4.7,307.0,90.8,1.78,12.56,1.3,0,Day,High,1459.8,6.24
M107544,1.4,619.2,50.0,8.935,8.93,2.2,2,Day,Low,1280.6,14.86
M107545,13.4,421.8,80.5,7.101,9.74,4.8,4,Day,Medium,1398.2,13.67
M107546,8.2,509.3,77.7,3.847,10.89,2.3,0,Rotational,Low,1523.7,8.28
M107547,6.1,370.7,71.4,5.452,6.54,3.7,1,Rotational,Medium,1160.8,7.37
M107548,10.0,468.8,68.6,3.406,11.22,0.9,2,Rotational,Medium,1408.2,6.71
M107549,8.9,428.5,88.4,5.006,11.04,1.4,4,Day,Medium,1621.3,14.02
M107550,8.1,492.8,95.2,1.727,8.66,0.8,3,Day,High,1492.7,10.45
M107551,9.7,403.1,65.7,1.065,6.21,0.7,1,Day,Low,1143.6,3.72
M107552,7.5,551.9,69.7,1.76,10.0,4.8,2,Night,Low,1416.7,5.93
M107553,9.7,293.2,61.9,2.218,7.8,0.0,0,Night,Medium,1170.7,5.02
M107554,10.0,500.7,55.1,2.407,7.12,0.5,2,Night,Low,1197.3,7.43
M107555,7.7,430.1,73.1,4.154,10.06,1.6,1,Day,Medium,1317.7,5.03
M107556,6.1,333.4,70.7,2.919,11.48,0.8,1,Day,High,1301.1,2.87
M107557,13.1,585.9,50.3,3.273,9.17,2.0,0,Day,High,1172.0,6.13
M107558,5.1,577.1,73.0,1.836,11.28,2.8,0,Rotational,High,1625.1,2.71
M107559,8.6,243.7,71.1,1.758,10.5,2.3,2,Day,High,1217.2,3.06
M107560,8.7,435.0,61.4,3.389,7.44,0.0,1,Night,Low,1186.4,8.64
M107561,4.6,480.0,60.7,2.532,8.67,0.0,0,Rotational,Low,1275.0,6.16
M107562,3.8,457.5,72.7,3.328,11.12,0.0,3,Day,Medium,1400.7,7.05
M107563,5.6,548.8,85.7,4.359,8.66,0.8,2,Day,Medium,1506.9,10.21
M107564,5.0,531.1,72.4,7.536,10.73,1.2,6,Day,Low,1440.9,16.01
M107565,1.2,442.5,76.6,3.286,8.88,1.7,2,Night,High,1451.3,5.28
M107566,4.4,613.6,58.8,8.221,10.58,1.7,4,Day,Medium,1406.4,9.98
M107567,8.1,499.6,63.4,4.068,10.14,1.4,3,Rotational,Low,1358.3,7.1
M107568,12.1,390.1,74.7,4.687,9.13,2.2,3,Night,High,1394.2,8.47
M107569,9.2,373.1,53.1,5.621,10.54,0.9,2,Night,Low,1180.5,12.39
M107570,0.0,525.7,70.3,4.758,6.26,0.5,0,Night,Low,1301.0,9.95
M107571,9.6,352.6,73.4,2.224,7.87,0.9,2,Day,Medium,1296.6,6.15
M107572,4.8,385.2,67.6,5.706,8.8,1.7,2,Day,Medium,1252.8,6.87
M107573,8.8,399.6,71.5,2.754,11.26,1.3,4,Day,Medium,1303.8,5.82
M107574,6.9,450.2,68.6,3.861,7.33,3.4,2,Rotational,Medium,1316.9,3.92
M107575,6.2,403.6,61.2,3.548,9.45,1.6,1,Day,Low,1268.6,5.14
M107576,6.6,308.1,55.0,5.883,9.98,0.9,3,Day,Medium,980.7,9.85
M107577,6.9,518.8,67.0,4.041,9.87,1.1,1,Night,Medium,1322.8,7.15
M107578,12.4,385.6,82.3,1.66,9.35,4.7,2,Night,Medium,1349.7,7.01
M107579,6.9,591.7,79.3,9.448,8.57,0.0,6,Rotational,Medium,1659.5,16.28
M107580,11.3,445.8,64.2,5.04,9.13,1.8,5,Day,Medium,1225.6,7.53
M107581,10.8,527.7,64.0,2.521,10.96,1.6,3,Day,High,1279.5,3.89
M107582,9.7,473.6,,1.88,8.47,2.9,1,Day,High,1196.8,3.61
M107583,0.0,531.8,63.2,5.337,6.26,0.5,3,Day,Medium,1314.3,9.64
M107584,11.5,468.5,71.2,1.995,10.2,1.0,1,Day,Medium,1349.3,3.8
M107585,5.2,440.0,79.6,4.955,11.74,0.3,3,Night,Low,1434.5,12.96
M107586,9.9,512.9,92.9,5.666,7.92,1.0,3,Day,Medium,1486.5,16.48
M107587,3.1,631.3,,2.399,11.54,3.7,0,Day,Medium,1498.5,3.7
M107588,2.3,397.1,75.2,,10.28,0.0,1,Day,Medium,1418.9,3.14
M107589,14.9,487.6,74.0,2.625,7.77,1.0,1,Night,High,1386.5,7.1
M107590,3.2,419.6,64.4,2.025,8.44,3.4,1,Day,Medium,1176.5,1.9
M107591,11.6,463.0,56.7,3.724,8.38,2.0,3,Rotational,Low,1158.3,6.99
M107592,7.5,423.6,71.0,3.999,9.75,2.0,1,Night,Medium,1299.1,7.62
M107593,5.3,236.6,91.3,4.777,9.23,1.0,2,Rotational,Medium,1341.1,11.51
M107594,6.8,403.0,71.0,2.189,11.16,0.3,1,Day,Medium,1304.8,5.1
M107595,1.8,505.0,59.3,5.053,10.77,1.0,2,Night,High,1255.2,6.48
M107596,6.9,355.0,66.3,2.026,7.18,2.4,2,Rotational,Low,1160.4,4.92
M107597,2.7,498.3,55.5,5.052,7.37,0.0,3,Day,Medium,1274.0,8.2
M107598,5.4,435.6,68.2,1.579,10.42,0.7,1,Rotational,High,1265.7,3.89
M107599,10.7,403.7,75.5,7.271,8.73,1.9,3,Day,Low,1348.5,11.17
M107600,8.0,497.0,60.4,2.558,9.24,3.2,1,Day,Medium,1350.8,3.94
M107601,1.1,477.9,35.0,4.48,10.32,0.5,2,Night,Medium,1046.9,11.72
M107602,10.4,455.7,71.0,4.661,10.79,1.9,1,Rotational,Medium,1397.7,7.4
M107603,7.0,506.4,62.5,1.76,7.65,3.6,1,Rotational,Medium,1223.4,2.14
M107604,4.8,437.3,59.7,5.041,6.17,3.0,2,Day,Medium,1193.2,8.25
M107605,10.0,280.2,59.6,2.521,9.33,0.0,0,Day,Medium,1145.2,3.79
M107606,6.3,387.9,72.4,2.849,8.22,0.5,3,Night,Medium,1359.0,8.48
M107607,2.3,266.6,63.5,2.375,9.6,2.1,1,Rotational,Low,1151.2,4.2
M107608,14.4,475.9,78.2,7.44,9.37,2.5,3,Day,Medium,1421.6,12.29
M107609,6.9,496.2,78.5,,8.04,2.0,1,Night,Medium,1429.2,5.45
M107610,6.7,500.0,65.0,4.117,12.63,0.7,1,Day,Medium,1359.9,5.86
M107611,5.4,461.6,62.3,2.431,9.53,0.5,0,Day,Medium,1286.1,3.98
M107612,11.7,502.3,69.4,5.729,8.64,2.3,2,Rotational,Low,1380.7,10.0
M107613,4.9,286.0,66.4,10.598,9.65,0.2,4,Rotational,Medium,1189.9,16.49
M107614,0.8,410.9,48.7,2.423,10.29,1.3,0,Night,Medium,1194.0,5.92
M107615,4.3,299.7,89.1,3.561,8.55,0.6,2,Day,Low,1377.8,12.67
M107616,12.3,389.5,75.9,2.738,12.98,2.6,2,Day,Medium,1390.4,5.75
M107617,10.3,557.4,62.9,5.579,7.22,1.2,3,Night,Low,1300.9,9.8
M107618,6.0,512.9,46.9,2.932,7.32,1.6,0,Day,Medium,1132.7,6.85
M107619,12.5,476.3,66.0,5.221,7.1,3.1,2,Night,Medium,1312.1,8.25
M107620,10.0,404.6,61.5,2.721,9.51,3.9,1,Night,High,1193.7,4.83
M107621,5.9,335.5,67.3,10.195,10.21,2.2,3,Night,High,1205.7,11.4
M107622,6.3,435.9,44.2,1.11,9.0,2.2,1,Day,High,1096.9,5.0
M107623,8.3,514.4,62.8,4.009,10.2,7.1,0,Day,Low,1298.6,7.46
M107624,3.7,454.8,63.5,3.303,10.18,0.8,0,Night,Medium,1326.0,6.2
M107625,7.0,285.2,65.9,3.243,8.96,7.1,1,Day,Medium,1193.1,1.38
M107626,8.2,428.9,65.4,3.829,10.14,3.9,2,Rotational,High,1294.5,5.13
M107627,0.3,257.4,68.6,3.419,9.21,0.2,2,Day,Low,1187.7,5.41
M107628,6.2,488.4,84.7,3.704,8.89,2.0,1,Rotational,High,1445.7,8.78
M107629,5.8,361.1,62.3,4.072,8.75,2.5,1,Rotational,High,1151.9,5.19
M107630,11.1,316.0,58.0,7.96,9.85,1.9,2,Night,Medium,1057.1,12.75
M107631,0.0,489.5,49.0,0.833,11.33,0.0,1,Rotational,Low,1245.5,6.25
M107632,5.5,467.5,62.4,8.361,7.69,1.9,5,Day,Medium,1088.0,9.4
M107633,5.1,439.8,52.6,11.94,8.78,0.7,4,Day,Medium,1189.3,18.67
M107634,10.8,606.3,,1.383,9.74,4.1,1,Day,Medium,1535.4,4.07
M107635,6.8,474.0,66.9,3.401,12.14,3.7,2,Rotational,Medium,1352.1,6.48
M107636,14.2,365.2,78.3,6.591,10.15,2.4,7,Night,Low,1440.1,13.25
M107637,9.6,464.1,84.1,5.255,8.28,3.0,2,Rotational,Low,,15.15
M107638,5.4,395.7,58.5,7.676,8.11,1.2,2,Rotational,Medium,1116.1,9.65
M107639,8.0,527.7,64.2,3.999,10.98,4.0,0,Day,Medium,1409.2,5.36
M107640,5.6,443.9,82.6,1.202,9.03,2.0,1,Rotational,High,1461.4,3.36
M107641,10.4,452.3,70.1,6.375,7.65,5.1,1,Day,High,1291.1,9.3
M107642,1.7,297.4,73.7,4.562,11.02,4.7,3,Rotational,Low,1343.7,6.8
M107643,3.7,425.2,79.4,6.911,9.96,,2,Day,High,1290.3,10.35
M107644,8.8,415.2,77.9,1.542,7.71,1.6,0,Day,High,1281.8,3.47
M107645,11.9,332.9,72.5,1.808,7.49,0.0,1,Day,Medium,1149.8,4.58
M107646,0.0,401.2,83.4,3.348,6.25,1.6,3,Rotational,Medium,1447.1,8.86
M107647,12.5,457.0,67.2,6.466,8.57,0.0,1,Night,,1379.5,10.41
M107648,6.4,419.6,73.7,7.432,9.96,3.5,0,Day,Medium,1372.0,10.44
M107649,0.0,300.0,,2.31,10.94,1.6,1,Day,High,1201.3,1.86
M107650,0.0,396.8,79.2,2.71,10.14,1.8,1,Rotational,Medium,1382.0,4.38
M107651,0.9,380.2,60.3,12.0,7.54,2.1,4,Day,Low,1195.8,16.18
M107652,6.9,436.4,49.5,2.518,9.07,0.8,2,Rotational,Medium,1042.8,8.03
M107653,6.7,427.3,99.5,12.522,11.64,,3,Night,Low,2236.5,31.16
M107654,9.5,385.0,56.8,2.649,8.73,3.6,2,Day,Medium,1231.5,3.07
M107655,4.8,381.7,55.7,4.21,10.65,2.1,2,Night,High,1179.4,6.31
M107656,2.6,425.7,81.9,2.153,10.47,2.6,0,Rotational,Medium,1481.6,4.93
M107657,5.3,501.9,78.6,2.184,10.64,1.4,1,Day,Low,1513.1,6.43
M107658,7.1,443.7,64.2,2.758,10.15,0.8,1,Rotational,Medium,1270.2,4.8
M107659,7.9,541.0,35.0,2.528,10.64,1.5,2,Day,Medium,1004.9,12.08
M107660,3.8,516.3,73.9,2.852,7.28,4.4,0,Night,Low,1394.6,7.7
M107661,10.6,547.2,75.3,4.319,11.77,0.8,2,Night,,1501.6,9.35
M107662,4.5,536.3,73.7,,6.79,1.2,1,Day,Low,1336.5,12.47
M107663,3.5,552.9,73.2,2.471,9.97,0.8,1,Day,High,1466.5,4.44
M107664,4.8,322.0,66.0,2.025,9.43,2.5,1,Rotational,Medium,1228.7,3.66
M107665,11.3,475.0,63.5,3.336,8.56,0.0,0,Day,Low,1301.9,5.67
M107666,6.5,523.6,55.8,2.169,8.04,0.0,1,Night,Medium,1252.0,5.71
M107667,4.2,538.9,60.3,1.466,10.32,4.0,2,Day,Medium,1385.7,3.24
M107668,10.7,354.5,,5.653,10.7,0.0,2,Rotational,Medium,1325.3,8.06
M107669,15.6,475.9,71.7,3.456,9.35,4.6,4,Rotational,High,1432.2,4.95
M107670,7.8,426.4,76.7,3.63,9.07,0.8,1,Day,Medium,1442.4,7.08
M107671,11.9,577.0,52.5,1.267,11.42,2.3,0,Day,Low,1383.2,6.77
M107672,11.1,302.1,49.7,2.478,8.87,2.2,1,Day,High,948.4,5.9
M107673,4.6,354.6,63.8,1.636,9.44,0.0,2,Day,Medium,1242.5,3.26
M107674,7.1,266.1,56.8,3.286,9.19,1.6,4,Day,High,1010.4,5.07
M107675,1.9,432.3,70.0,3.551,13.21,1.5,2,Day,Medium,1361.6,4.64
M107676,6.2,612.4,53.6,3.549,8.24,4.8,3,Day,Medium,1255.1,6.66
M107677,4.5,416.2,81.0,2.379,10.75,4.0,2,Day,Medium,1399.3,4.76
M107678,5.4,428.6,59.0,2.167,6.95,0.2,0,Night,Low,1200.9,7.19
M107679,4.0,466.8,85.5,3.014,8.06,0.0,1,Day,Medium,1491.8,7.82
M107680,5.9,410.1,73.8,3.969,9.04,2.4,0,Rotational,Medium,1397.5,6.93
M107681,9.1,451.1,56.4,2.485,9.3,2.2,1,Day,Medium,1267.2,5.27
M107682,6.5,453.3,91.0,2.078,9.09,0.4,2,Day,Medium,1537.5,9.81
M107683,0.0,348.1,70.9,2.123,9.35,1.3,1,Day,Medium,1297.0,3.42
M107684,4.0,412.0,69.8,2.389,8.47,,4,Night,High,1196.0,4.56
M107685,0.9,483.1,67.3,2.648,11.43,0.0,1,Rotational,Low,1341.6,5.29
M107686,8.0,498.9,73.1,1.917,8.0,0.6,5,Night,High,1292.5,4.36
M107687,9.0,530.4,73.8,2.657,10.62,3.1,2,Night,Medium,1426.2,6.04
M107688,8.0,448.5,58.5,6.16,10.52,0.0,1,Day,Medium,1204.7,7.73
M107689,3.9,450.2,65.7,2.866,8.08,1.5,1,Rotational,Medium,1232.5,5.58
M107690,8.0,483.8,,1.787,8.95,1.9,1,Day,Medium,1324.6,4.31
M107691,5.1,369.4,74.4,1.073,9.5,0.9,0,Day,High,1271.3,1.76
M107692,2.4,366.0,74.6,8.316,12.01,4.8,1,Night,High,1310.2,11.43
M107693,10.0,409.4,69.8,5.869,8.95,1.3,3,Rotational,High,1348.3,7.08
M107694,10.3,311.6,61.9,3.828,14.5,0.8,0,Rotational,Low,1252.2,6.48
M107695,10.8,454.6,61.4,5.938,10.65,1.4,0,Day,Low,1321.9,7.31
M107696,4.6,509.2,54.9,4.322,10.02,2.2,1,Day,High,1213.5,5.42
M107697,11.7,359.6,74.5,3.197,10.83,6.1,4,Rotational,High,1276.5,5.06
M107698,5.0,457.0,61.2,1.786,6.92,1.6,1,Rotational,High,,2.07
M107699,9.6,366.5,65.9,8.622,11.26,0.8,3,Night,Low,1340.3,15.55
M107700,5.0,333.6,,2.668,7.52,2.1,2,Day,Medium,1209.2,3.43
M107701,6.1,594.7,68.0,2.742,10.8,0.0,0,Night,Low,1479.4,5.81
M107702,0.0,334.8,,3.383,8.61,1.6,1,Day,Medium,1291.5,3.19
M107703,5.8,311.3,58.0,3.412,8.3,1.2,3,Day,Low,1133.2,7.24
M107704,7.4,438.3,71.0,4.425,12.16,0.6,3,Day,High,1394.3,4.3
M107705,5.4,442.8,64.6,4.178,9.35,1.1,1,Night,Medium,,7.28
M107706,14.0,476.7,67.0,2.488,7.2,1.4,0,Rotational,Medium,1365.3,4.22
M107707,2.4,590.1,80.7,3.363,10.96,3.3,3,Night,Medium,1464.9,8.21
M107708,4.7,353.9,,,7.67,2.2,3,Day,High,1240.3,4.62
M107709,3.4,370.8,61.7,2.385,11.54,0.0,1,Day,Low,1211.8,4.45
M107710,4.7,556.7,66.4,,9.48,0.0,1,Night,,1360.9,10.23
M107711,11.1,499.8,85.6,3.287,7.59,2.8,1,Rotational,Medium,1447.1,9.83
M107712,12.9,488.0,64.6,7.383,10.73,2.5,2,Rotational,Low,1346.6,13.03
M107713,4.2,369.9,,1.655,10.28,0.0,1,Day,Low,1337.9,4.97
M107714,4.1,515.7,75.3,4.606,6.31,1.0,2,Rotational,High,1324.8,7.28
M107715,2.4,488.3,70.4,2.127,9.4,2.1,1,Rotational,High,1470.6,3.23
M107716,12.2,436.1,63.9,2.418,9.95,1.7,1,Night,Medium,1261.0,5.77
M107717,11.5,370.3,59.8,5.22,9.86,2.4,2,Rotational,High,1098.5,7.48
M107718,6.6,429.1,67.9,2.962,9.22,0.7,1,Night,Medium,1247.3,6.05
M107719,1.4,560.1,75.2,12.0,10.62,2.3,3,Day,Low,1488.6,18.62
M107720,1.8,327.0,82.5,4.302,10.35,0.0,3,Day,High,1347.3,8.61
M107721,7.7,352.0,51.9,2.345,9.55,1.1,0,Day,High,1008.5,3.58
M107722,9.2,366.6,87.4,4.306,9.15,2.6,4,Day,Medium,1469.6,10.73
M107723,0.0,385.1,64.8,2.949,9.72,4.3,1,Day,Low,1273.5,5.35
M107724,5.7,418.7,78.2,5.033,8.59,1.2,2,Day,Medium,1363.1,10.39
M107725,13.5,501.5,59.9,2.863,7.97,1.0,3,Night,Medium,1181.2,6.72
M107726,6.1,459.2,50.3,4.069,7.81,2.2,1,Night,High,1072.5,7.43
M107727,13.0,425.2,53.6,3.666,9.35,5.2,3,Day,Low,1153.3,8.61
M107728,9.6,443.5,64.4,3.453,8.21,3.5,3,Rotational,High,1169.0,5.55
M107729,2.7,473.0,73.8,5.59,9.26,3.4,2,Day,High,1317.0,6.5
M107730,5.8,277.1,68.3,1.348,11.5,2.1,2,Day,High,1201.2,3.44
M107731,6.5,511.1,65.2,3.486,9.19,0.7,0,,High,1248.6,6.25
M107732,3.2,349.8,80.3,2.338,9.71,1.0,4,Rotational,Medium,1400.4,6.37
M107733,3.1,382.3,68.0,1.692,9.16,0.6,0,Day,Medium,1260.8,2.07
M107734,13.0,448.9,71.1,,11.46,0.8,1,Day,Low,1480.7,5.9
M107735,3.1,413.6,102.2,2.435,11.99,2.9,1,Night,Medium,1618.4,16.21
M107736,11.3,461.4,67.9,2.952,8.8,2.6,4,Day,Medium,1272.2,5.44
M107737,5.3,432.1,60.3,3.93,10.59,1.9,2,Day,Medium,,5.79
M107738,6.9,395.4,88.3,12.955,12.64,1.2,0,Night,High,2133.0,22.5
M107739,9.2,549.9,76.1,2.706,7.76,0.0,4,Rotational,Medium,1353.8,7.63
M107740,4.6,480.2,71.3,7.332,10.97,0.3,1,Day,Low,1510.3,11.25
M107741,9.3,445.7,69.7,2.758,6.89,,3,Day,Medium,1222.5,4.07
M107742,0.0,478.9,84.3,,9.54,0.5,3,Day,Low,1595.7,8.73
M107743,8.8,360.0,82.9,2.795,9.29,0.5,1,Night,Medium,1370.1,7.48
M107744,0.0,604.9,66.7,3.399,6.94,3.5,0,Night,Medium,1437.1,7.13
M107745,6.1,327.6,60.9,0.646,11.13,0.0,1,Day,Low,1055.1,4.43
M107746,10.4,429.6,72.7,6.072,9.72,2.5,2,Rotational,Medium,1595.4,8.96
M107747,9.5,395.7,60.9,3.16,8.11,1.0,2,Day,Medium,1166.9,6.53
M107748,1.8,392.4,77.7,1.866,9.99,0.0,1,Rotational,Medium,1458.6,5.42
M107749,2.3,381.4,72.7,,10.86,0.5,1,Rotational,High,1346.6,2.89
M107750,4.2,354.4,97.4,,6.85,2.0,4,Day,Low,1486.8,17.11
M107751,7.7,521.0,84.2,5.165,5.5,3.3,2,Rotational,High,1508.8,9.24
M107752,0.0,317.6,56.1,2.4,9.44,1.4,1,Day,High,1188.1,2.3
M107753,6.9,503.6,62.3,1.686,8.35,2.1,1,Night,Low,1285.0,5.85
M107754,8.2,475.1,46.9,3.545,11.51,3.5,2,Day,Medium,1280.6,8.28
M107755,5.9,387.6,44.5,3.885,8.94,3.4,2,Night,Medium,1018.9,10.23
M107756,9.1,465.3,69.3,4.405,9.96,1.1,2,Night,Medium,1397.3,9.36
M107757,7.9,406.6,54.9,2.505,9.22,0.8,1,Rotational,High,1159.3,5.82
M107758,4.8,326.4,86.1,3.123,7.18,2.6,2,Rotational,High,1346.7,7.86
M107759,0.0,327.3,80.7,3.354,9.55,0.4,1,Day,High,1327.5,6.13
M107760,7.5,475.7,,5.384,7.51,1.8,2,Day,Medium,1247.1,7.72
M107761,3.2,471.3,64.4,6.454,7.44,2.2,2,Rotational,High,1244.3,7.48
M107762,4.7,440.6,84.3,7.392,7.85,0.2,2,Night,Low,1494.1,15.75
M107763,8.9,386.7,105.2,23.704,7.72,2.7,4,,Medium,2130.6,51.12
M107764,12.7,403.8,57.7,8.221,9.18,2.3,6,Night,Medium,1051.1,16.75
M107765,6.8,392.3,56.3,5.51,8.91,2.3,2,Rotational,Low,1114.3,8.8
M107766,9.2,271.5,64.7,2.473,9.93,,0,Night,High,1035.5,3.54
M107767,1.2,425.2,72.7,7.147,7.14,0.0,1,Night,Medium,1299.5,11.33
M107768,8.0,464.4,62.3,1.668,9.12,0.4,1,Day,Medium,1191.2,4.22
M107769,6.8,425.7,73.0,10.829,8.78,3.1,6,Day,,1258.4,17.05
M107770,11.9,570.4,89.5,2.039,9.8,0.0,2,Rotational,High,1634.0,9.09
M107771,4.8,334.6,52.5,5.175,9.87,0.9,2,Night,High,981.5,7.51
M107772,6.0,363.8,,6.835,9.73,1.2,3,Day,High,1235.5,7.53
M107773,11.2,431.3,52.7,4.177,8.01,3.8,2,Rotational,Medium,1127.4,9.99
M107774,6.6,440.7,58.8,1.191,9.54,2.4,2,Rotational,Low,1179.3,5.11
M107775,2.6,258.4,64.8,2.067,8.73,0.9,2,Night,Medium,1126.8,5.89
M107776,17.2,471.2,60.0,3.969,11.47,3.5,2,Rotational,Medium,1285.3,7.39
M107777,2.7,441.1,73.7,4.562,9.67,4.2,0,Day,Low,1380.6,6.4
M107778,6.7,239.9,69.7,3.036,9.62,0.3,4,Day,Medium,1310.0,6.65
M107779,8.4,410.1,71.3,3.446,7.58,1.1,1,Day,High,1256.4,5.21
M107780,8.1,351.3,64.6,1.593,8.61,1.2,1,Day,High,1183.2,1.91
M107781,6.2,381.5,65.6,8.062,9.89,,3,Rotational,Medium,1291.3,10.23
M107782,6.3,306.3,64.1,2.748,9.38,1.8,1,Night,Medium,1323.8,5.38
M107783,6.1,455.4,65.3,4.925,9.37,0.3,2,Rotational,Medium,1259.8,9.16
M107784,2.5,569.8,72.6,6.698,6.87,2.3,0,Night,High,1386.9,10.62
M107785,15.6,442.5,46.8,1.864,8.28,0.8,1,Day,Low,1106.6,8.07
M107786,6.1,236.5,71.2,3.54,9.09,1.0,3,Day,,1124.6,7.45
M107787,9.4,444.3,58.4,3.815,11.3,1.6,0,Day,High,1281.3,3.94
M107788,5.7,403.5,64.3,2.918,6.66,0.0,0,Rotational,Medium,1289.8,5.44
M107789,5.6,326.4,50.8,5.279,7.93,2.7,4,Day,Medium,984.9,9.32
M107790,5.2,450.1,64.1,2.378,6.65,0.0,0,Night,Medium,1185.2,5.32
M107791,0.8,494.8,71.1,3.413,9.99,0.7,2,Rotational,Low,1514.2,9.57
M107792,6.4,363.2,73.0,2.758,11.28,2.9,0,Night,Low,1310.7,6.77
M107793,5.4,280.3,,10.62,10.04,1.7,5,Night,Medium,1071.7,14.38
M107794,11.7,249.0,72.5,2.384,10.37,0.0,2,Rotational,Medium,1094.0,5.91
M107795,2.2,363.4,80.5,4.819,7.95,0.9,2,Day,Low,1370.1,12.32
M107796,4.7,406.8,62.6,8.152,10.05,1.7,1,Rotational,High,1258.7,8.71
M107797,3.4,376.1,68.0,2.098,8.34,1.1,0,Rotational,,1138.0,3.85
M107798,12.8,361.9,45.2,3.482,9.59,3.8,3,Night,High,1015.0,8.86
M107799,3.5,468.3,58.1,2.027,10.25,0.9,1,Day,Medium,1316.0,4.42
M107800,9.2,459.3,71.0,1.214,9.06,4.4,3,Day,Medium,1316.8,3.2
M107801,10.9,437.0,78.5,2.242,10.73,0.8,1,Day,Medium,1415.3,5.84
M107802,6.4,489.4,61.4,2.496,9.25,1.8,2,Day,Low,1355.6,4.62
M107803,1.5,364.2,97.4,2.572,9.91,5.0,0,Day,Low,1545.4,12.95
M107804,1.5,327.0,71.5,2.858,12.34,0.0,2,Day,Low,1359.0,5.44
M107805,10.4,375.6,54.0,,10.25,1.5,0,Rotational,Medium,1208.9,7.9
M107806,2.0,369.7,82.2,1.825,8.38,1.1,0,Day,Medium,1313.3,5.78
M107807,8.6,245.6,54.2,3.958,8.78,0.7,0,Day,Low,934.4,6.31
M107808,7.5,373.6,71.6,6.09,10.81,2.4,5,Day,Medium,1344.0,10.71
M107809,8.5,513.9,57.8,6.458,11.06,3.2,2,Day,Medium,1268.7,10.69
M107810,8.9,488.1,53.1,2.915,9.45,1.8,3,Day,High,1206.1,4.47
M107811,3.3,464.6,78.6,5.191,7.21,0.3,1,Day,High,1405.4,6.56
M107812,3.1,431.2,65.1,2.362,8.07,4.1,3,Rotational,High,1286.0,3.05
M107813,9.9,543.2,87.0,2.796,9.77,1.5,4,Rotational,High,1584.0,7.33
M107814,4.5,329.9,56.8,4.052,10.37,0.1,2,Night,High,1230.7,6.97
M107815,0.0,338.0,50.8,2.808,11.01,2.7,1,Day,Medium,1244.1,5.87
M107816,9.6,515.6,62.7,,6.45,2.5,0,Rotational,High,1203.1,3.27
M107817,2.9,422.3,99.8,5.036,10.81,2.7,2,Rotational,Medium,1809.2,17.75
M107818,8.9,362.9,77.2,2.194,11.64,0.8,2,Night,Medium,1355.3,6.94
M107819,12.6,466.9,74.1,2.56,5.91,1.6,1,Rotational,Medium,1220.0,6.16
M107820,7.1,382.7,74.5,5.636,9.49,1.8,2,Rotational,Medium,1332.0,6.51
M107821,11.0,348.8,79.7,11.25,10.64,3.9,0,Day,Medium,1988.2,17.02
M107822,7.6,346.4,98.0,3.626,7.38,0.0,4,Night,Medium,1443.1,16.53
M107823,13.3,447.3,73.0,1.593,8.75,0.0,1,Day,High,1336.8,3.35
M107824,2.8,437.5,72.0,1.856,10.34,0.3,0,Day,Medium,1416.2,2.92
M107825,7.0,548.9,78.8,4.05,8.72,3.5,1,Night,Medium,1396.9,7.77
M107826,9.7,395.3,54.0,4.549,8.95,1.0,4,Night,Medium,1112.6,9.71
M107827,6.2,393.9,58.3,3.768,9.83,4.1,3,Night,Low,1110.3,8.65
M107828,11.6,542.4,65.3,2.62,7.75,0.6,1,Rotational,Medium,1305.4,4.86
M107829,5.3,503.8,78.9,2.577,7.9,0.9,0,Day,High,,5.47
M107830,15.3,432.3,53.7,3.698,10.2,2.9,4,Rotational,Low,1199.3,8.58
M107831,15.5,287.3,83.7,4.662,10.92,4.6,4,Night,Medium,1914.0,10.99
M107832,8.1,351.0,65.7,3.476,10.1,2.3,1,Day,Medium,1193.6,5.25
M107833,9.2,330.4,50.7,1.658,11.54,0.0,2,Day,Medium,1166.9,4.4
M107834,11.8,423.1,62.4,1.961,10.13,0.0,2,Day,High,1312.9,1.62
M107835,2.3,376.8,74.0,3.63,12.27,0.0,0,Day,Low,1283.8,6.05
M107836,1.8,556.2,51.7,4.444,9.6,1.8,0,Night,High,1221.5,7.8
M107837,12.0,286.4,83.5,3.939,9.88,2.4,2,Rotational,Medium,1425.2,9.76
M107838,8.1,321.3,73.1,1.902,10.1,2.0,2,Night,High,1299.4,4.13
M107839,6.1,440.8,71.8,1.303,8.56,4.1,0,Day,Low,1281.4,3.91
M107840,7.0,464.3,68.1,3.306,8.34,1.0,0,Day,High,1207.8,4.97
M107841,0.0,200.1,56.0,,8.15,0.0,0,Day,Medium,829.9,1.56
M107842,6.2,272.5,60.9,5.324,8.67,0.0,1,Day,Medium,1123.7,7.2
M107843,4.0,397.6,72.0,1.934,12.61,1.2,0,Rotational,Low,1323.6,5.99
M107844,10.7,535.3,60.8,10.146,12.23,1.8,1,Day,High,1494.6,11.89
M107845,11.0,580.5,70.1,2.052,9.01,5.9,0,Rotational,High,1509.0,2.65
M107846,9.3,384.8,58.1,4.185,8.87,0.9,1,Day,Medium,991.1,6.33
M107847,8.6,405.5,85.9,7.603,6.28,0.0,0,Day,Medium,2051.6,11.9
M107848,1.0,348.9,73.8,3.052,8.01,0.1,0,Day,Medium,1209.8,3.28
M107849,9.4,473.8,50.1,3.64,8.29,1.3,4,,Medium,1126.5,8.53
M107850,9.5,549.9,68.7,5.105,8.84,1.7,1,Day,Medium,1408.1,6.41
M107851,12.0,526.8,51.3,5.528,8.65,1.2,2,Night,Low,1189.1,11.97
M107852,15.5,417.5,47.5,4.776,9.82,0.0,1,Day,Medium,1116.5,9.5
M107853,0.2,348.7,61.5,5.578,10.66,2.7,1,Day,High,1121.3,6.97
M107854,5.4,420.7,98.8,2.44,8.41,1.4,1,Day,Medium,1628.2,13.34
M107855,4.0,537.4,76.5,4.592,11.66,2.4,1,Day,,,6.43
M107856,7.7,386.0,83.3,2.8,10.02,1.3,1,Day,Medium,1411.5,5.62
M107857,7.1,265.7,74.7,5.436,10.83,0.0,2,Day,Medium,1237.8,5.74
M107858,6.1,389.4,70.3,,8.84,0.0,3,Day,Medium,1365.1,5.47
M107859,11.1,396.3,77.8,4.527,10.32,4.5,2,Day,Medium,1325.8,8.01
M107860,2.6,265.2,61.0,3.841,10.18,2.6,2,Day,Medium,1123.1,6.46
M107861,2.8,439.7,73.2,4.856,11.7,0.9,2,Night,Medium,1463.9,8.97
M107862,2.9,463.0,80.9,2.217,10.48,0.8,0,Day,Medium,1533.5,6.56
M107863,5.6,578.1,75.7,1.513,10.78,2.6,1,Night,Medium,1529.9,5.11
M107864,2.1,306.7,81.7,5.444,8.71,1.6,3,Rotational,Medium,1345.2,10.17
M107865,6.8,482.1,70.0,6.505,11.29,1.0,3,Night,High,1501.4,8.24
M107866,6.3,502.2,86.6,3.133,7.59,2.1,1,Rotational,Medium,1460.7,8.57
M107867,3.9,464.2,65.7,4.981,8.64,2.6,1,Rotational,Medium,1269.2,8.28
M107868,10.5,334.4,91.3,1.47,9.92,3.6,2,Day,Medium,1465.7,7.95
M107869,6.8,329.5,74.3,2.433,7.77,1.3,1,Day,Medium,1183.6,3.48
M107870,11.3,428.3,63.8,3.459,8.12,2.1,4,Day,Medium,1322.2,5.0
M107871,6.2,427.7,55.0,1.394,8.12,0.3,0,Day,Low,1122.9,5.37
M107872,6.9,372.4,59.1,1.545,10.07,1.5,0,Rotational,Medium,1164.9,3.97
M107873,4.7,529.8,57.4,3.593,9.26,2.5,0,Rotational,Medium,1221.8,5.93
M107874,7.0,385.9,67.0,2.453,10.95,5.7,1,Day,Medium,1318.7,3.02
M107875,9.8,259.0,54.0,2.792,12.32,3.8,0,Day,Medium,1125.5,2.71
M107876,5.4,401.0,82.2,2.71,9.91,2.2,1,Rotational,High,1358.0,5.19
M107877,9.1,460.8,69.2,1.748,8.73,2.9,2,Night,Medium,1363.6,5.9
M107878,3.7,449.1,68.8,2.978,10.05,1.4,1,Day,Low,1393.5,5.75
M107879,10.0,448.4,55.2,3.297,8.16,0.4,1,Day,Medium,1177.6,6.04
M107880,4.7,547.0,59.5,2.481,9.4,0.0,1,Day,Medium,1267.8,5.31
M107881,10.4,325.2,43.6,2.584,13.19,2.5,0,Day,High,1039.4,5.59
M107882,7.2,384.0,85.8,2.998,9.2,5.3,0,Day,Low,1337.4,9.18
M107883,13.1,551.3,52.4,5.002,9.95,0.9,1,,Medium,1185.2,7.3
M107884,2.4,252.8,53.2,3.167,9.26,2.0,2,Night,Low,1040.3,8.43
M107885,1.1,415.4,83.5,1.267,8.89,3.1,1,Day,Low,1517.0,6.57
M107886,4.5,524.5,,1.828,10.22,0.9,1,Rotational,Medium,1429.3,5.06
M107887,1.5,523.2,69.3,5.29,7.59,0.0,1,Night,Medium,1388.0,6.29
M107888,1.5,476.1,71.7,2.357,9.25,1.0,0,Day,Medium,1341.0,4.09
M107889,9.5,478.3,78.5,3.176,7.46,3.6,2,Day,Low,1396.3,6.99
M107890,7.0,331.5,69.1,8.692,11.82,1.8,0,Night,Low,1309.6,15.15
M107891,5.1,536.7,51.0,4.554,10.98,2.0,1,Rotational,Medium,1298.2,7.61
M107892,5.5,318.0,76.1,1.134,8.35,2.4,0,Rotational,Medium,1229.5,3.88
M107893,4.6,323.1,72.6,6.838,6.72,1.0,1,Day,Low,1233.8,9.33
M107894,13.6,453.0,80.9,3.578,10.24,0.0,2,Day,,1400.6,7.7
M107895,4.1,378.1,54.3,3.993,9.43,,0,Day,Low,1207.8,6.94
M107896,1.7,437.6,60.0,3.865,12.87,0.0,0,Day,Medium,1263.0,5.7
M107897,10.2,456.6,72.3,5.242,11.6,0.6,2,Day,,1457.5,6.85
M107898,6.1,571.1,57.6,3.19,10.45,0.0,0,Day,Medium,1259.8,5.52
M107899,15.2,456.9,42.1,,8.71,0.7,2,Night,Medium,978.0,10.18
M107900,4.9,367.4,70.2,3.903,9.11,0.0,2,Night,Medium,1159.0,7.92
M107901,10.4,477.5,77.8,1.664,9.95,3.6,2,Day,High,1377.2,3.1
M107902,11.3,349.3,66.6,8.234,10.03,2.8,4,Day,Medium,1301.9,13.77
M107903,4.9,497.6,74.0,2.77,8.44,0.0,1,Night,Low,1378.4,7.38
M107904,4.0,425.5,72.4,3.235,7.45,2.6,0,Day,High,1329.7,3.69
M107905,10.0,454.0,68.1,2.368,12.39,3.5,4,Day,High,1433.4,5.23
M107906,9.3,268.6,69.5,3.934,9.55,0.0,3,Day,Medium,1213.7,5.1
M107907,1.4,228.7,82.8,4.167,10.14,2.4,3,Day,Low,1358.6,9.21
M107908,2.5,292.4,57.4,2.365,8.21,3.1,1,Day,Medium,1028.6,2.62
M107909,0.0,568.4,76.5,,11.55,2.4,2,Rotational,Medium,1540.3,6.57
M107910,9.4,322.4,55.0,3.434,11.06,0.1,0,Rotational,Low,1028.4,8.36
M107911,6.0,482.2,59.3,3.165,9.59,0.3,3,Rotational,Medium,1272.1,6.63
M107912,6.4,365.4,,2.28,9.82,0.5,2,Night,Medium,,7.38
M107913,0.2,399.6,54.7,10.561,9.93,2.7,3,Day,Low,1092.9,15.31
M107914,2.6,416.2,65.3,5.998,9.65,0.0,2,Day,Low,1227.9,8.81
M107915,5.1,559.7,94.0,4.779,10.34,1.7,1,Day,Medium,1653.6,11.67
M107916,4.3,469.7,79.3,5.831,10.06,0.2,3,Night,High,1390.4,12.14
M107917,7.5,452.7,59.9,3.857,9.24,4.8,2,Day,Medium,,6.08
M107918,9.3,530.2,61.8,2.788,7.75,2.4,0,Day,Medium,1325.0,2.71
M107919,16.1,366.2,66.1,0.886,9.46,5.2,4,Rotational,Low,1319.6,5.28
M107920,6.9,510.8,82.4,1.805,10.63,0.5,1,Rotational,Medium,1603.2,7.35
M107921,11.5,496.6,57.0,9.801,10.51,0.1,2,Day,High,1346.9,13.73
M107922,3.7,495.6,56.3,5.93,11.47,0.9,4,Rotational,Medium,1190.8,11.04
M107923,0.3,406.8,75.8,3.674,11.63,0.8,2,Day,High,1374.5,5.96
M107924,5.6,382.8,49.5,1.509,10.55,3.3,3,Day,Medium,1172.8,5.01
M107925,0.6,346.1,58.0,4.56,9.78,3.4,3,Day,Low,1186.9,7.57
M107926,7.1,351.4,67.1,2.889,10.02,3.3,2,Rotational,High,1290.5,3.17
M107927,3.9,342.1,67.6,4.707,8.64,2.0,1,Day,Medium,1143.1,8.04
M107928,0.0,451.2,53.0,1.904,10.7,5.4,1,Night,Medium,1239.3,6.51
M107929,13.9,400.6,71.9,2.599,11.49,0.0,0,Rotational,High,1291.2,3.76
M107930,4.8,456.7,,5.168,11.06,1.5,2,Night,Medium,1420.2,9.24
M107931,0.4,461.5,60.7,8.705,10.33,2.5,1,Day,Medium,1311.3,9.88
M107932,10.6,329.9,86.3,2.389,9.14,1.2,1,Night,Medium,1327.6,9.93
M107933,4.1,327.4,71.7,2.014,8.97,1.8,0,Day,Low,1242.0,4.4
M107934,11.4,400.6,56.9,5.537,9.26,2.8,3,Day,Medium,1144.0,8.28
M107935,4.1,354.1,85.8,1.768,8.4,1.1,2,Rotational,Medium,1370.9,8.08
M107936,4.8,345.2,62.2,1.833,9.91,1.3,0,Rotational,High,1156.6,1.8
M107937,8.4,564.1,70.0,3.792,5.5,2.3,4,Day,High,1283.0,5.49
M107938,9.4,289.7,62.6,9.42,8.69,4.7,6,Night,Medium,1052.0,13.27
M107939,10.1,592.0,74.9,2.172,9.6,2.6,1,Rotational,High,1538.5,5.7
M107940,6.6,444.6,62.7,2.76,13.25,2.0,0,Day,High,1281.0,2.22
M107941,9.1,503.8,63.4,3.51,9.51,0.7,1,Night,High,1292.6,5.15
M107942,10.0,493.8,66.2,2.621,9.56,0.3,3,Day,Medium,1362.4,6.29
M107943,7.8,472.4,62.5,1.372,8.25,3.1,1,Day,Medium,1257.7,1.13
M107944,6.4,561.3,79.8,4.958,12.08,1.9,3,Day,High,1559.8,8.61
M107945,1.2,328.0,54.2,3.644,8.28,0.0,1,Day,Low,1072.5,7.07
M107946,9.4,406.7,67.6,3.989,12.55,2.2,3,Day,Medium,1387.7,6.7
M107947,7.2,347.5,69.0,3.093,8.39,0.0,1,Rotational,Medium,1258.3,4.2
M107948,5.3,275.8,66.6,7.075,10.91,0.5,2,Day,High,1177.2,8.9
M107949,12.1,363.8,78.7,2.58,9.41,0.2,4,Rotational,Medium,1421.8,5.35
M107950,1.3,579.2,51.5,1.938,8.66,0.7,1,,Medium,1227.2,4.92
M107951,13.6,405.3,74.2,7.628,11.01,2.8,2,Night,High,1302.5,11.08
M107952,6.9,588.6,54.3,1.106,11.49,0.2,2,Rotational,High,1291.5,5.79
M107953,8.3,597.3,62.4,3.074,9.22,0.4,1,Rotational,High,1398.6,5.09
M107954,5.4,674.6,53.2,3.197,9.46,1.5,2,Rotational,Low,1307.9,10.29
M107955,0.3,582.0,77.1,10.387,8.88,2.4,1,Day,Medium,1861.3,15.73
M107956,6.4,620.4,,1.529,9.84,2.8,1,Night,Medium,1475.0,7.17
M107957,8.3,447.6,86.0,,7.86,0.3,3,Rotational,Medium,1548.5,8.23
M107958,9.7,439.4,70.7,5.36,5.5,1.2,4,Day,Medium,1270.4,8.28
M107959,6.2,445.1,72.8,6.637,6.69,0.0,1,Rotational,Medium,1197.9,11.47
M107960,0.0,420.0,55.8,2.695,9.17,0.9,1,Night,Low,1159.7,7.97
M107961,0.8,432.7,76.1,,7.9,2.8,1,Day,Medium,1340.0,4.62
M107962,15.2,483.9,86.0,1.36,9.32,0.8,4,Day,Low,1555.0,10.11
M107963,2.6,380.4,77.6,5.314,8.73,0.2,4,Rotational,,1330.6,8.8
M107964,12.7,302.9,53.6,5.473,8.44,0.3,0,Day,Low,1081.1,7.59
M107965,3.3,450.9,62.9,0.814,8.53,0.8,1,Night,High,1231.6,2.09
M107966,6.3,361.1,69.2,0.988,10.95,0.9,2,Day,Low,1300.9,4.46
M107967,9.5,369.9,61.7,3.555,9.85,3.7,3,Night,Medium,1207.2,5.48
M107968,3.7,407.9,95.9,3.793,11.85,0.5,1,Rotational,High,1627.2,13.09
M107969,13.4,388.4,62.7,2.615,9.65,1.8,1,Rotational,High,1218.8,3.79
M107970,7.3,514.4,67.5,3.266,6.64,1.9,2,Rotational,Medium,1283.0,7.28
M107971,8.8,405.8,61.4,2.934,7.93,1.7,0,Rotational,Low,1180.6,6.49
M107972,5.9,518.6,70.5,3.364,9.67,0.0,1,Rotational,Medium,1377.8,5.62
M107973,9.6,437.5,83.2,2.116,9.86,3.2,3,Night,Medium,1432.2,9.09
M107974,13.3,412.5,69.3,3.3,8.62,0.8,0,Day,Low,1231.6,6.69
M107975,6.5,433.4,85.2,7.218,8.31,2.6,0,Day,Medium,1931.3,12.18
M107976,13.9,310.2,56.2,2.273,8.59,,1,Day,High,1017.5,3.37
M107977,4.6,448.7,81.3,1.305,9.28,2.2,1,Night,Medium,1351.2,5.78
M107978,10.1,492.2,66.4,3.041,9.43,1.0,0,Day,Medium,1429.1,4.18
M107979,9.0,504.2,65.9,4.96,7.85,3.2,1,Day,High,1282.6,4.71
M107980,2.7,305.1,42.3,2.821,9.87,3.0,0,Night,Medium,907.0,6.78
M107981,7.9,290.9,66.6,2.782,9.86,3.1,1,Day,Medium,1134.1,2.25
M107982,7.0,374.4,63.6,6.221,9.34,1.2,3,Rotational,Medium,1165.5,8.83
M107983,3.6,537.7,47.9,5.543,8.46,4.2,3,Rotational,Medium,1135.1,10.51
M107984,8.4,438.8,78.9,7.903,10.51,2.1,1,Day,High,1412.7,11.87
M107985,7.6,354.2,62.1,,11.49,0.0,5,Rotational,Medium,1275.4,13.16
M107986,6.7,296.5,88.9,3.42,8.83,3.8,4,Night,Low,1358.3,11.2
M107987,6.7,361.9,83.6,1.862,8.56,3.3,0,Day,Medium,1439.2,4.91
M107988,6.6,356.1,60.1,2.559,10.2,3.5,2,Rotational,Medium,1237.7,4.44
M107989,5.5,499.5,83.1,4.422,7.74,2.4,0,Rotational,Medium,1351.3,9.53
M107990,7.6,506.1,85.7,6.821,7.59,0.9,2,Night,Low,1532.3,13.85
M107991,4.4,330.8,61.9,1.965,8.53,0.3,3,Night,High,1071.3,5.87
M107992,17.6,484.0,56.6,3.772,9.96,2.8,1,Rotational,High,1319.3,5.81
M107993,1.4,475.3,44.3,2.233,8.18,5.3,0,Day,Low,1045.7,8.3
M107994,4.7,319.7,72.2,3.085,9.47,0.9,1,Rotational,Low,1218.2,7.02
M107995,5.0,412.9,57.3,3.062,6.49,4.5,4,Night,Low,1104.3,6.68
M107996,15.2,449.0,72.5,4.017,10.43,4.6,3,Rotational,Low,1425.7,7.76
M107997,1.7,433.9,61.8,9.172,11.66,1.1,3,Rotational,Low,1220.6,10.89
M107998,8.7,274.6,59.4,4.21,8.14,3.0,0,Day,Low,1057.3,4.9
M107999,8.0,431.2,61.8,2.678,10.17,3.4,1,Day,Medium,1333.8,3.69
M108000,8.3,474.1,53.7,2.466,9.19,2.9,1,Night,Medium,,5.86
M108001,11.9,554.3,61.8,3.018,9.66,3.6,1,Day,Medium,1362.8,3.82
M108002,11.9,363.2,59.9,2.147,9.13,6.9,1,Day,Low,1098.3,3.6
M108003,5.2,373.6,67.8,3.56,9.04,2.4,1,Day,Medium,1249.0,3.81
M108004,7.8,402.2,69.1,0.994,8.25,1.8,1,Night,Low,1296.2,4.7
M108005,0.0,444.8,56.2,2.987,7.86,1.0,1,Day,High,1168.2,3.89
M108006,7.4,428.2,80.1,3.108,11.15,2.2,4,Rotational,Low,1476.4,7.31
M108007,3.8,471.4,66.2,1.858,6.98,4.7,1,Day,Low,,4.61
M108008,6.3,324.4,84.5,2.743,9.47,1.2,3,Day,Medium,1384.5,7.36
M108009,0.3,453.7,70.7,5.812,9.4,1.5,0,Rotational,High,1310.6,7.22
M108010,8.6,356.9,68.8,6.026,9.43,0.2,3,Night,Medium,1264.5,9.82
M108011,0.2,407.8,62.6,2.543,10.5,0.4,0,Day,Medium,1205.2,3.04
M108012,7.6,565.2,74.8,4.313,8.94,1.4,1,Rotational,Medium,1493.4,6.13
M108013,2.1,301.1,68.4,1.569,10.48,1.5,1,Rotational,Medium,1173.5,5.18
M108014,3.6,396.2,77.4,2.863,12.48,2.3,0,Rotational,Low,1592.3,7.14
M108015,11.6,311.7,85.7,3.726,9.27,3.1,3,Night,High,1453.5,9.15
M108016,9.4,433.0,60.0,7.124,6.45,2.8,2,Night,Medium,1205.4,11.8
M108017,11.6,509.1,74.7,6.028,9.29,5.9,0,Rotational,Medium,1459.1,8.47
M108018,13.2,434.4,74.4,3.686,9.14,0.8,2,Night,Medium,1364.2,7.08
M108019,3.9,410.1,73.0,2.105,10.1,2.8,0,Day,Low,1255.3,3.61
M108020,13.0,532.9,63.2,6.549,6.51,0.0,5,Night,Medium,1299.2,14.54
M108021,1.1,448.1,63.5,2.801,9.99,0.6,0,Rotational,High,1229.8,3.28
M108022,10.0,489.7,61.6,4.155,8.87,0.8,3,Night,Medium,1248.5,9.39
M108023,5.0,480.8,61.4,3.123,10.7,1.1,1,Day,Medium,1246.4,5.51
M108024,3.3,175.5,58.8,8.99,8.72,1.1,3,Rotational,Medium,833.1,11.85
M108025,9.5,413.5,66.9,2.447,10.8,1.0,0,Day,Medium,1259.2,3.64
M108026,10.8,328.4,59.7,5.249,7.23,1.0,2,Day,High,1078.1,5.6
M108027,10.7,349.5,72.8,3.18,9.53,1.6,2,Rotational,Medium,1122.7,6.09
M108028,7.9,545.3,68.6,4.413,8.04,1.8,4,Night,Low,1379.4,11.27
M108029,7.5,388.1,69.9,7.463,8.77,2.6,2,Day,Medium,1380.4,11.18
M108030,9.1,580.9,65.0,,13.58,0.0,0,Day,Low,,3.68
M108031,8.2,300.3,68.8,3.213,8.08,1.4,2,Rotational,Medium,1209.6,5.02
M108032,9.2,327.9,65.3,2.123,8.94,0.2,2,Day,Low,1124.0,4.15
M108033,7.8,484.8,76.6,4.149,7.78,4.3,0,Day,Medium,1561.7,7.36
M108034,10.4,391.0,,4.691,9.04,4.3,2,Day,Medium,1228.9,6.13
M108035,0.5,446.1,72.1,2.624,9.28,1.0,0,Rotational,Medium,1349.2,4.87
M108036,6.5,410.5,,2.557,8.4,0.9,2,Rotational,Low,1059.8,7.27
M108037,1.5,407.9,75.8,3.676,11.86,0.3,1,Night,Low,1408.2,7.88
M108038,8.1,394.1,61.8,1.757,11.23,2.6,0,Night,Medium,1241.7,5.63
M108039,13.6,435.3,58.0,3.922,8.08,4.0,2,Night,Low,1154.6,10.02
M108040,5.1,474.5,55.5,2.206,10.73,0.6,0,Day,High,1162.6,3.52
M108041,7.5,557.2,54.6,4.791,8.78,1.9,2,Rotational,Medium,1217.3,7.67
M108042,10.0,402.8,62.7,1.718,7.66,1.2,1,Rotational,Medium,1231.6,3.84
M108043,0.0,386.5,84.5,2.5,8.42,0.0,2,Night,Medium,1355.2,8.69
M108044,4.9,375.6,60.9,2.281,7.62,0.0,0,Day,Medium,1242.0,3.13
M108045,8.5,544.9,43.7,2.86,10.91,3.1,2,Day,Medium,1302.0,7.64
M108046,0.0,478.7,72.0,6.607,8.19,2.4,2,Rotational,Low,1289.6,10.6
M108047,3.1,258.6,55.7,5.068,11.43,1.3,0,Rotational,Low,1009.0,7.53
M108048,11.4,254.8,77.0,2.612,9.71,3.0,3,Day,Medium,1111.1,3.55
M108049,11.0,349.4,63.4,2.611,8.89,5.4,1,Night,Medium,1323.0,3.32
M108050,8.5,439.6,65.0,5.169,8.75,1.8,3,Rotational,Medium,1257.3,8.42
M108051,10.5,417.2,81.2,1.855,12.13,2.3,2,Night,Medium,,7.33
M108052,7.9,463.8,74.8,3.357,9.52,0.6,2,Day,Medium,1399.6,6.86
M108053,9.2,405.1,54.3,2.453,8.74,2.4,1,Night,High,1157.1,6.23
M108054,5.7,538.8,55.9,3.047,10.78,0.0,2,Rotational,Medium,1207.8,5.25
M108055,7.5,485.6,48.4,4.976,10.38,0.9,2,Day,Medium,1215.1,8.59
M108056,4.5,426.6,96.6,2.376,8.02,2.6,4,Rotational,High,1626.0,10.5
M108057,12.1,517.4,58.5,5.404,9.51,2.5,4,Day,Medium,1303.7,11.05
M108058,13.1,279.8,80.9,9.972,6.79,0.5,6,Rotational,Medium,1244.5,17.28
M108059,12.5,412.8,62.1,4.491,9.45,2.8,2,Rotational,Medium,1165.7,5.49
M108060,5.4,431.7,56.1,3.183,9.97,0.7,1,Day,Low,1280.4,6.57
M108061,3.2,471.2,68.2,5.921,10.17,3.1,0,Rotational,Low,1386.1,7.75
M108062,12.1,274.2,64.4,1.907,8.0,,1,Day,Medium,1038.9,3.57
M108063,9.2,397.9,76.8,7.103,8.39,4.2,1,Day,High,1362.2,7.9
M108064,8.3,454.0,77.0,2.278,9.87,2.2,1,Day,Medium,1494.9,4.62
M108065,4.5,460.6,61.5,9.816,11.38,2.1,4,Day,Medium,1228.9,11.35
M108066,8.7,520.8,52.2,2.32,9.64,0.0,0,Day,Low,1308.3,6.18
M108067,2.7,484.7,54.8,4.622,8.66,0.3,2,Day,Medium,1200.8,7.15
M108068,9.5,414.8,42.9,1.522,10.96,1.9,2,Rotational,High,1095.4,7.15
M108069,12.5,477.4,65.0,2.984,9.69,0.4,3,Rotational,High,1267.7,7.36
M108070,13.5,402.9,67.9,1.935,9.77,3.3,2,Day,Low,1160.1,2.32
M108071,9.8,432.5,55.4,1.615,10.7,0.0,2,Night,Medium,1232.8,6.68
M108072,1.5,487.6,54.1,6.066,9.36,0.0,1,Day,Medium,1146.7,8.25
M108073,7.8,416.1,67.8,1.797,8.1,1.2,1,Rotational,Medium,1156.4,3.85
M108074,15.6,450.8,61.0,2.299,9.27,3.3,2,Night,High,1183.5,4.26
M108075,3.5,501.7,65.7,2.169,11.17,0.7,0,Night,Low,1440.8,5.69
M108076,6.8,480.5,64.0,5.87,12.34,2.3,1,Day,High,1449.3,4.81
M108077,12.7,524.8,70.7,5.522,7.67,1.2,1,Night,,1457.1,9.74
M108078,9.5,617.9,61.8,6.266,11.96,4.2,1,Day,Low,1547.8,9.33
M108079,16.9,479.7,62.6,2.241,8.95,3.1,3,Rotational,Medium,1233.2,7.33
M108080,4.1,380.8,47.3,6.52,9.53,0.9,0,Night,Medium,988.9,12.84
M108081,3.0,463.5,67.4,2.231,12.05,2.6,1,,Medium,1432.9,4.05
M108082,11.9,459.8,69.0,2.277,8.89,0.0,3,Day,Medium,1355.3,7.52
M108083,2.2,472.1,66.0,2.341,9.09,1.4,1,Rotational,Medium,1363.4,3.94
M108084,6.2,547.1,89.0,,8.54,0.6,1,Day,High,1640.3,8.65
M108085,6.7,276.9,69.8,3.173,9.56,0.9,2,Day,High,1189.2,1.91
M108086,11.1,548.7,66.3,2.183,9.97,2.6,1,Night,Medium,1470.9,6.09
M108087,9.5,577.3,73.5,3.727,8.47,3.6,2,Night,Medium,1474.7,8.56
M108088,8.8,468.3,91.2,,11.68,2.6,1,Day,High,1701.9,7.76
M108089,5.4,470.3,70.8,3.721,8.38,3.9,1,Night,High,1294.7,4.8
M108090,11.9,399.5,43.5,1.925,10.25,5.6,1,Day,Medium,954.9,6.83
M108091,23.1,420.5,72.8,2.376,9.54,7.0,2,Night,Low,1334.2,6.82
M108092,9.8,479.3,58.3,2.405,11.37,3.5,2,Day,Medium,1289.9,4.15
M108093,7.4,473.9,46.9,5.321,8.29,1.8,1,Day,Medium,1077.6,9.39
M108094,1.8,481.3,86.7,4.273,10.36,0.7,2,Night,Low,1486.8,12.74
M108095,4.5,473.3,84.3,3.056,13.13,1.2,1,Day,Low,1584.2,8.89
M108096,6.1,496.4,58.0,2.322,7.34,1.5,1,Rotational,High,1151.8,5.09
M108097,4.9,486.9,58.1,4.911,8.15,0.9,2,Day,Low,1168.7,9.8
M108098,6.9,332.9,69.8,8.145,12.63,0.8,4,Rotational,High,1264.7,10.99
M108099,14.1,490.7,58.3,3.274,9.3,0.5,3,Night,Medium,1142.8,8.76
M108100,12.0,578.0,66.5,1.493,9.67,3.1,0,Day,Medium,1412.6,3.44
M108101,6.4,417.7,60.2,2.336,9.0,2.5,0,Night,High,1232.2,3.31
M108102,2.2,547.5,63.6,,11.98,1.8,2,Night,Medium,1363.0,7.77
M108103,12.3,342.0,52.6,2.661,7.08,0.7,0,Day,Medium,1085.3,5.5
M108104,6.8,417.5,77.1,2.161,11.36,0.6,2,Day,Low,1380.7,7.33
M108105,0.1,365.5,97.3,6.872,7.28,2.2,0,Rotational,Low,1684.1,18.36
M108106,9.8,537.2,66.9,3.476,7.15,3.8,0,Day,Medium,1287.0,5.54
M108107,11.1,559.4,67.6,1.542,7.87,3.5,0,Night,Medium,1294.4,5.42
M108108,0.0,411.6,74.9,3.263,9.31,0.0,0,Night,Medium,1321.2,6.97
M108109,3.7,519.5,68.0,3.47,8.43,0.0,1,Rotational,Medium,1315.3,5.98
M108110,6.6,560.3,87.0,2.652,8.34,3.5,0,Day,Medium,1575.7,7.61
M108111,9.9,417.2,53.5,1.971,8.11,2.1,2,Day,Medium,1131.2,4.26
M108112,4.9,431.0,77.5,5.525,8.13,2.8,3,Day,Medium,1484.4,9.41
M108113,3.7,482.4,66.7,,8.1,3.9,1,Night,Medium,1323.3,3.19
M108114,9.9,348.4,55.7,3.62,9.85,2.0,6,Night,Low,1125.1,11.97
M108115,5.1,429.4,92.7,4.777,8.55,1.8,5,Day,High,1513.6,12.51
M108116,9.2,602.1,94.2,3.596,5.5,0.0,3,Rotational,Medium,1535.7,13.04
M108117,2.6,377.5,65.7,6.145,9.44,0.3,3,Night,High,1252.3,10.03
M108118,1.6,492.6,72.9,1.882,10.62,1.6,0,Day,Medium,1396.7,2.95
M108119,10.0,464.5,62.8,2.236,9.08,1.7,0,Day,Medium,1274.0,3.81
M108120,8.0,406.1,64.6,2.636,7.61,1.0,0,Night,High,1178.5,3.47
M108121,10.7,438.8,55.5,12.0,10.62,0.1,2,Rotational,High,1049.9,16.12
M108122,4.9,569.0,53.9,4.28,7.44,0.7,1,Day,High,1219.1,7.63
M108123,3.8,467.1,88.3,4.7,9.02,3.3,2,Day,High,1505.7,9.36
M108124,12.4,480.3,67.6,4.603,9.47,0.9,1,Day,Low,1384.3,8.53
M108125,0.9,556.1,68.6,3.454,11.12,0.0,1,Day,Low,1516.5,6.61
M108126,12.0,395.4,59.1,5.611,10.37,1.9,0,Day,Medium,1236.4,7.19
M108127,12.3,331.0,70.1,1.303,9.86,1.7,0,Rotational,Low,1218.1,4.11
M108128,10.4,570.3,51.5,3.813,10.9,1.0,1,Day,High,1328.5,5.41
M108129,4.2,431.6,76.3,13.678,7.76,2.9,2,Night,High,1644.3,20.86
M108130,3.7,496.0,54.8,5.525,11.87,1.9,3,Day,Low,1298.1,10.0
M108131,6.2,355.2,82.2,1.863,5.5,0.4,0,Night,Medium,1350.8,6.34
M108132,1.8,453.0,49.8,1.933,11.64,0.8,1,Day,Medium,1213.1,4.88
M108133,3.2,326.8,55.0,1.995,8.24,2.5,1,Day,Low,1174.9,5.62
M108134,9.6,425.4,45.5,4.311,10.07,2.0,3,Day,Medium,1148.8,10.41
M108135,9.6,364.9,58.2,4.342,11.67,1.6,5,Night,High,1149.8,8.25
M108136,2.8,345.4,62.9,2.065,10.34,0.8,0,Rotational,Low,1178.3,4.04
M108137,9.7,394.2,78.8,,10.06,4.5,2,Day,Medium,1371.1,13.1
M108138,8.8,225.1,65.6,3.831,10.8,3.3,2,Day,Medium,1112.8,3.88
M108139,13.0,321.4,63.5,3.533,7.28,5.5,0,Rotational,Medium,1124.6,4.2
M108140,9.3,486.5,71.3,2.993,7.51,2.8,0,Night,Medium,1273.6,7.13
M108141,11.2,449.6,63.1,5.287,9.91,2.8,0,Rotational,Medium,1260.4,6.31
M108142,8.9,328.7,94.5,4.034,9.2,4.4,3,Day,Medium,1440.7,11.7
M108143,10.9,466.6,61.5,8.541,9.03,3.9,0,Night,High,1248.0,12.18
M108144,1.9,345.4,72.6,1.809,11.36,0.0,0,Day,Low,1417.1,5.06
M108145,6.5,481.4,77.1,1.533,11.23,1.3,2,Day,High,1452.5,3.12
M108146,6.8,410.2,61.2,2.293,8.12,3.7,1,Night,Medium,,4.63
M108147,6.0,392.4,69.8,4.378,10.16,0.0,2,Day,Medium,1375.1,8.06
M108148,8.8,412.3,62.5,2.68,7.15,2.1,1,Night,Medium,1195.9,6.86
M108149,9.5,637.6,,6.268,7.12,1.5,5,Day,High,,9.08
M108150,8.6,355.5,69.1,2.727,8.16,1.2,2,Rotational,Low,1167.4,6.29
M108151,6.3,439.3,,5.703,9.42,0.0,1,Day,Low,1296.6,9.19
M108152,4.1,486.4,55.3,2.192,8.52,2.0,1,Day,Medium,1215.3,5.12
M108153,11.4,338.2,88.5,5.999,10.18,2.6,2,Rotational,Medium,1481.8,12.43
M108154,8.4,284.5,74.5,6.584,9.48,1.5,2,Rotational,Low,1307.7,10.61
M108155,2.9,368.9,50.5,2.503,11.17,0.0,2,Rotational,Medium,1077.3,9.54
M108156,6.2,484.6,63.4,4.241,10.32,0.6,1,Day,Medium,1311.1,7.13
M108157,0.0,390.9,50.7,3.796,7.94,1.0,3,Day,High,979.9,6.72
M108158,7.1,400.4,76.4,4.299,10.85,3.9,2,Day,Medium,1370.5,6.07
M108159,6.2,497.4,67.8,6.311,8.21,0.5,1,Day,High,1548.5,7.91
M108160,4.7,351.5,68.0,5.401,10.12,1.7,2,Day,Medium,1218.7,6.85
M108161,13.3,412.5,58.7,4.293,8.76,0.3,6,Night,Low,1152.0,10.56
M108162,2.4,291.3,64.5,4.625,11.49,1.2,3,Night,Low,1268.6,8.06
M108163,9.8,447.3,76.7,1.76,10.6,1.2,1,Rotational,Medium,1484.4,4.76
M108164,15.7,439.5,79.6,3.253,8.46,2.0,2,Night,Medium,1361.7,8.65
M108165,11.3,487.6,77.3,1.914,8.92,1.1,1,Day,Medium,1455.4,4.17
M108166,6.9,322.7,50.9,3.29,14.4,1.3,2,Rotational,Medium,1258.8,5.0
M108167,2.5,403.7,66.0,5.803,7.61,2.0,2,Day,Medium,1333.0,6.43
M108168,1.6,311.3,70.8,3.308,8.42,1.4,2,Night,Low,1251.5,7.31
M108169,5.4,399.1,59.9,0.949,8.49,0.1,0,Day,Medium,1118.4,1.63
M108170,4.3,546.0,49.8,1.967,7.76,0.0,1,Day,Low,1181.6,5.72
M108171,4.1,392.7,,4.44,7.92,1.5,2,Night,Medium,1073.5,7.33
M108172,5.7,303.9,84.5,2.536,9.34,1.8,1,Night,Low,1450.7,9.3
M108173,6.6,362.2,54.9,4.913,10.21,2.9,4,Day,High,1073.4,7.01
M108174,8.9,283.1,68.5,1.816,7.11,1.3,0,Night,Medium,1053.5,3.45
M108175,2.0,309.9,66.3,4.018,8.75,2.7,1,Day,High,1089.8,2.72
M108176,4.3,477.0,66.3,4.12,8.29,0.3,2,Night,Medium,1213.0,7.65
M108177,6.4,297.1,64.5,4.928,7.74,3.3,0,Rotational,Medium,1104.4,6.05
M108178,6.2,446.5,76.7,2.393,10.99,2.3,0,Night,High,1405.7,4.64
M108179,14.3,422.2,68.4,4.903,8.35,1.7,4,Day,Low,1172.7,10.53
M108180,7.9,374.8,61.1,7.052,7.45,1.0,2,Day,Low,1084.3,10.31
M108181,0.5,439.3,68.6,1.066,10.82,1.5,3,Day,High,1362.3,2.96
M108182,8.7,340.3,53.9,3.407,11.38,0.9,1,Day,Low,1156.7,7.78
M108183,9.2,491.5,73.2,1.346,9.86,2.7,1,Rotational,High,1363.9,2.07
M108184,6.5,360.6,60.5,2.16,8.09,0.0,1,Rotational,Low,1052.1,6.31
M108185,2.1,387.2,61.1,2.25,9.08,3.1,0,Day,Medium,1256.8,3.43
M108186,14.0,377.0,73.6,3.212,8.52,3.4,2,,High,1249.7,6.63
M108187,2.7,478.6,63.5,4.01,9.43,2.2,5,Night,Medium,1414.0,6.52
M108188,9.6,466.3,64.1,,10.57,2.1,2,Rotational,High,1334.4,6.62
M108189,7.8,197.2,80.8,3.789,9.46,0.0,2,Day,Medium,1101.3,6.47
M108190,9.4,441.6,57.3,4.65,9.49,5.2,1,Day,High,1159.3,6.67
M108191,13.8,271.7,73.5,1.936,8.73,1.4,1,Day,Medium,1191.7,4.82
M108192,9.2,391.0,78.4,5.631,10.5,0.1,1,Rotational,Low,1437.4,10.19
M108193,4.8,410.8,80.8,0.639,10.05,0.6,1,Night,High,1354.2,4.64
M108194,11.4,390.1,91.9,7.123,6.74,1.4,2,Rotational,High,1426.1,13.21
M108195,4.5,462.6,60.9,6.512,6.83,1.3,3,Day,Medium,,9.15
M108196,7.7,481.2,58.5,4.831,9.0,4.4,5,,Medium,1282.2,10.79
M108197,1.8,354.3,77.0,10.12,10.96,1.7,3,Day,High,1281.8,10.5
M108198,2.9,351.2,78.3,1.347,11.25,0.9,1,Night,High,1378.1,3.12
M108199,7.2,416.9,59.3,4.902,10.64,3.1,1,Night,Medium,1205.9,7.08
M108200,8.5,288.8,73.3,3.552,9.27,3.4,0,Day,Low,1233.2,5.59
M108201,0.2,379.5,98.0,3.751,11.7,1.7,4,Night,Medium,1589.8,15.9
M108202,9.0,534.6,69.2,1.856,8.42,1.4,1,Day,High,1310.3,2.36
M108203,3.7,292.0,78.2,4.045,8.99,0.4,2,Rotational,Low,1247.6,9.21
M108204,12.1,391.1,85.3,3.951,7.37,2.7,1,Night,Low,1304.8,11.48
M108205,5.6,369.7,95.5,2.352,8.98,1.7,0,Day,High,1442.7,10.51
M108206,2.5,590.4,70.7,3.208,8.21,1.0,1,Night,High,1430.8,5.76
M108207,7.3,374.3,81.8,1.721,11.81,1.9,0,Rotational,Medium,1331.7,5.23
M108208,3.3,379.2,59.3,2.725,11.51,0.4,2,Rotational,Medium,1270.0,6.0
M108209,12.1,332.4,68.3,5.368,9.59,1.3,3,Night,Low,1232.9,12.31
M108210,7.0,420.8,63.1,5.422,10.2,3.5,1,Rotational,High,1374.8,4.74
M108211,6.4,443.0,47.3,4.876,8.59,2.3,0,Night,High,1207.5,10.01
M108212,9.4,344.7,50.4,5.367,5.7,0.0,3,Day,Low,883.3,9.06
M108213,3.0,504.0,72.7,5.402,8.36,0.0,3,Day,Medium,1426.5,10.23
M108214,1.8,443.0,72.9,2.407,10.62,5.1,1,Day,Medium,1398.3,1.94
M108215,8.6,492.4,56.5,3.934,10.16,3.9,2,Day,Medium,1321.7,6.95
M108216,2.6,392.1,85.1,5.717,8.91,2.1,1,Day,High,1400.7,9.8
M108217,2.6,440.7,,1.666,10.61,2.5,1,Night,High,1195.8,3.89
M108218,10.3,401.9,70.8,1.661,8.79,3.8,0,Day,Medium,1277.8,3.29
M108219,9.1,543.9,63.4,1.616,7.79,1.9,0,Day,High,1325.9,2.89
M108220,2.0,429.9,69.2,1.36,10.61,1.1,0,Rotational,Medium,1333.2,3.57
M108221,4.5,420.7,,1.963,8.58,0.7,2,Rotational,Low,1399.7,6.19
M108222,3.4,381.0,76.3,2.553,11.04,0.3,1,Day,Medium,1342.3,4.02
M108223,14.1,376.1,75.8,7.072,6.5,0.9,1,Day,Medium,1161.3,11.22
M108224,10.6,440.2,74.4,2.668,8.65,2.3,1,Day,Medium,1323.1,3.9
M108225,5.3,489.7,54.0,1.556,10.4,1.8,0,Day,Low,1204.8,3.47
M108226,9.3,361.8,80.5,3.608,10.24,3.7,2,Night,Medium,1516.1,7.68
M108227,1.6,430.8,56.3,3.021,9.17,0.7,2,Day,Low,1173.9,5.58
M108228,4.3,435.7,66.8,2.246,9.93,2.5,2,Night,Medium,1351.9,5.87
M108229,7.4,450.5,64.1,2.474,9.71,0.1,2,Rotational,Medium,1275.5,5.58
M108230,8.8,274.9,71.9,5.661,7.27,0.3,1,Day,Medium,1073.8,8.78
M108231,6.6,341.4,62.7,,8.95,0.1,1,Day,Low,1093.2,5.21
M108232,8.0,303.9,66.3,1.444,9.84,0.6,0,Rotational,Medium,1198.3,3.65
M108233,7.3,422.8,85.8,4.193,10.26,3.2,1,Night,Medium,1542.0,9.19
M108234,6.3,343.4,53.8,2.442,9.4,1.1,1,Day,Low,1118.8,6.48
M108235,5.8,377.8,68.0,7.215,8.67,1.9,1,Rotational,Low,1250.2,13.69
M108236,5.3,318.5,55.7,3.074,7.5,0.1,1,Day,Medium,1063.1,4.92
M108237,7.9,385.7,75.4,3.158,10.63,2.0,0,Night,High,1392.8,6.04
M108238,8.6,324.5,60.0,4.92,10.46,0.0,1,Day,Medium,1173.2,6.28
M108239,7.8,484.4,68.4,1.439,10.98,1.6,1,Rotational,High,1423.3,1.08
M108240,2.3,460.7,53.4,3.931,7.88,2.8,1,Night,Medium,1160.2,6.93
M108241,3.0,432.8,82.2,2.765,9.68,0.1,2,Day,High,1421.3,7.23
M108242,8.6,394.3,68.8,5.548,8.46,4.5,5,Day,High,1254.1,6.79
M108243,12.9,246.8,69.5,2.403,9.57,2.0,2,Day,High,1283.3,3.74
M108244,7.6,381.1,77.1,3.627,13.86,0.3,3,Rotational,Low,1486.0,10.43
M108245,5.4,355.3,54.2,2.775,10.86,0.7,1,Day,,1201.8,4.42
M108246,7.9,441.0,61.2,4.081,8.37,0.0,0,Night,Medium,1188.6,6.62
M108247,2.5,472.7,69.9,2.928,9.12,2.3,1,Day,Medium,1341.9,3.86
M108248,12.2,447.6,48.6,3.785,8.96,1.2,1,Day,Medium,1052.5,6.69
M108249,7.7,527.4,49.8,7.977,9.69,3.4,4,Day,Low,1175.4,14.37
M108250,4.3,371.7,59.0,2.878,7.21,0.5,0,Day,Medium,1143.3,2.61
M108251,6.3,368.2,55.4,4.061,9.99,0.0,0,Day,Medium,1066.3,3.56
M108252,4.9,508.2,64.2,10.415,6.32,2.3,6,Day,High,1364.9,15.19
M108253,12.2,434.1,73.7,4.035,6.99,3.2,4,Night,Medium,1311.8,8.1
M108254,6.2,399.0,76.2,0.983,12.5,2.3,0,Night,Medium,1536.6,4.02
M108255,7.6,577.0,87.9,2.379,8.96,0.0,2,Day,Medium,1696.2,10.05
M108256,9.3,469.1,67.8,1.819,11.64,0.0,2,Day,Medium,,4.48
M108257,4.0,403.8,69.7,5.264,8.28,2.3,2,Day,,1213.0,6.87
M108258,7.8,361.7,67.7,3.168,6.35,2.4,2,Day,Low,1135.1,6.1
M108259,8.1,532.8,,5.651,7.92,0.3,2,Night,Low,1391.0,12.82
M108260,0.8,437.6,72.4,4.508,13.53,0.1,4,Night,High,1448.1,9.11
M108261,8.0,422.1,78.1,4.498,7.38,1.9,0,Night,Low,1357.8,10.72
M108262,6.8,477.5,78.1,1.801,12.16,0.4,0,Day,Medium,1629.9,4.74
M108263,7.5,494.8,73.7,4.274,10.02,2.3,1,Night,Low,1401.8,8.83
M108264,7.1,466.7,84.6,6.575,9.68,0.6,4,Rotational,Medium,1448.9,14.93
M108265,8.0,495.1,68.3,1.61,8.38,2.9,0,Night,Low,1366.2,6.99
M108266,12.3,458.4,61.3,2.833,8.15,2.7,1,Day,Medium,1248.2,4.36
M108267,2.3,467.2,63.1,3.964,10.35,0.7,1,Night,Medium,1250.5,6.45
M108268,5.6,357.8,66.8,,11.48,,1,Rotational,Low,1341.8,8.11
M108269,9.7,573.9,56.1,,9.79,2.6,1,Night,Low,1217.1,12.46
M108270,8.9,315.1,61.3,4.779,10.61,0.0,0,Day,High,1223.0,4.64
M108271,8.8,446.3,55.5,4.068,8.86,1.9,1,Rotational,Low,1248.0,7.72
M108272,18.0,306.4,71.8,4.997,12.76,3.2,4,Day,,1436.8,7.6
M108273,9.5,411.7,71.9,4.865,9.86,0.2,5,Day,Medium,1315.8,8.48
M108274,11.5,371.4,48.5,3.389,12.55,1.0,1,Rotational,Low,1139.2,8.6
M108275,5.8,431.5,60.8,2.78,8.05,3.0,1,Day,High,1206.9,2.94
M108276,3.0,449.0,88.1,5.447,9.43,1.1,2,Day,Low,1484.4,12.53
M108277,5.7,338.7,74.9,2.29,11.11,2.0,1,Rotational,Medium,1343.0,4.3
M108278,9.8,417.5,73.0,3.202,9.71,3.5,2,Rotational,Low,1371.0,7.5
M108279,8.6,538.5,60.7,1.862,10.28,3.3,2,Day,Medium,1370.1,4.19
M108280,8.6,308.5,71.2,4.787,8.03,3.7,4,Rotational,Medium,1243.0,8.01
M108281,6.1,347.4,67.8,6.149,8.89,0.1,1,Day,Low,1255.1,10.24
M108282,5.5,493.2,59.2,2.08,8.19,2.4,2,Night,High,1235.8,3.57
M108283,6.3,426.6,62.6,3.074,9.37,2.0,0,Night,Low,1152.8,5.42
M108284,9.9,432.8,62.8,2.612,9.22,3.2,0,Day,Low,1343.6,4.11
M108285,10.4,506.9,51.6,,8.71,4.5,5,Rotational,High,1119.7,9.89
M108286,3.0,352.5,53.4,6.743,10.45,0.8,1,Night,Low,1132.0,12.21
M108287,10.0,375.9,65.8,2.613,7.9,0.0,0,Day,High,1106.9,2.37
M108288,4.4,365.4,58.7,0.708,6.28,0.3,0,Day,High,1043.7,1.19
M108289,8.9,390.4,64.7,5.909,8.64,2.5,4,Night,Low,1223.3,10.23
M108290,6.2,533.9,50.3,3.396,12.73,4.4,2,Day,Medium,1317.3,5.21
M108291,13.3,275.4,76.8,3.402,10.26,2.9,0,Night,Medium,1207.2,5.4
M108292,5.3,318.5,90.9,5.376,8.23,3.1,4,Night,Low,1495.6,15.98
M108293,7.7,303.9,79.3,2.768,10.17,0.0,0,Day,High,1292.8,2.9
M108294,9.4,539.1,80.4,2.423,9.3,0.0,0,,Medium,1587.8,7.08
M108295,3.5,367.8,74.9,2.779,10.08,1.7,1,Day,Low,1305.7,5.73
M108296,6.7,392.2,70.9,4.24,10.82,0.8,2,Day,High,1313.7,4.32
M108297,5.9,282.8,69.0,5.153,9.79,2.7,2,Day,Low,1316.6,7.37
M108298,4.9,397.7,57.9,7.513,9.68,,2,Day,Medium,1188.0,8.95
M108299,5.2,493.7,75.6,4.062,11.73,3.0,3,Rotational,Medium,1382.3,9.41
M108300,11.4,441.5,74.9,3.089,10.31,3.2,0,Rotational,Medium,1409.7,5.28
M108301,4.6,410.8,62.9,5.171,9.79,0.6,0,Night,High,1239.1,5.76
M108302,9.3,287.0,73.8,2.043,9.56,,2,Day,Medium,1208.6,5.87
M108303,8.3,392.1,60.4,6.751,8.65,1.7,2,Night,Medium,1097.7,10.52
M108304,1.4,432.5,61.1,3.69,7.63,0.0,2,Day,Medium,1150.0,6.23
M108305,9.1,335.7,76.5,2.961,10.51,5.2,1,Rotational,High,1431.8,4.34
M108306,1.3,475.7,72.7,2.046,11.41,0.0,0,,High,1404.2,2.95
M108307,9.5,495.2,65.4,4.542,10.14,3.3,2,Night,Low,1369.3,9.96
M108308,5.0,375.1,64.2,2.885,10.35,1.3,2,Day,High,1203.5,4.14
M108309,7.0,481.7,69.9,3.167,8.17,2.2,3,Day,Medium,1265.5,4.76
M108310,1.8,410.7,47.8,1.44,8.61,0.0,0,Night,High,1030.0,5.33
M108311,7.5,517.5,59.7,2.672,7.58,2.0,0,Day,High,1301.1,3.28
M108312,10.7,592.9,,2.499,9.13,1.6,1,Night,High,1366.4,5.98
M108313,3.8,327.0,68.1,4.093,10.97,2.3,3,Rotational,Medium,1223.1,7.72
M108314,4.6,485.4,80.0,2.904,8.45,0.8,0,Day,Medium,1420.6,7.01
M108315,8.8,530.9,73.2,0.883,9.39,3.6,2,Rotational,Medium,1580.4,2.46
M108316,8.9,337.5,62.4,2.698,10.55,2.5,2,Day,High,1221.5,3.75
M108317,0.0,371.1,60.2,1.604,11.31,0.8,1,Day,Low,1281.9,4.38
M108318,15.1,370.2,59.7,1.971,7.03,2.2,1,Rotational,Medium,1145.4,4.95
M108319,9.1,408.7,90.0,5.485,8.78,0.6,0,Night,High,1578.1,12.97
M108320,9.8,389.7,68.7,1.427,8.39,3.4,1,Night,High,1244.7,2.95
M108321,6.4,403.1,70.2,3.847,8.18,1.1,1,Day,High,1285.4,5.97
M108322,0.0,491.2,44.8,2.576,8.93,1.5,1,Day,Low,1094.4,6.0
M108323,9.7,258.9,55.0,2.34,6.58,0.0,2,Night,Medium,875.0,4.44
M108324,4.7,337.2,67.5,2.035,8.95,2.7,1,Day,Medium,1178.4,1.85
M108325,9.2,476.9,62.5,3.895,9.55,4.7,1,Day,Low,1169.0,6.62
M108326,6.1,467.0,69.5,4.12,7.94,4.2,3,Day,Medium,1263.3,5.19
M108327,8.0,330.0,,1.401,8.78,0.0,1,Day,Low,1234.8,4.3
M108328,3.9,467.6,74.6,5.902,9.53,0.0,2,Night,Medium,1484.7,9.54
M108329,10.5,532.8,47.4,1.835,9.68,1.0,1,Rotational,Medium,1126.1,6.42
M108330,2.2,415.8,55.8,4.032,7.05,2.5,0,Night,Medium,1155.2,7.16
M108331,16.0,334.3,66.9,1.84,10.55,3.5,1,Day,Low,1218.7,4.76
M108332,16.0,494.4,60.9,2.639,10.59,3.9,5,Night,Medium,1310.8,9.8
M108333,13.5,566.5,64.6,1.752,8.39,3.0,1,Rotational,Medium,1426.0,4.84
M108334,12.1,344.7,69.2,2.549,12.02,2.9,2,Rotational,Medium,1335.3,4.47
M108335,6.7,423.3,59.8,3.003,10.18,0.9,5,Day,High,1157.3,4.61
M108336,11.7,512.7,70.1,,9.97,3.0,1,Night,,,2.79
M108337,6.6,429.8,74.0,3.885,10.52,2.1,0,Day,Low,1366.5,7.23
M108338,0.8,271.5,68.7,4.148,7.95,0.8,1,Rotational,Medium,1178.6,5.7
M108339,13.0,457.7,75.9,12.0,8.97,4.9,0,Day,High,1456.6,15.23
M108340,11.5,336.8,44.1,5.282,10.43,1.0,0,Day,Medium,1043.6,10.1
M108341,6.9,312.0,61.6,5.979,8.3,3.5,2,Night,Medium,1098.2,7.7
M108342,2.1,273.1,77.8,1.371,8.97,0.8,1,Night,Medium,1191.3,3.26
M108343,4.7,521.2,58.5,1.247,10.4,0.8,2,Night,Low,1276.4,6.42
M108344,0.0,349.0,57.0,2.862,9.96,0.2,1,Rotational,,1131.9,4.69
M108345,10.8,448.3,66.6,8.113,9.53,1.5,0,Day,Low,1325.9,11.95
M108346,0.6,469.2,67.8,11.441,9.59,4.1,2,Rotational,Low,1324.3,16.97
M108347,8.1,433.8,62.1,2.354,9.24,3.1,1,Day,Medium,1320.4,3.72
M108348,3.6,445.2,88.3,2.477,10.78,0.7,1,Day,Medium,1604.1,7.7
M108349,1.3,452.4,71.2,4.358,12.64,1.3,2,Rotational,Medium,1541.9,9.08
M108350,8.0,431.7,58.1,3.008,9.94,0.6,0,Rotational,Medium,1147.9,6.34
M108351,5.7,355.4,52.2,3.047,11.42,2.1,2,Day,Medium,1177.6,4.74
M108352,10.4,347.8,72.5,4.561,8.84,2.8,2,Day,Medium,1330.3,7.97
M108353,1.9,411.1,57.8,12.0,8.48,,3,Day,Medium,1107.8,17.61
M108354,4.0,409.3,91.7,6.374,8.32,2.4,0,Night,Medium,1513.2,12.95
M108355,0.0,456.5,72.7,,8.12,1.2,4,Rotational,High,,13.66
M108356,0.0,513.6,74.2,1.32,9.06,1.7,0,Night,High,1422.0,3.29
M108357,14.2,449.2,70.7,5.682,10.83,3.6,3,Night,Low,1320.0,10.67
M108358,15.3,351.1,80.3,2.065,11.0,4.7,4,Rotational,Medium,1372.2,6.57
M108359,7.4,234.6,41.7,7.677,8.74,0.6,2,Night,Low,806.9,16.88
M108360,3.7,354.6,54.8,6.545,9.01,0.0,1,Night,Medium,1148.8,10.25
M108361,5.8,305.7,79.4,4.49,9.5,0.0,0,Day,Medium,1396.2,7.93
M108362,10.5,357.9,84.5,2.29,9.85,2.0,5,Night,Low,1358.7,12.43
M108363,4.9,440.6,54.4,2.607,10.38,1.7,1,Night,Medium,1248.0,6.02
M108364,8.0,427.2,48.0,2.714,8.9,0.0,1,Night,Medium,1095.2,6.95
M108365,6.9,577.9,69.8,4.861,9.2,2.1,3,Day,Medium,1469.5,7.26
M108366,4.7,461.1,73.3,4.063,11.53,1.0,3,Day,Medium,1413.9,5.88
M108367,4.9,582.3,69.6,6.753,9.08,0.3,2,Day,Medium,1403.7,9.24
M108368,8.2,480.8,67.3,7.429,8.64,3.9,3,Rotational,High,1410.7,8.0
M108369,3.1,512.3,47.6,2.176,9.37,4.1,0,Day,Medium,1143.0,5.68
M108370,8.8,389.5,63.9,4.211,9.62,4.7,2,Night,High,1281.0,4.44
M108371,5.1,328.7,65.5,4.185,7.19,0.7,0,Night,High,1175.8,4.36
M108372,7.5,381.8,62.0,3.166,8.83,3.4,3,Day,Low,1176.7,7.66
M108373,12.5,419.0,46.9,5.317,10.13,5.4,3,Day,Medium,1137.1,8.11
M108374,6.3,366.6,74.4,4.244,12.51,1.1,0,Day,Medium,1363.8,4.67
M108375,10.7,334.9,77.5,2.491,8.71,3.6,0,Night,Medium,1322.2,7.01
M108376,0.0,455.4,59.3,3.092,10.65,1.3,1,Day,High,1166.1,3.38
M108377,5.1,334.5,66.0,2.788,9.77,3.4,2,Day,Medium,1173.3,2.66
M108378,7.1,289.7,62.5,2.308,11.24,0.0,1,Day,Low,1171.5,3.85
M108379,14.7,324.6,62.6,3.181,8.57,3.7,3,Day,Low,1040.5,8.91
M108380,0.0,400.1,73.4,1.736,11.15,2.1,1,Day,High,1305.0,2.8
M108381,6.6,335.8,73.7,4.208,11.6,1.1,1,Day,High,1236.9,5.24
M108382,12.8,400.6,79.8,6.7,11.67,2.6,2,Rotational,High,1485.5,11.51
M108383,3.9,471.0,79.6,3.405,11.64,1.0,0,Rotational,High,1433.5,5.65
M108384,6.1,468.8,66.1,5.329,9.79,0.6,0,Night,High,1263.3,7.53
M108385,8.3,363.8,99.3,3.588,10.38,1.7,5,Day,Medium,1549.8,16.15
M108386,7.7,309.2,85.0,1.992,8.87,1.4,3,Night,Medium,1399.1,7.93
M108387,13.3,371.1,60.8,9.057,6.17,1.3,4,Rotational,Medium,926.3,13.99
M108388,8.8,475.7,69.4,0.989,9.88,0.0,2,Rotational,High,1341.6,4.63
M108389,12.3,495.6,46.2,3.337,9.26,0.4,1,Night,Low,1204.6,10.01
M108390,5.6,450.0,,2.261,10.94,2.1,0,Day,Medium,1307.8,2.94
M108391,4.0,522.1,86.4,7.322,10.79,4.7,3,Day,Medium,1621.6,12.6
M108392,6.1,567.0,98.6,3.699,7.91,0.2,5,Rotational,Medium,1725.6,17.85
M108393,2.4,378.9,66.7,11.914,13.01,2.0,6,Rotational,High,1239.8,18.85
M108394,8.9,546.4,71.7,3.38,10.08,0.0,1,Night,Medium,1441.1,6.13
M108395,5.5,397.9,74.7,2.27,7.57,0.9,2,Day,Medium,1256.2,4.42
M108396,4.3,506.7,89.8,1.412,7.78,1.0,1,Day,Medium,1558.3,7.57
M108397,9.0,480.2,57.2,5.774,6.23,4.0,0,Day,High,1191.6,7.02
M108398,2.4,252.0,97.2,2.187,10.65,1.0,3,Day,Low,1482.6,12.94
M108399,10.1,337.9,64.5,2.691,8.71,2.0,2,Day,Low,1202.1,6.2
M108400,5.1,316.2,55.1,6.135,8.24,3.0,2,Rotational,High,990.2,10.19
M108401,11.6,268.5,64.5,5.622,8.53,1.4,6,Day,Medium,,5.86
M108402,5.4,494.7,59.1,2.448,9.05,1.4,1,Day,Low,1304.2,3.76
M108403,9.5,595.8,72.6,2.646,10.36,2.2,0,Day,Medium,1550.2,4.87
M108404,7.7,398.1,49.8,1.38,7.03,1.7,0,Rotational,High,931.4,4.33
M108405,10.0,492.6,69.6,1.188,7.9,0.3,3,Day,High,1353.5,2.59
M108406,7.4,546.2,75.3,4.864,10.2,0.3,2,Day,High,1417.6,7.4
M108407,0.3,437.7,84.3,5.14,8.61,1.3,1,Rotational,Medium,1378.7,10.38
M108408,11.0,417.8,75.5,3.969,10.37,4.0,0,Rotational,High,1451.8,4.16
M108409,6.6,399.1,83.6,3.646,8.75,0.4,4,Night,High,1461.2,9.78
M108410,10.2,465.7,61.3,2.332,11.86,1.3,1,Night,Low,1285.9,7.5
M108411,9.8,494.3,72.3,6.918,9.81,0.5,2,Night,High,1419.6,10.83
M108412,3.9,459.3,43.5,1.361,11.34,1.5,1,Day,Medium,1158.7,5.43
M108413,3.3,456.3,66.7,2.627,10.28,0.0,0,Day,Medium,1282.2,3.09
M108414,9.6,415.6,72.3,3.598,10.37,1.9,2,Day,High,1219.8,5.27
M108415,5.8,284.6,73.2,3.319,8.37,3.9,2,Day,,1214.2,6.25
M108416,10.7,496.3,50.7,3.317,11.25,4.0,1,Night,High,1322.9,7.3
M108417,6.3,310.8,63.7,2.561,9.82,0.0,0,Day,Medium,1122.7,3.18
M108418,11.1,472.6,65.2,4.351,8.07,3.6,1,Day,Medium,1275.4,6.07
M108419,8.7,484.2,63.3,1.808,6.34,0.0,0,Night,High,1289.8,3.87
M108420,8.2,323.1,76.0,3.089,9.71,3.6,2,Day,Medium,1377.4,5.42
M108421,5.5,368.3,65.6,4.12,11.76,0.7,3,Rotational,High,1304.5,6.3
M108422,7.9,600.3,69.1,2.812,8.14,0.4,2,Rotational,High,1404.9,3.88
M108423,11.8,413.2,62.6,3.328,8.09,4.0,1,Day,Medium,1207.6,5.7
M108424,6.8,316.3,79.7,3.698,9.03,1.5,4,Day,High,1286.1,8.34
M108425,9.1,488.1,80.5,1.377,11.15,0.0,0,Day,High,1500.5,3.3
M108426,7.2,354.3,64.6,1.442,6.74,0.5,0,Day,Medium,1167.7,2.05
M108427,7.5,256.8,,3.55,8.52,1.6,0,Night,Medium,1461.8,15.56
M108428,13.9,464.2,59.6,2.449,7.99,2.7,0,Night,Medium,1238.6,5.35
M108429,11.8,342.1,79.1,2.524,10.34,2.7,1,Day,Medium,1340.3,4.28
M108430,7.3,447.3,57.5,4.413,9.29,1.7,3,Day,Medium,1296.8,5.37
M108431,7.9,350.9,76.5,2.025,8.98,2.6,0,Day,High,1257.0,2.63
M108432,4.2,480.1,75.6,0.993,9.23,0.0,0,Night,Medium,1312.7,4.15
M108433,6.3,435.6,56.9,7.603,10.68,0.0,4,Day,High,1189.5,11.42
M108434,8.2,199.9,66.6,6.079,11.18,0.4,4,Night,Medium,1147.9,9.8
M108435,10.4,452.5,88.5,6.041,11.04,4.9,3,Day,Medium,1556.0,14.78
M108436,10.0,395.4,59.0,1.896,10.36,0.0,0,Night,High,1141.9,5.02
M108437,2.6,540.4,72.4,3.194,11.58,0.9,1,Day,Low,1577.9,6.49
M108438,10.9,453.6,,,8.1,3.3,1,Rotational,Medium,1207.6,5.26
M108439,6.6,484.3,67.5,3.222,10.08,0.2,1,Day,High,1352.7,3.54
M108440,3.1,359.6,49.0,2.79,13.02,3.4,1,Night,High,1133.9,5.23
M108441,12.3,352.8,77.1,1.937,6.74,2.5,1,Night,,1396.6,8.14
M108442,12.9,417.8,68.1,4.27,8.7,2.4,0,Rotational,High,1329.2,7.13
M108443,8.1,389.3,80.1,2.917,7.95,3.4,1,Night,Medium,1381.1,8.2
M108444,9.8,533.7,70.5,7.857,9.93,0.7,2,Day,Low,1566.0,11.06
M108445,10.1,407.0,68.7,3.466,11.66,1.7,3,Day,Low,1386.3,5.65
M108446,12.6,315.9,72.1,0.929,10.31,5.8,2,Day,Medium,1316.9,3.03
M108447,9.9,349.7,57.1,1.342,9.17,1.9,0,Rotational,,1085.5,2.92
M108448,1.7,502.0,85.1,9.467,10.32,5.7,1,Rotational,Medium,1640.4,14.3
M108449,15.0,405.8,87.6,10.187,9.07,5.4,3,Day,Low,1929.1,18.78
M108450,11.3,401.2,64.0,3.743,9.79,1.0,1,,Medium,,4.79
M108451,5.0,510.1,82.2,3.336,10.43,0.5,0,Day,High,1640.2,7.78
M108452,2.9,342.2,70.7,6.741,12.13,0.3,4,Day,High,1315.8,10.87
M108453,9.0,230.0,65.4,1.28,10.17,1.1,0,Night,Medium,1126.3,4.57
M108454,5.9,347.5,72.6,6.454,9.83,4.0,2,Rotational,High,1394.5,7.64
M108455,8.3,440.6,74.9,6.235,12.55,4.1,5,Night,Low,1419.5,14.95
M108456,10.0,398.8,66.7,3.33,6.57,0.4,3,Day,High,1193.9,4.59
M108457,4.7,287.4,78.1,4.082,9.36,2.0,1,Day,Medium,1187.4,6.84
M108458,2.5,506.4,54.0,2.759,8.39,1.4,0,Rotational,Low,1254.3,7.42
M108459,8.5,433.9,70.9,1.43,9.14,4.2,2,Rotational,Low,1377.3,4.62
M108460,4.9,453.1,76.8,4.438,10.41,0.0,4,Day,Low,1457.1,10.49
M108461,7.6,455.7,74.8,3.756,10.97,4.3,1,Day,,1386.0,5.35
M108462,1.6,309.6,43.3,3.795,8.72,2.4,0,Day,Medium,957.8,8.21
M108463,6.0,445.7,66.6,4.226,10.5,2.3,4,Rotational,High,1285.2,5.47
M108464,9.9,497.1,54.6,2.454,8.15,1.4,2,Night,Medium,1113.7,7.54
M108465,9.4,516.9,82.1,7.005,7.58,2.0,2,Day,Medium,1535.5,12.97
M108466,3.8,481.3,63.7,3.334,9.61,3.1,2,Night,Low,1320.8,8.26
M108467,2.3,463.6,80.9,4.353,9.17,1.0,2,Night,Medium,1433.3,11.87
M108468,7.1,272.3,54.6,2.898,11.74,,2,Day,High,1121.7,4.75
M108469,9.2,418.7,72.3,5.613,12.69,2.3,0,Rotational,,1342.1,6.3
M108470,8.6,338.7,68.1,3.497,8.59,2.1,1,Rotational,Medium,1257.4,4.56
M108471,5.0,529.0,98.4,3.182,6.78,0.3,2,Night,Medium,1666.7,16.96
M108472,8.2,516.1,81.0,6.072,7.45,,2,Day,Medium,1370.8,12.4
M108473,13.0,339.2,80.3,1.403,8.25,0.9,2,Day,Medium,1387.8,3.53
M108474,7.8,416.1,90.3,2.886,9.81,2.3,2,Day,Medium,1666.0,10.02
M108475,0.5,441.1,71.1,2.444,9.11,5.0,1,Rotational,Low,,3.52
M108476,7.8,496.6,66.9,4.003,7.61,3.9,1,Rotational,Low,1384.8,7.77
M108477,15.2,277.6,65.7,3.888,12.18,0.0,0,Day,High,1206.1,5.02
M108478,1.9,232.2,71.6,3.301,10.49,0.0,0,Day,Medium,1075.3,3.96
M108479,7.1,423.2,50.3,6.647,12.14,3.5,0,Night,Low,1763.2,12.25
M108480,6.1,204.8,68.0,3.28,6.8,0.0,2,Night,Medium,1025.1,5.7
M108481,7.4,433.5,70.5,3.903,11.41,0.0,2,Day,Medium,1367.3,6.89
M108482,7.8,470.3,66.3,3.037,9.28,0.6,3,Day,Low,1289.7,7.33
M108483,11.6,525.1,51.2,5.776,8.91,3.1,3,Day,High,1227.2,10.32
M108484,7.3,367.1,66.4,4.509,9.54,3.5,1,Day,Low,1195.7,7.09
M108485,12.1,433.7,51.1,3.352,8.45,3.6,2,Day,Medium,1063.4,5.49
M108486,6.5,475.4,87.5,1.027,9.29,0.6,0,Day,Low,1522.5,6.66
M108487,5.6,320.1,65.2,2.977,10.92,4.3,1,Night,High,1206.8,3.09
M108488,4.3,497.8,45.3,4.55,6.56,2.6,1,Rotational,Low,1034.4,10.81
M108489,0.0,443.3,65.7,2.887,11.75,2.9,1,Day,Medium,1430.0,5.06
M108490,8.1,368.5,77.8,3.864,10.09,3.1,0,Rotational,Medium,1390.6,7.27
M108491,15.2,432.0,69.9,2.967,9.33,3.1,3,Day,Medium,1365.2,7.34
M108492,8.8,408.2,57.9,3.729,10.9,0.0,3,Night,High,1276.0,7.78
M108493,9.7,486.3,60.5,6.689,10.05,3.5,2,Day,High,1268.2,9.65
M108494,5.3,389.4,64.8,4.92,8.78,1.0,2,Day,Low,1323.8,5.84
M108495,6.0,439.3,63.2,,8.34,1.5,0,Day,,1281.3,0.82
M108496,10.9,367.2,54.1,1.449,11.75,0.0,0,Day,Low,1196.8,6.09
M108497,15.0,340.3,67.3,4.142,7.28,4.9,2,Day,Low,1090.6,6.91
M108498,13.0,434.6,53.3,5.953,9.2,3.3,0,Day,High,1098.9,7.39
M108499,10.2,343.8,78.4,1.447,7.38,3.1,4,Day,Medium,1310.1,3.37
M108500,7.1,488.0,79.8,2.989,10.23,0.0,1,Day,High,1430.5,6.26
M108501,7.8,470.3,57.0,10.877,9.35,0.0,6,Rotational,High,1198.4,16.5
M108502,4.0,355.0,60.1,2.903,7.63,2.3,1,Rotational,Medium,1121.2,2.76
M108503,1.2,438.2,63.3,11.739,8.2,3.8,3,Day,Medium,1212.0,16.79
M108504,2.5,354.6,67.7,2.199,9.57,,1,Night,Low,1281.6,5.99
M108505,7.2,283.6,,2.403,9.93,3.3,3,Day,Low,1269.1,4.89
M108506,5.8,369.2,73.1,2.336,6.59,2.5,0,Day,Medium,1165.6,4.05
M108507,1.1,415.7,72.8,1.751,8.44,1.8,0,Day,Medium,1288.2,2.4
M108508,6.9,464.3,85.1,1.425,9.74,0.1,2,Night,Medium,1495.1,7.42
M108509,5.7,432.7,68.7,2.972,11.31,1.9,0,Day,Low,1345.9,4.68
M108510,2.3,497.2,53.7,3.57,10.76,3.1,1,Day,Medium,1274.2,6.54
M108511,5.5,336.6,50.3,2.32,8.82,0.5,1,Rotational,Low,874.1,6.22
M108512,5.7,388.0,86.0,2.617,11.0,1.5,2,Rotational,High,1482.4,7.5
M108513,4.5,559.8,73.6,6.842,9.03,0.0,3,Day,Low,1318.9,13.31
M108514,10.7,255.9,70.3,5.397,5.5,4.1,3,Day,Low,1103.0,8.3
M108515,0.0,381.6,72.9,2.917,11.66,2.4,1,Day,Low,,4.76
M108516,0.0,328.9,69.8,4.116,10.19,1.4,3,Night,Medium,1258.3,7.81
M108517,7.0,403.4,72.8,1.465,9.78,2.0,0,Day,Low,1320.0,4.14
M108518,7.4,383.1,63.9,3.799,9.51,0.9,3,Rotational,Medium,1277.3,6.32
M108519,8.6,471.2,79.6,3.218,9.95,0.1,2,Night,Medium,1425.6,8.08
M108520,4.8,441.7,62.2,2.754,9.51,0.7,0,Rotational,Low,1240.9,5.9
M108521,3.3,309.0,58.1,3.375,9.07,0.7,1,Night,Medium,1121.4,6.84
M108522,7.0,370.0,49.4,3.113,8.52,4.4,2,Rotational,High,1165.0,5.28
M108523,5.2,420.0,65.4,1.721,9.62,1.3,1,Night,High,1227.5,3.48
M108524,13.2,482.8,81.9,7.69,8.18,6.6,2,Day,Low,1524.8,14.6
M108525,5.7,626.8,63.0,5.341,7.79,0.3,1,Night,,1315.0,10.56
M108526,6.8,479.7,52.8,2.735,9.9,1.1,2,Day,High,1161.4,4.84
M108527,16.9,333.9,71.1,1.377,10.97,3.7,2,Day,Medium,1383.4,2.33
M108528,6.2,412.0,60.8,0.972,8.31,2.5,1,Rotational,Medium,1197.8,3.23
M108529,9.2,435.4,85.0,9.046,8.57,0.6,2,Rotational,High,1457.6,16.05
M108530,9.6,375.9,79.8,3.044,6.96,0.0,1,Day,Low,1287.1,7.34
M108531,9.9,460.0,54.0,4.862,7.53,1.7,5,Day,Low,1108.5,10.48
M108532,8.2,226.9,66.1,2.066,7.58,1.4,1,Rotational,Medium,1025.0,3.16
M108533,7.8,467.0,59.7,2.847,10.96,0.8,1,Day,Medium,1362.8,3.49
M108534,7.4,379.5,55.2,2.921,6.9,1.8,2,Rotational,Medium,1006.0,4.04
M108535,4.7,410.7,67.4,3.746,10.19,1.8,0,Rotational,Medium,1229.2,6.16
M108536,8.3,544.6,77.0,3.473,9.1,0.0,2,Rotational,Medium,1435.5,9.76
M108537,15.1,312.8,67.1,2.094,10.41,0.4,0,Rotational,Medium,1191.9,5.19
M108538,11.8,443.2,62.3,2.083,11.25,2.5,0,Night,Medium,1183.7,4.33
M108539,8.2,487.5,43.7,3.187,9.46,,1,Rotational,High,1048.3,9.31
M108540,10.4,434.5,60.7,1.381,11.2,0.8,0,Day,Medium,1296.7,2.7
M108541,3.5,282.8,74.1,2.2,11.82,3.3,2,Day,Low,1312.3,4.06
M108542,6.0,534.8,53.2,3.074,11.52,6.0,0,Night,High,1378.1,6.4
M108543,10.8,402.0,82.1,4.05,8.49,,3,Day,Medium,1410.1,7.61
M108544,12.9,375.2,61.6,7.041,6.55,4.3,2,Night,Low,1155.0,11.52
M108545,3.9,393.6,70.1,2.616,9.31,0.8,1,Night,Low,1363.1,6.5
M108546,5.1,387.5,63.6,3.381,9.77,0.8,1,Night,High,1206.1,4.55
M108547,15.7,318.8,,1.305,6.57,4.1,0,Day,High,1064.6,3.01
M108548,7.4,434.0,72.8,3.925,9.59,0.6,1,Rotational,Medium,1390.8,8.11
M108549,14.3,369.2,61.4,,5.64,0.0,3,Night,,1075.5,4.93
M108550,7.8,477.0,58.8,2.846,11.82,0.0,2,Day,Medium,1361.3,5.84
M108551,8.0,464.0,41.9,4.212,10.22,2.7,0,Night,Medium,1005.6,10.95
M108552,5.8,558.2,82.3,4.301,8.27,1.8,2,Day,Low,1526.5,9.37
M108553,10.8,402.0,68.1,1.605,9.69,0.0,3,Rotational,High,1277.9,3.67
M108554,12.4,351.7,80.2,4.958,9.88,1.8,0,Day,Medium,1421.7,8.18
M108555,2.9,295.1,74.8,3.256,10.22,0.1,2,Day,High,1272.2,4.35
M108556,5.6,606.4,80.2,6.256,9.6,2.8,2,Rotational,High,1613.3,11.09
M108557,10.7,476.3,61.8,6.895,10.92,3.2,3,Day,High,1375.5,9.65
M108558,6.5,361.1,52.9,7.412,7.6,2.0,3,Rotational,Medium,1041.8,9.77
M108559,5.0,563.9,76.4,1.629,9.31,0.0,1,Day,Low,1401.8,5.98
M108560,11.0,535.3,69.4,4.06,12.18,3.0,3,Night,Low,1486.2,9.23
M108561,11.4,305.1,62.9,1.509,8.97,1.9,1,Day,Medium,1061.5,3.45
M108562,5.2,356.0,76.2,6.364,9.86,0.0,1,Night,Low,,9.14
M108563,7.8,408.8,71.4,6.834,8.01,1.6,5,Rotational,Low,1292.7,14.86
M108564,2.2,329.0,75.0,5.414,12.74,2.7,2,Day,Low,1442.2,8.49
M108565,3.4,411.8,56.8,2.685,9.93,3.3,1,,High,1188.6,4.03
M108566,7.5,480.5,78.8,4.358,7.61,0.4,2,Rotational,High,1398.3,5.89
M108567,7.1,303.3,67.9,2.519,11.14,0.0,1,Night,Low,1193.8,6.21
M108568,3.1,444.9,79.9,3.343,7.89,0.3,1,Day,Low,1408.3,6.78
M108569,4.1,519.3,78.7,3.171,10.53,0.0,0,Night,Medium,1585.8,8.56
M108570,2.7,454.0,75.5,1.222,11.04,4.0,2,Night,Low,1373.3,5.76
M108571,8.8,413.6,66.8,2.215,12.54,0.4,0,Rotational,,1386.2,3.17
M108572,0.0,363.2,75.8,10.334,9.84,1.8,3,Day,High,1305.6,12.37
M108573,3.0,490.6,80.2,3.179,9.57,2.6,2,Rotational,Medium,1470.0,6.34
M108574,0.0,320.0,74.7,3.597,6.46,1.0,1,Day,Medium,1149.5,5.69
M108575,8.7,440.6,70.2,3.306,8.81,0.6,2,Day,High,1256.9,3.65
M108576,0.0,422.2,75.8,2.704,8.43,0.5,1,Day,Medium,1361.0,4.95
M108577,7.1,515.7,62.2,3.381,9.23,,0,Day,Medium,1325.5,4.42
M108578,13.6,370.5,84.7,2.709,8.72,3.3,2,Day,Low,1388.8,8.99
M108579,13.7,377.7,49.5,1.06,10.68,4.5,2,Rotational,Medium,1126.3,6.01
M108580,0.0,314.4,68.4,4.919,8.66,2.2,2,Rotational,Medium,1104.1,6.73
M108581,8.2,457.2,63.5,7.437,10.21,0.0,1,Rotational,High,1315.5,10.93
M108582,3.0,384.0,61.0,1.855,9.33,2.6,3,Day,Medium,1221.4,4.37
M108583,2.2,346.7,71.4,2.701,8.57,3.3,1,Day,Medium,1196.9,3.8
M108584,6.5,354.8,55.6,7.029,8.43,0.0,1,Day,Medium,1094.4,9.95
M108585,11.9,465.7,91.7,2.258,9.85,1.6,2,Night,Medium,1631.2,10.97
M108586,9.4,326.2,53.1,4.03,11.56,0.0,2,Day,Low,1065.3,7.45
M108587,4.1,333.8,57.5,12.0,8.4,4.9,6,Night,Medium,1121.1,19.05
M108588,9.8,496.2,56.5,4.555,9.57,1.7,1,Day,Medium,1243.3,6.25
M108589,0.0,405.9,70.2,3.436,10.23,2.5,1,Night,Low,1354.7,6.63
M108590,4.0,501.2,79.2,5.16,9.47,0.0,2,Day,Medium,1480.4,9.84
M108591,3.7,389.5,73.8,4.896,6.86,2.9,0,Rotational,High,1190.0,6.75
M108592,7.3,419.9,84.2,2.384,10.22,1.5,3,Day,High,1451.6,3.79
M108593,6.2,433.3,58.9,1.393,7.24,1.5,2,Day,Medium,1156.2,3.5
M108594,6.4,537.9,75.2,4.468,7.26,0.8,6,Day,Medium,1325.7,10.07
M108595,6.3,531.0,64.7,4.816,7.54,1.8,6,Day,Medium,1445.8,7.89
M108596,7.1,518.0,70.5,2.861,9.26,3.4,1,Night,Medium,1385.3,6.58
M108597,9.2,366.6,80.2,7.558,8.05,2.3,2,Day,Low,1334.6,13.56
M108598,7.6,336.1,49.4,6.837,7.35,3.5,2,Day,Low,961.7,11.5
M108599,5.9,484.7,89.9,4.89,10.07,1.4,5,Night,Medium,1533.3,13.84
M108600,8.6,537.0,,,9.46,2.4,0,Night,Medium,1399.0,4.89
M108601,10.3,518.8,50.3,1.167,10.64,6.4,1,Night,Medium,1244.3,4.54
M108602,4.8,421.1,60.4,3.043,8.41,0.7,1,Day,Medium,1053.8,4.73
M108603,6.8,481.9,69.1,1.326,9.4,0.0,1,Day,Medium,1344.4,2.33
M108604,11.6,483.4,60.4,1.022,10.7,2.2,1,Day,Low,1319.3,4.9
M108605,2.6,432.7,45.5,4.589,7.53,0.7,1,Day,High,981.7,8.98
M108606,14.2,436.4,69.1,5.966,8.51,0.9,2,Day,Low,1206.7,11.0
M108607,1.6,428.3,,1.252,10.99,0.0,2,Day,Medium,1322.4,2.87
M108608,5.6,353.0,75.2,2.92,9.53,0.0,1,Rotational,Medium,1297.7,6.7
M108609,3.2,361.7,56.2,3.291,9.27,2.8,3,Day,Medium,1011.5,2.56
M108610,15.8,360.4,92.9,2.869,9.44,2.7,0,Rotational,Low,1514.2,11.59
M108611,5.0,284.1,73.6,1.667,11.33,1.6,0,Night,Low,1206.0,3.97
M108612,5.0,432.1,70.2,6.459,9.46,0.2,1,Day,High,1421.3,8.0
M108613,5.5,416.6,74.9,1.69,9.57,2.2,1,Rotational,Medium,1333.1,3.86
M108614,7.4,484.8,48.0,1.253,9.47,2.5,0,Night,Low,1033.2,6.86
M108615,5.7,527.2,62.5,1.67,7.08,2.4,0,Night,Medium,1351.5,3.29
M108616,6.5,532.6,87.6,4.224,10.25,1.1,0,Day,Medium,1610.4,10.09
M108617,0.0,540.6,64.5,2.905,8.27,0.0,1,Day,High,1299.5,3.46
M108618,7.2,355.6,67.3,2.259,7.61,2.1,1,Rotational,Low,1191.5,4.59
M108619,7.1,298.3,62.9,4.322,6.88,1.9,3,Night,Medium,1099.3,7.98
M108620,11.2,499.1,84.1,3.921,7.19,0.0,2,Night,Medium,1584.0,10.24
M108621,12.2,537.5,65.3,1.047,6.1,2.5,3,Rotational,High,1253.0,4.11
M108622,6.2,552.3,54.2,4.301,7.96,2.4,3,Night,High,1184.5,6.58
M108623,10.3,461.2,96.4,5.993,8.85,2.1,3,Night,Medium,1768.3,20.02
M108624,2.6,250.3,52.9,3.122,11.09,0.5,1,Rotational,Medium,957.4,7.17
M108625,10.1,451.1,66.9,2.952,9.59,0.0,1,Day,Medium,1305.1,4.38
M108626,4.7,467.2,58.7,8.559,9.88,0.4,1,Day,Medium,1216.8,13.4
M108627,2.3,526.4,60.3,2.328,11.42,2.3,2,Day,Medium,1307.2,3.72
M108628,6.3,541.5,56.3,3.056,5.5,2.2,4,Day,High,1160.9,5.82
M108629,12.6,497.3,62.1,3.918,10.09,0.2,2,Rotational,High,1268.0,4.21
M108630,7.7,370.1,78.8,3.402,9.97,4.1,1,Night,High,1392.8,5.52
M108631,13.0,332.5,,2.898,10.74,0.0,2,Night,Low,1037.1,10.87
M108632,4.0,465.4,81.9,3.472,6.81,2.1,1,Day,Medium,1387.5,8.67
M108633,11.2,352.6,80.0,7.275,8.64,2.3,3,Day,Medium,1358.3,11.48
M108634,4.4,545.4,73.6,4.972,8.1,2.9,3,Night,High,1315.6,6.89
M108635,7.9,275.1,69.4,3.198,7.57,1.5,1,Day,Low,1129.6,5.68
M108636,7.9,468.2,71.0,2.156,12.97,1.3,0,Day,Low,1433.5,3.9
M108637,9.6,447.2,83.7,2.304,8.65,2.8,2,Day,Low,1449.6,7.21
M108638,8.0,402.4,48.8,5.339,10.89,0.7,1,Rotational,High,1150.2,8.35
M108639,4.0,341.4,76.0,1.497,10.56,0.9,1,Night,Medium,1344.6,5.41
M108640,10.5,244.7,59.8,11.041,7.34,2.8,3,Night,Medium,1068.6,14.64
M108641,13.9,374.8,77.1,3.268,8.71,7.1,6,Day,Medium,1309.4,6.24
M108642,4.7,376.3,61.3,1.667,9.59,2.1,2,Day,Low,1186.8,4.5
M108643,0.0,514.5,75.8,3.636,10.09,0.4,1,Day,High,1492.0,5.7
M108644,9.0,353.5,51.0,2.225,10.0,0.0,1,Rotational,Medium,980.7,4.86
M108645,5.7,458.5,49.4,2.693,12.13,1.1,1,Day,Medium,1290.6,5.72
M108646,6.5,310.2,66.8,1.56,10.87,0.0,0,Day,High,1250.4,1.6
M108647,9.2,460.8,83.8,2.947,10.49,0.4,0,Night,Low,1482.9,10.16
M108648,5.2,229.8,73.9,1.149,10.95,2.6,1,Night,Medium,1201.5,4.02
M108649,5.9,598.1,73.8,2.46,11.53,1.4,0,Rotational,Medium,1620.0,5.66
M108650,6.6,408.0,77.5,2.195,8.57,1.0,1,Rotational,Medium,1317.1,5.35
M108651,12.9,182.5,63.6,2.583,7.13,0.6,1,Rotational,Medium,1036.3,5.06
M108652,7.1,359.0,74.7,2.266,8.59,4.2,1,Rotational,High,1351.2,3.96
M108653,2.1,345.6,61.6,3.377,7.44,2.7,2,Day,High,1081.8,4.53
M108654,2.2,364.3,64.5,5.176,8.03,0.6,1,Night,Low,1119.1,8.4
M108655,7.6,389.0,65.9,3.976,9.65,0.3,2,Day,Low,1314.1,5.84
M108656,2.5,363.7,62.0,6.357,8.67,2.8,1,Day,Low,1203.5,8.39
M108657,0.8,350.6,67.3,2.588,10.47,1.5,0,Rotational,High,1253.4,2.75
M108658,9.5,321.5,65.2,3.905,9.96,2.3,0,Night,Low,1202.8,7.52
M108659,9.7,489.9,60.2,3.983,10.05,0.3,4,Day,High,1275.3,4.17
M108660,5.5,522.1,66.5,5.905,7.6,1.0,1,Rotational,Low,,8.88
M108661,8.2,398.4,69.7,2.304,8.18,2.7,2,Day,Low,1316.6,4.5
M108662,7.8,418.5,55.9,4.925,6.64,1.8,0,Day,Medium,1163.7,7.0
M108663,9.4,324.3,72.6,2.163,10.35,0.9,2,Night,Medium,1332.3,4.6
M108664,9.4,426.0,62.6,2.497,12.38,3.1,0,Day,Medium,1308.6,3.85
M108665,0.0,439.5,70.2,2.775,9.77,0.2,0,Day,Low,1272.3,4.03
M108666,6.0,401.4,60.7,4.164,9.9,0.0,1,Day,Low,1350.8,6.28
M108667,9.1,453.7,79.6,1.928,8.7,4.3,2,Rotational,Medium,1352.7,4.9
M108668,5.4,446.2,78.5,2.067,9.18,1.5,0,Day,Medium,1430.9,4.71
M108669,7.1,330.4,56.5,2.405,11.41,2.0,1,Night,Low,1149.0,7.18
M108670,10.0,521.4,73.8,,9.64,2.0,3,Day,High,1558.5,7.55
M108671,7.3,402.4,83.9,2.079,10.46,1.9,1,Day,Low,1545.8,7.65
M108672,13.0,562.4,57.6,3.789,11.45,4.0,2,Night,Medium,1235.6,7.68
M108673,11.5,455.7,58.4,2.776,11.15,1.7,5,Day,Medium,1169.1,5.68
M108674,6.5,587.5,76.1,4.613,9.55,1.4,3,Day,Medium,1610.9,8.59
M108675,6.2,519.9,53.6,3.426,9.66,3.7,2,Night,Medium,1294.7,9.78
M108676,0.0,439.3,59.4,7.973,8.92,1.4,5,Day,Medium,1168.5,10.3
M108677,5.7,358.5,56.8,3.527,10.25,1.4,2,Day,Low,1164.5,8.32
M108678,1.6,360.4,76.2,1.805,8.88,0.5,0,Rotational,Medium,1291.3,4.73
M108679,7.9,465.3,60.4,2.985,10.03,0.4,2,Day,Medium,1257.8,4.62
M108680,7.6,432.2,64.9,3.355,11.06,3.0,6,Day,Medium,1344.0,6.3
M108681,9.8,369.9,59.8,2.108,6.97,2.5,0,Night,Medium,1135.9,3.34
M108682,12.6,490.8,80.6,7.089,6.71,5.1,3,Rotational,Medium,1399.2,13.01
M108683,6.9,423.3,58.5,2.843,9.43,2.7,2,Day,Medium,1175.6,3.61
M108684,16.1,491.3,52.5,2.405,10.5,0.0,1,Rotational,High,1199.6,5.89
M108685,7.9,337.1,52.1,,9.93,1.3,2,Night,Low,1040.1,9.02
M108686,1.8,505.0,,2.11,7.68,2.4,0,Day,High,1332.3,3.19
M108687,4.8,462.6,76.4,5.383,10.85,1.1,3,Rotational,Medium,1512.2,8.95
M108688,5.5,521.8,81.7,4.868,12.36,1.1,3,Night,Medium,1759.4,11.6
M108689,9.4,503.1,54.1,3.544,8.2,2.5,1,Night,Low,1192.3,8.48
M108690,3.2,412.8,65.5,4.463,8.41,1.7,0,Day,Low,1231.5,6.15
M108691,5.8,405.9,94.7,2.586,9.54,4.6,0,Rotational,Low,1726.0,12.22
M108692,6.4,571.6,64.7,1.566,9.31,0.0,1,Rotational,Medium,1300.8,3.47
M108693,5.2,395.3,61.8,2.821,11.3,0.8,2,Day,Low,1217.9,5.9
M108694,10.2,483.6,88.8,7.077,9.93,1.4,1,Day,Medium,1838.2,13.13
M108695,9.6,387.6,73.8,1.199,9.06,2.2,1,Night,High,1303.2,3.3
M108696,11.7,261.7,73.6,1.956,8.62,2.2,0,Rotational,High,1145.6,1.74
M108697,5.7,315.7,61.2,1.795,7.21,0.0,2,Day,High,1199.5,1.16
M108698,11.8,454.5,61.6,1.96,11.55,3.8,1,Day,Medium,1371.0,3.09
M108699,1.5,479.6,,6.467,10.44,2.9,2,Day,Low,,9.35
M108700,1.4,454.8,60.0,4.289,9.36,0.1,3,Night,Medium,1303.8,8.44
M108701,2.1,517.4,54.4,5.379,9.66,2.7,1,Rotational,Medium,1272.0,8.31
M108702,7.0,453.3,87.9,4.284,9.34,1.3,0,Rotational,High,1573.2,9.79
M108703,11.8,354.1,63.5,5.706,6.85,0.7,4,Night,Medium,1172.7,9.47
M108704,4.6,470.5,64.1,3.365,7.37,1.9,2,Night,Medium,1137.2,6.15
M108705,5.1,434.4,64.5,7.084,9.19,1.5,1,Night,High,1264.7,11.34
M108706,6.1,371.1,67.1,1.794,9.17,2.3,0,Rotational,Medium,1233.3,3.74
M108707,9.3,460.2,72.8,3.21,9.48,3.9,0,Night,High,1321.0,4.51
M108708,5.1,426.7,62.9,1.989,12.05,1.3,1,Day,High,1276.4,2.13
M108709,4.9,368.6,80.5,6.177,9.07,1.6,4,Day,High,1349.6,8.28
M108710,1.6,404.9,74.6,4.096,8.36,1.2,2,Night,Medium,1313.3,9.02
M108711,4.7,540.2,65.9,6.01,9.58,5.3,0,Rotational,Medium,1480.1,7.72
M108712,11.7,537.4,60.7,1.646,7.4,1.3,3,Night,Medium,1333.8,5.07
M108713,7.4,436.0,79.9,2.457,9.73,1.0,1,Night,High,1418.9,6.13
M108714,4.0,424.9,66.2,1.361,8.41,0.0,2,Day,Medium,1324.1,2.24
M108715,11.9,298.2,54.3,3.977,9.84,2.6,3,Rotational,Low,1038.4,8.04
M108716,4.7,566.1,79.2,2.68,9.23,2.9,1,Day,High,1404.9,4.73
M108717,12.7,508.1,60.0,4.844,9.29,1.6,0,Day,Low,1275.9,7.58
M108718,12.6,483.9,77.6,3.373,10.44,6.0,2,Day,Medium,1544.3,6.29
M108719,7.2,226.6,40.3,1.144,10.6,0.8,1,Day,Medium,980.6,7.11
M108720,1.0,423.5,63.9,1.447,12.55,2.5,0,Day,Medium,1343.7,2.38
M108721,16.2,409.2,80.8,3.46,10.54,4.4,0,Day,Medium,1428.1,6.95
M108722,8.5,478.0,,4.191,9.13,2.7,3,Rotational,Low,1336.5,9.49
M108723,5.7,381.7,74.6,1.096,8.55,2.8,1,Day,Medium,1274.4,3.2
M108724,10.8,400.3,58.1,3.184,10.02,3.2,1,Day,Medium,1183.3,3.86
M108725,9.8,472.7,71.8,1.996,11.69,4.7,0,Day,Medium,1377.6,4.24
M108726,12.2,354.2,68.0,1.906,10.78,2.1,2,Night,Medium,1193.1,6.97
M108727,4.4,371.2,70.7,2.393,8.43,0.0,0,Rotational,Low,1239.4,4.72
M108728,8.3,436.4,90.4,3.532,10.18,4.6,4,Night,Low,1537.2,12.45
M108729,2.3,533.8,82.4,2.332,9.83,3.8,2,Night,Medium,1479.7,8.65
M108730,9.7,488.7,76.7,1.23,11.07,0.6,1,Day,Medium,1487.2,5.2
M108731,6.9,511.4,76.9,3.518,9.95,1.9,1,Rotational,Medium,1493.7,6.54
M108732,8.1,425.4,58.0,2.786,9.9,0.4,2,Rotational,Low,1251.2,5.69
M108733,6.4,547.1,62.8,2.077,7.73,1.1,2,Day,Medium,1171.2,2.89
M108734,6.0,272.0,51.1,2.846,10.69,1.9,3,Day,High,1041.9,4.05
M108735,3.5,591.9,54.0,,7.41,1.1,2,Rotational,Low,1316.1,9.07
M108736,10.2,602.9,58.2,3.394,9.63,1.4,1,Day,High,1402.9,5.16
M108737,13.0,458.8,67.7,2.933,8.67,3.8,2,Day,Low,1339.0,5.57
M108738,4.8,490.7,54.5,,8.59,2.3,1,Day,Medium,1189.0,7.24
M108739,9.2,416.8,67.6,3.24,10.37,0.5,1,Day,High,1267.4,4.25
M108740,8.7,402.2,66.3,5.002,9.5,2.4,0,Day,High,1267.0,4.58
M108741,7.0,368.1,55.5,7.333,5.91,0.2,5,Night,Medium,1064.4,11.19
M108742,0.9,415.8,84.8,3.295,9.2,2.2,0,Day,High,1483.9,5.13
M108743,1.8,467.3,,2.433,8.92,1.2,2,Night,High,1265.0,6.99
M108744,3.9,455.7,80.3,1.619,11.39,2.3,0,Rotational,Low,1463.5,6.17
M108745,0.0,588.9,43.2,4.587,7.64,0.8,4,Rotational,Low,1151.7,11.28
M108746,12.6,428.5,66.4,2.114,12.38,2.7,1,Night,Medium,1362.1,4.87
M108747,8.5,293.4,74.6,25.0,10.79,0.0,0,Day,Medium,1476.1,39.16
M108748,6.9,559.8,60.8,12.0,9.08,0.0,4,Day,Medium,1302.6,17.92
M108749,0.0,316.2,87.9,,8.87,1.6,4,Night,Low,1369.2,12.84
M108750,0.0,372.5,64.2,1.444,8.54,1.9,1,Rotational,Low,1179.1,4.89
M108751,7.0,443.1,55.8,4.604,9.98,0.9,0,Day,Medium,1169.7,5.6
M108752,14.9,455.5,73.4,9.482,8.32,,5,Day,Medium,1419.3,13.77
M108753,4.2,297.1,64.1,1.723,9.32,3.1,1,Day,Medium,1155.7,2.34
M108754,10.5,356.5,69.7,8.577,7.87,1.5,2,Day,Medium,1254.4,12.11
M108755,5.1,294.1,,1.317,10.57,0.4,1,Day,Medium,1083.8,2.2
M108756,7.2,472.8,58.5,1.605,9.75,1.2,0,Rotational,Medium,1191.3,4.56
M108757,11.9,520.6,59.3,3.875,8.8,0.1,3,Day,High,1312.0,5.65
M108758,5.6,316.1,76.8,5.52,9.14,3.7,2,Night,Low,1100.7,11.04
M108759,4.2,504.6,65.5,3.212,8.46,2.6,0,,Low,1336.8,6.07
M108760,12.7,499.1,56.5,4.157,9.97,4.4,1,Rotational,Medium,1124.5,6.95
M108761,7.2,364.0,69.8,5.767,7.62,2.2,2,Day,High,1268.4,6.87
M108762,11.4,251.5,68.9,6.111,10.85,3.2,3,Night,High,1073.1,8.75
M108763,4.3,328.9,74.3,2.432,9.76,0.9,1,Night,Medium,1227.1,5.68
M108764,12.6,369.4,62.7,2.156,8.83,3.3,0,Day,High,1225.4,2.02
M108765,8.1,551.0,67.1,5.623,10.38,0.1,4,Rotational,Medium,1345.2,10.92
M108766,8.7,409.9,72.6,4.167,10.08,1.8,2,Day,Medium,1347.5,8.64
M108767,7.5,334.4,56.9,4.457,7.93,2.7,0,Day,Low,1158.6,7.67
M108768,5.0,432.6,77.7,2.385,11.46,2.4,3,Day,Medium,1532.4,5.06
M108769,7.0,309.9,68.2,4.568,5.76,0.4,0,Night,High,1126.4,6.9
M108770,5.2,463.7,55.9,1.921,11.13,0.0,1,Day,Medium,1338.8,4.81
M108771,10.8,336.9,55.8,3.757,9.26,1.5,2,Rotational,Medium,1114.3,7.71
M108772,6.2,349.2,66.9,3.511,10.99,0.0,1,Rotational,Medium,1209.8,5.99
M108773,1.0,451.9,61.9,3.523,11.66,0.4,1,Night,Low,1223.4,7.86
M108774,0.3,568.8,76.3,4.907,8.86,2.3,0,Night,Low,1497.4,7.63
M108775,0.1,606.8,64.8,1.994,8.93,0.0,1,Day,Medium,1419.3,3.59
M108776,9.5,331.6,71.3,4.657,9.97,0.7,2,Night,Low,1353.7,10.31
M108777,2.4,369.3,58.7,3.355,7.8,2.6,1,Night,Low,1125.8,8.16
M108778,8.2,463.8,67.7,2.235,9.0,1.2,2,Night,Medium,1375.6,4.74
M108779,7.5,519.3,82.5,1.714,8.88,0.3,2,Day,Medium,1544.3,5.71
M108780,6.7,236.1,66.4,8.536,7.72,0.2,3,Night,Low,1073.7,15.01
M108781,8.8,427.4,61.9,,8.8,4.6,1,Rotational,High,1140.6,3.59
M108782,7.6,378.6,58.5,2.78,10.63,4.0,2,,High,1122.4,4.23
M108783,0.0,256.5,67.8,1.874,10.52,0.1,0,Night,Medium,1196.2,4.0
M108784,5.7,306.3,,5.722,9.23,0.9,5,Rotational,Medium,1354.3,13.05
M108785,8.7,371.7,53.0,5.504,9.59,4.4,3,Night,Medium,1009.1,11.55
M108786,13.6,425.0,67.5,4.999,9.04,3.4,3,Day,Medium,1245.4,6.28
M108787,13.7,505.7,49.1,3.22,6.86,2.7,1,Day,Low,1022.6,7.71
M108788,1.5,450.1,63.5,4.834,7.97,,3,Rotational,Medium,1306.0,8.71
M108789,5.6,500.5,70.9,2.199,10.94,0.3,1,Day,High,1437.0,3.28
M108790,0.7,422.3,,3.702,11.3,1.5,2,Rotational,Medium,1214.2,7.79
M108791,13.1,360.1,63.1,3.231,8.21,2.5,2,Night,High,1083.7,4.28
M108792,11.1,404.4,71.2,3.794,11.18,1.3,1,Day,Medium,1333.0,5.51
M108793,8.4,479.1,69.4,1.341,7.7,0.0,0,Day,Medium,1282.1,3.89
M108794,7.7,507.8,71.7,8.456,8.72,0.0,4,Day,High,1363.4,12.48
M108795,12.5,407.4,57.3,7.458,9.32,1.1,2,Night,Medium,1265.4,12.19
M108796,11.8,341.0,71.2,1.868,9.09,3.5,3,Rotational,Medium,1283.0,2.93
M108797,11.6,448.5,61.4,4.431,8.46,2.5,2,Day,Low,1261.3,6.25
M108798,8.8,460.6,75.9,1.579,9.69,0.4,1,Night,Medium,1393.6,6.74
M108799,5.6,524.8,42.6,3.462,10.66,0.6,0,Night,Medium,1137.0,10.91
M108800,10.1,362.3,64.8,1.108,7.32,0.2,3,Rotational,High,1185.9,3.59
M108801,10.3,363.2,69.1,2.869,9.69,2.6,3,Day,Medium,1385.6,5.86
M108802,6.2,484.3,95.6,7.6,10.95,1.9,2,Day,High,2176.6,17.28
M108803,5.6,385.4,69.0,5.92,8.88,4.5,3,Day,,1169.3,5.64
M108804,11.5,381.8,70.1,7.646,8.68,5.0,4,Day,Medium,1242.5,10.96
M108805,13.7,526.6,72.1,7.733,8.22,1.9,1,Night,Medium,1412.9,13.03
M108806,4.0,303.5,81.8,5.925,12.5,2.6,2,Rotational,Medium,1470.7,10.26
M108807,5.9,594.8,63.8,3.46,11.74,3.4,2,Day,Medium,1502.1,5.91
M108808,8.4,367.9,52.6,4.032,9.06,0.0,1,Night,High,1098.8,7.17
M108809,8.9,493.7,50.5,4.022,11.27,2.6,3,Night,Low,1190.2,10.37
M108810,4.9,410.8,75.3,1.84,8.71,2.8,1,Day,Low,1358.9,4.87
M108811,14.5,443.1,70.5,5.888,9.27,3.3,6,Night,Medium,1237.8,12.55
M108812,8.7,397.7,65.2,4.688,7.91,0.9,1,Day,High,1248.2,7.04
M108813,9.1,492.8,75.3,17.86,6.74,1.3,2,Day,Low,1504.3,28.31
M108814,14.0,390.5,70.0,1.061,8.63,4.5,3,Rotational,High,1269.6,3.68
M108815,5.2,371.3,70.3,4.164,8.86,0.8,0,Rotational,High,1243.1,5.49
M108816,6.6,574.1,73.3,5.489,10.14,1.6,2,Night,Medium,1565.3,12.43
M108817,2.0,422.5,55.8,3.295,10.48,2.3,2,Rotational,Medium,1153.3,7.65
M108818,6.3,362.6,48.6,2.585,9.32,0.4,1,Day,Medium,932.0,6.13
M108819,1.0,293.3,58.0,1.68,8.01,1.7,0,Day,Medium,1044.7,2.01
M108820,10.0,578.6,53.1,1.621,8.51,2.5,1,Day,Low,1307.5,4.49
M108821,8.7,373.1,52.6,3.586,11.89,0.0,2,Day,High,1242.0,5.93
M108822,5.9,595.3,85.3,2.952,10.44,0.2,0,Night,Medium,1630.4,9.87
M108823,6.6,453.9,43.1,2.932,11.63,0.0,2,Night,Medium,1191.2,10.53
M108824,10.0,432.1,73.2,7.131,12.17,1.4,1,Day,Medium,1436.6,10.26
M108825,2.5,434.4,78.0,1.772,8.51,3.4,1,Rotational,Medium,1413.4,5.21
M108826,7.8,608.4,78.9,2.793,10.73,0.0,2,Day,Medium,1627.4,7.09
M108827,9.8,233.7,71.0,7.745,8.15,1.4,3,Day,,1024.4,7.99
M108828,0.0,438.2,82.5,2.84,11.05,1.8,1,Day,Medium,1420.0,6.72
M108829,9.7,397.5,87.6,3.432,10.74,0.6,2,Day,Low,1442.8,10.68
M108830,0.3,401.9,64.7,,6.33,0.9,0,Night,Medium,1131.1,4.78
M108831,6.5,432.7,72.9,4.725,10.1,0.8,3,Night,Low,1330.7,12.56
M108832,2.3,397.4,82.0,1.188,8.22,0.0,0,Night,Low,1370.7,7.46
M108833,12.7,436.0,58.5,2.999,8.99,5.5,1,Night,Medium,1193.4,5.42
M108834,2.4,418.0,65.3,3.412,8.51,0.6,1,Day,High,1222.0,4.13
M108835,0.4,308.3,61.1,2.016,10.86,0.1,1,Day,Low,1242.4,6.01
M108836,7.5,452.4,73.1,3.942,8.47,,0,Rotational,Medium,1406.1,6.78
M108837,5.3,480.9,47.1,4.919,7.58,2.0,2,Day,Low,1070.4,10.11
M108838,1.0,373.9,,4.162,8.29,2.1,3,Day,Low,1450.3,12.39
M108839,9.1,578.8,73.9,8.082,9.18,0.0,1,Rotational,Low,1643.4,14.71
M108840,0.0,533.5,74.5,2.673,10.12,2.7,0,Night,High,1488.2,5.15
M108841,2.9,491.7,42.0,4.26,11.29,2.0,2,Rotational,Medium,1087.7,10.19
M108842,4.7,490.7,56.6,4.212,10.27,3.0,1,Rotational,Medium,1236.9,6.77
M108843,10.2,422.6,,2.951,10.38,4.4,1,Rotational,Low,1525.8,9.68
M108844,12.2,517.0,66.0,5.852,10.61,6.2,5,Day,Low,1347.0,11.06
M108845,11.4,553.5,49.0,3.835,10.73,3.9,5,Rotational,Low,1211.2,8.49
M108846,6.4,488.7,70.4,1.821,11.05,0.9,3,Night,High,1409.9,4.78
M108847,0.0,371.5,75.5,,13.26,0.0,2,Rotational,Medium,1477.6,8.24
M108848,8.6,416.6,73.8,2.587,10.7,2.5,0,Day,Low,1412.4,4.23
M108849,12.9,468.8,66.3,2.825,9.93,2.9,0,Day,High,1415.0,1.81
M108850,11.9,491.2,80.5,2.932,8.8,2.7,4,Night,Medium,1388.1,10.19
M108851,8.9,413.4,60.3,4.795,9.96,1.2,7,Day,High,1196.5,7.72
M108852,2.2,371.8,73.9,5.694,11.23,5.2,1,Night,Low,1302.7,9.18
M108853,4.9,554.7,69.5,3.066,7.67,0.3,1,Rotational,Low,1334.5,6.9
M108854,14.7,328.9,66.5,2.979,11.39,2.3,1,Rotational,High,1236.3,4.54
M108855,1.3,340.0,,1.193,8.86,0.2,1,Day,Medium,1190.2,2.73
M108856,2.4,307.2,64.2,2.328,9.15,0.9,1,Day,Medium,1112.4,3.82
M108857,10.8,339.8,68.4,2.068,10.28,1.1,4,Night,Low,1285.2,7.69
M108858,5.3,526.0,64.8,3.879,8.71,0.5,3,Night,High,1258.4,7.73
M108859,2.3,528.9,76.1,3.147,10.19,0.0,0,Day,High,1546.4,5.41
M108860,13.1,413.7,62.1,2.108,7.77,2.0,2,Day,Medium,1151.1,5.4
M108861,8.8,462.2,85.3,,10.81,0.2,3,Day,Medium,1607.7,9.77
M108862,5.5,419.1,61.6,3.21,9.79,3.5,2,Day,Medium,1306.5,4.59
M108863,2.4,318.7,78.1,0.932,9.49,3.0,1,Day,Medium,1236.8,4.0
M108864,15.2,608.5,78.6,5.777,9.91,3.2,3,Rotational,Medium,1574.8,10.21
M108865,6.9,536.9,69.8,5.504,9.47,1.0,0,Rotational,Low,1395.7,8.75
M108866,12.6,450.1,68.8,2.948,10.16,0.0,0,Day,Medium,1317.5,5.38
M108867,10.6,347.2,60.0,3.96,9.19,1.2,4,Night,Medium,1173.8,9.07
M108868,4.9,400.9,62.3,2.822,9.06,0.7,1,Rotational,High,1220.7,3.28
M108869,4.9,361.1,70.4,1.489,6.85,3.7,0,Night,Low,1166.2,5.18
M108870,12.8,428.3,67.5,9.795,11.55,2.5,6,Night,Medium,1317.6,15.99
M108871,12.9,446.3,81.0,4.83,7.76,3.9,1,Day,Medium,1470.4,8.1
M108872,0.0,391.0,63.0,5.314,11.92,0.0,3,Night,Medium,1187.4,9.02
M108873,9.2,296.4,63.7,2.88,9.14,2.0,1,Day,Medium,1107.8,4.57
M108874,6.5,601.2,49.7,5.83,11.33,,2,Night,Medium,1374.9,13.35
M108875,2.9,440.2,75.1,1.673,11.06,0.4,2,Day,Low,1380.5,6.62
M108876,8.0,458.8,74.1,2.937,10.94,2.5,2,Rotational,Medium,1430.5,6.42
M108877,1.6,384.1,78.7,4.806,9.57,1.5,1,Rotational,Low,1373.4,8.78
M108878,5.1,287.2,79.4,2.427,7.71,2.1,1,Night,High,1236.6,5.11
M108879,3.8,412.9,76.7,5.235,9.23,0.0,1,,Medium,1361.8,7.84
M108880,5.0,392.5,77.1,,9.03,0.4,1,Night,Medium,1259.4,6.78
M108881,6.7,480.3,74.7,3.687,9.35,5.7,0,Night,Medium,1380.9,5.52
M108882,2.9,497.0,76.4,2.316,7.66,3.2,1,Night,High,1383.4,3.07
M108883,13.3,485.0,47.7,4.064,9.07,1.8,2,Day,Low,1248.5,9.55
M108884,9.0,504.0,55.9,8.726,5.5,4.1,2,Day,High,1098.5,10.01
M108885,14.2,573.3,54.1,3.624,9.05,4.5,2,Night,Low,1118.0,9.76
M108886,6.4,453.1,82.0,4.384,9.69,0.4,1,Day,Medium,1566.9,8.05
M108887,4.8,513.4,59.4,4.72,8.33,2.2,3,Day,Medium,1292.1,8.94
M108888,14.0,462.0,61.1,1.873,9.09,4.4,1,Rotational,Medium,1254.5,4.72
M108889,4.7,258.5,68.1,3.107,9.74,0.4,1,Night,High,1137.0,1.63
M108890,6.3,406.9,54.3,3.06,11.02,0.6,2,Rotational,Medium,1101.9,5.49
M108891,9.9,346.2,72.2,1.147,11.08,,3,Day,High,1399.1,2.56
M108892,2.0,439.7,44.6,4.926,9.96,0.0,0,Day,High,1073.8,7.99
M108893,9.8,352.8,,2.084,9.46,2.0,0,Day,Medium,1058.4,3.45
M108894,9.3,471.5,70.2,4.664,10.03,0.3,1,Day,Medium,1506.8,5.3
M108895,12.1,503.4,54.3,2.273,12.2,2.0,0,Day,High,1299.0,4.05
M108896,10.6,522.3,82.3,9.217,10.25,2.2,1,Rotational,Medium,1593.9,14.96
M108897,12.2,557.6,68.5,2.888,9.89,1.6,0,Rotational,Medium,1556.6,4.7
M108898,6.6,277.5,80.5,8.676,11.11,1.2,5,Day,Medium,1340.9,12.29
M108899,3.5,318.1,71.9,3.045,9.57,2.8,1,Day,Low,1237.2,4.98
M108900,15.4,668.9,67.9,3.233,8.22,1.1,0,Day,Low,1451.9,9.03
M108901,0.9,505.8,57.0,7.267,10.19,4.9,2,Rotational,Low,1274.2,10.87
M108902,1.3,439.1,78.2,2.098,9.76,1.7,2,Night,Medium,1485.8,7.13
M108903,9.3,422.7,84.2,9.713,9.17,0.0,3,Rotational,Low,1861.8,20.22
M108904,13.5,415.2,90.9,4.348,10.32,1.4,2,Rotational,High,1587.7,11.0
M108905,7.8,255.6,77.1,4.063,6.78,2.4,1,Day,,1148.4,7.24
M108906,11.0,354.4,63.6,3.392,8.69,0.6,1,Day,High,1207.4,2.86
M108907,0.0,410.5,71.2,3.167,8.18,1.7,0,Day,Medium,1351.4,2.0
M108908,5.0,359.2,72.6,5.069,8.34,1.5,5,Night,High,1240.5,8.67
M108909,0.0,370.3,80.8,3.627,9.27,1.6,0,Rotational,Medium,1482.6,6.71
M108910,10.1,637.5,82.5,5.383,8.13,4.3,3,Night,High,1675.2,10.33
M108911,0.8,398.6,66.2,4.039,12.02,0.0,2,Day,Medium,1311.6,6.84
M108912,1.9,443.6,,4.596,10.18,0.6,1,Day,Medium,1163.2,7.27
M108913,9.1,440.6,47.6,5.852,8.31,0.1,1,Rotational,Medium,939.7,8.84
M108914,11.2,470.1,55.5,2.843,6.89,6.5,2,Day,Medium,1206.6,4.31
M108915,6.4,379.4,61.5,5.773,8.62,1.6,1,Day,Low,1211.6,8.66
M108916,9.3,526.0,84.5,3.07,9.01,0.0,6,Rotational,Medium,1531.4,11.44
M108917,9.2,457.7,84.7,1.648,8.55,4.9,2,Day,Low,1336.3,7.76
M108918,6.1,310.6,78.6,2.816,13.31,0.9,2,Day,Medium,1298.4,5.91
M108919,2.6,410.9,81.5,2.313,7.02,0.0,1,Rotational,Medium,1270.4,7.21
M108920,9.3,405.4,60.2,4.005,9.58,3.5,2,Rotational,Low,1228.4,5.99
M108921,9.5,401.5,51.3,2.878,9.31,1.9,0,Rotational,Medium,,5.95
M108922,10.6,463.3,56.9,3.539,9.13,1.0,2,Night,Medium,1251.8,6.94
M108923,8.2,474.0,45.6,5.513,6.59,1.5,3,Rotational,Low,975.9,14.93
M108924,2.3,463.9,55.7,6.979,9.44,4.1,2,Night,Low,1202.0,12.66
M108925,9.8,448.8,62.4,3.843,9.77,1.4,1,Day,High,1289.8,5.03
M108926,7.0,427.3,69.8,5.713,10.56,2.2,3,Day,Medium,1434.5,8.92
M108927,5.1,237.1,69.5,3.039,10.22,0.0,0,Rotational,High,1151.7,3.2
M108928,5.8,486.1,60.4,1.52,11.33,1.4,0,Day,Medium,1340.5,2.38
M108929,4.2,461.5,74.3,1.841,6.43,2.4,1,Day,Low,1231.6,5.01
M108930,10.6,336.3,60.6,3.011,9.15,0.8,2,Day,Medium,1075.3,5.32
M108931,1.3,443.8,68.1,4.942,13.26,1.4,0,Day,Low,1420.8,9.2
M108932,3.0,475.1,55.8,3.015,11.09,1.8,2,Day,Low,1331.6,7.78
M108933,5.7,519.6,80.0,6.007,7.32,0.8,2,Day,Medium,1407.9,9.29
M108934,13.5,463.4,68.2,8.296,9.63,1.9,3,Day,Medium,1294.9,12.85
M108935,11.2,447.3,75.5,2.129,7.93,2.1,0,Day,Low,1250.0,6.19
M108936,0.4,500.5,54.6,9.606,8.85,1.3,3,Rotational,Medium,1100.7,12.88
M108937,12.4,393.9,69.9,1.466,12.5,3.1,0,Night,Medium,1218.8,3.95
M108938,12.4,455.0,74.3,8.368,10.94,3.7,5,Day,Medium,1473.7,12.5
M108939,2.3,367.2,45.5,3.265,7.22,3.2,2,Night,Medium,943.8,7.5
M108940,0.0,514.4,80.8,2.955,8.35,0.0,1,Rotational,High,1493.9,5.89
M108941,6.7,283.2,54.3,3.307,9.5,2.0,2,Day,High,1004.6,4.11
M108942,11.5,489.4,70.3,2.226,9.1,1.6,1,Night,High,1407.7,5.56
M108943,13.4,421.5,87.7,7.034,9.97,1.5,4,Day,Medium,1541.0,14.14
M108944,3.5,502.1,78.5,2.349,8.34,2.3,0,Night,Medium,1435.4,5.82
M108945,14.0,353.7,51.6,2.504,8.95,0.5,3,Night,Medium,977.6,7.39
M108946,0.0,427.6,66.0,1.666,8.32,0.7,3,Day,Medium,1335.4,4.73
M108947,5.5,425.2,81.6,2.304,8.95,0.9,1,Night,Medium,1342.3,8.06
M108948,5.3,456.9,59.0,2.339,10.56,1.7,0,Day,Medium,1221.0,2.57
M108949,11.6,331.0,64.0,2.262,9.95,0.0,2,Rotational,Medium,1181.0,5.0
M108950,12.2,474.1,63.7,3.041,8.45,1.6,1,Day,High,1210.8,3.27
M108951,10.8,263.1,74.3,1.901,11.2,1.8,1,Day,Low,1302.5,3.53
M108952,1.6,363.2,51.1,7.369,11.1,1.5,0,Rotational,High,,9.58
M108953,10.5,287.2,74.9,3.076,9.5,2.4,1,Day,Medium,1276.1,6.14
M108954,9.0,490.4,61.1,4.003,9.11,2.1,2,Night,Medium,1203.0,8.14
M108955,0.3,454.0,67.9,5.108,12.14,0.8,1,Day,Low,1455.2,7.34
M108956,0.0,458.8,,9.138,11.91,1.4,7,Day,Medium,1371.3,15.24
M108957,11.2,545.2,74.6,5.233,7.23,5.5,3,Rotational,Medium,1462.4,9.74
M108958,6.3,393.1,67.8,2.933,11.29,5.2,2,Day,Medium,1352.3,3.55
M108959,1.9,471.8,,1.942,12.09,1.6,1,Day,Medium,1527.1,7.07
M108960,6.2,425.6,78.9,3.932,10.48,3.3,2,Rotational,Medium,1510.0,6.45
M108961,8.5,412.7,59.3,5.647,8.8,0.0,3,Night,Medium,1155.8,11.71
M108962,6.7,531.1,83.0,3.564,8.98,0.0,3,Day,Medium,1536.5,9.53
M108963,0.8,597.0,71.5,3.43,12.07,2.5,2,Day,High,1612.0,4.81
M108964,14.5,383.3,69.9,3.694,10.75,1.7,1,Day,High,1168.5,4.21
M108965,11.0,490.9,77.3,1.304,10.32,5.6,2,Day,Medium,1503.0,2.6
M108966,5.7,447.1,56.5,3.572,13.0,0.0,2,Day,High,1339.5,4.35
M108967,5.8,448.1,52.8,4.788,7.99,5.0,1,Day,Medium,1095.3,6.87
M108968,8.4,441.0,68.3,3.245,9.36,1.4,1,Day,High,1339.1,3.27
M108969,2.5,391.7,61.3,5.823,9.78,4.0,2,Rotational,Medium,1324.8,6.78
M108970,8.3,120.0,90.8,5.921,9.18,0.8,2,Rotational,Low,1225.2,14.56
M108971,1.7,550.5,59.6,2.581,6.74,0.0,2,Night,Medium,1281.7,5.33
M108972,6.7,360.9,68.4,4.141,11.01,1.2,1,Day,Low,1205.8,6.59
M108973,2.3,399.5,70.1,3.392,8.37,0.5,1,Night,High,1311.6,4.29
M108974,2.5,401.3,81.5,1.204,8.35,2.5,3,Day,Medium,1420.7,4.16
M108975,13.6,353.4,57.1,3.023,8.96,1.5,3,Day,High,1178.7,5.97
M108976,7.2,440.4,50.3,1.983,9.15,2.7,1,Night,,1028.6,5.6
M108977,7.8,416.2,83.3,3.55,9.32,0.0,3,Rotational,Medium,1474.6,7.05
M108978,0.0,359.1,,4.671,10.95,3.5,0,Day,Low,1359.9,7.89
M108979,4.6,432.7,76.9,2.978,11.25,1.7,0,Day,Medium,1472.6,4.47
M108980,8.8,417.2,77.4,2.117,9.11,0.0,3,Day,Low,1378.8,6.1
M108981,7.8,498.9,79.3,3.732,8.6,2.2,5,Day,High,1338.2,8.3
M108982,0.0,306.1,63.8,11.267,9.31,3.7,2,Night,Medium,1089.9,14.41
M108983,7.8,351.5,60.9,1.121,8.16,1.3,4,Day,Medium,1079.4,3.33
M108984,8.5,481.7,46.0,3.73,9.46,1.6,2,Rotational,Medium,1200.5,9.21
M108985,12.1,365.6,57.1,2.53,8.08,1.5,2,Rotational,Medium,1001.9,5.94
M108986,4.4,343.2,68.7,2.683,12.69,0.9,1,Rotational,Medium,1451.3,4.89
M108987,0.0,369.8,60.3,3.151,9.69,3.0,2,Night,Medium,1146.0,6.98
M108988,3.0,411.4,55.5,2.795,8.69,1.3,1,,High,1161.9,4.76
M108989,2.6,411.7,68.6,4.486,10.56,0.2,4,Rotational,High,1343.7,6.82
M108990,9.9,402.2,82.8,2.942,7.65,3.0,1,Rotational,High,1330.8,7.58
M108991,0.0,332.6,79.7,3.194,8.43,2.8,2,Day,Medium,1790.2,6.66
M108992,5.2,485.7,55.5,6.295,10.14,2.3,2,Night,Low,1135.6,11.22
M108993,12.7,532.7,82.0,5.839,9.7,0.8,1,Day,Medium,1605.0,11.82
M108994,7.0,257.6,59.5,2.451,11.07,4.0,0,Night,Medium,1145.6,6.32
M108995,10.6,287.9,84.3,3.404,5.5,4.2,0,Rotational,Low,1199.9,8.1
M108996,0.4,505.2,65.1,6.103,10.73,0.0,3,Day,High,1427.0,7.86
M108997,0.6,553.4,69.1,5.565,8.68,1.0,3,Day,Medium,1405.4,5.33
M108998,12.7,239.0,85.2,6.545,7.74,1.9,3,Day,High,1142.9,11.41
M108999,7.4,489.3,53.1,4.004,6.92,1.3,1,Day,Medium,1211.7,7.56
M109000,7.4,559.2,56.4,4.878,8.67,0.0,0,Day,Low,1296.7,8.95
M109001,2.5,346.7,64.4,6.715,11.88,0.7,2,Rotational,Medium,1305.0,9.82
M109002,7.4,554.3,66.5,,10.95,0.8,1,Day,Low,1444.4,6.9
M109003,2.4,404.9,97.1,4.138,11.95,2.0,5,Day,Low,1613.6,15.07
M109004,11.7,446.7,58.2,1.135,9.33,4.2,0,Day,Medium,1207.3,2.02
M109005,17.9,358.9,53.7,1.507,9.66,1.5,1,Day,Medium,1028.9,4.98
M109006,8.9,505.1,57.7,4.263,7.13,1.9,3,Day,Medium,1238.8,7.83
M109007,4.5,490.9,70.6,4.601,7.13,3.1,0,Rotational,Medium,1340.5,6.05
M109008,0.0,566.6,73.4,2.736,9.28,2.7,3,Day,Low,1469.6,6.84
M109009,0.3,542.5,60.2,2.452,7.44,1.1,0,Day,High,1232.5,2.67
M109010,13.2,419.2,68.2,2.779,8.21,0.0,2,Rotational,High,1187.1,5.8
M109011,2.9,684.2,,3.654,9.56,1.6,1,Rotational,Medium,1800.2,11.94
M109012,5.5,534.8,68.4,1.044,11.41,3.2,1,Night,High,1347.2,3.6
M109013,9.6,465.9,71.5,4.19,9.51,4.4,1,Day,Medium,1421.6,5.2
M109014,12.9,335.2,88.8,3.374,7.46,2.4,3,Rotational,Low,1251.8,10.67
M109015,6.2,289.9,60.3,3.757,6.77,5.1,0,Day,Low,998.8,5.6
M109016,5.4,297.2,81.4,8.353,9.68,1.6,2,Day,Medium,1922.5,16.31
M109017,7.3,340.6,62.8,1.663,8.56,2.1,0,Rotational,Medium,1203.0,3.24
M109018,4.5,537.1,62.2,1.917,9.67,3.8,2,Rotational,Medium,1327.2,3.4
M109019,4.7,461.4,48.0,7.112,9.19,1.7,3,Day,High,1167.3,13.45
M109020,8.6,367.9,69.5,2.408,9.39,0.0,0,Day,Low,1188.3,6.18
M109021,7.7,408.5,70.4,4.972,11.3,0.0,2,Day,,1304.6,10.12
M109022,15.5,398.1,66.0,1.933,11.08,6.6,2,Rotational,Medium,1321.4,3.69
M109023,8.8,488.0,70.7,3.295,10.05,2.1,2,Rotational,Medium,1373.0,5.9
M109024,11.6,345.3,70.8,2.664,8.16,2.5,2,Rotational,Low,1181.3,5.91
M109025,2.7,449.7,53.5,2.876,8.67,2.3,0,Day,High,1141.2,3.28
M109026,9.1,445.5,71.2,2.801,10.64,2.7,3,Rotational,Medium,1356.0,6.08
M109027,4.1,347.8,74.1,6.834,11.45,0.6,4,Day,Low,1325.3,11.13
M109028,8.6,555.0,50.4,8.704,7.59,2.6,5,Day,Medium,1284.2,14.9
M109029,9.8,394.9,84.1,3.739,11.79,2.4,2,Rotational,Low,1559.5,10.59
M109030,7.2,335.6,54.4,2.701,8.33,0.5,1,Rotational,Low,1108.4,6.47
M109031,16.6,492.5,55.5,1.708,10.5,3.2,2,Rotational,High,,3.39
M109032,12.7,424.6,70.2,1.65,13.7,0.7,0,Night,Low,1444.7,5.44
M109033,11.7,454.7,73.9,6.853,7.12,3.4,2,Rotational,Medium,1267.4,10.47
M109034,10.1,319.3,76.6,1.593,10.26,0.0,2,Night,Medium,1424.1,6.19
M109035,14.1,489.1,74.2,2.664,9.03,0.6,3,Night,Medium,1362.7,6.33
M109036,1.3,604.7,62.3,3.588,10.17,2.4,0,Night,High,1506.2,5.23
M109037,12.5,312.7,69.2,0.904,8.57,1.4,3,Day,Medium,1177.6,3.71
M109038,3.0,450.1,64.5,1.777,5.78,3.5,2,Day,Medium,1272.7,3.82
M109039,4.7,353.2,69.9,1.7,8.37,0.3,4,Night,Medium,1197.1,6.14
M109040,9.2,648.6,68.8,2.38,10.02,0.9,0,Rotational,High,1563.2,5.13
M109041,11.9,525.4,62.4,3.779,11.52,1.8,4,Night,High,1469.8,8.13
M109042,2.4,444.0,64.2,5.551,10.11,0.0,0,Night,Medium,1378.0,6.68
M109043,4.9,315.6,47.6,2.383,11.71,1.6,3,Day,Medium,1067.2,6.13
M109044,7.4,336.2,77.1,2.636,8.76,1.8,1,Day,Low,1292.9,6.58
M109045,6.3,483.4,71.3,3.127,8.64,0.5,3,Rotational,Medium,1396.1,5.61
M109046,10.4,304.2,42.6,2.219,10.01,0.4,1,Day,Medium,1018.5,8.14
M109047,20.7,306.9,76.7,4.091,8.94,2.5,2,Night,Medium,1315.5,6.93
M109048,8.7,420.8,67.4,4.155,11.18,1.2,0,Day,Medium,1352.9,6.71
M109049,4.1,431.3,57.7,0.851,7.39,5.0,0,Night,Medium,1225.7,3.44
M109050,1.8,452.3,,4.571,10.79,2.5,2,Day,Medium,1166.2,5.32
M109051,5.7,382.6,60.4,3.538,11.31,0.0,3,Day,High,1266.3,3.83
M109052,3.2,498.2,57.8,3.779,10.05,4.1,3,Day,Medium,1236.7,6.21
M109053,8.9,346.7,59.2,5.988,10.87,0.1,4,Rotational,Medium,1284.4,9.32
M109054,8.8,473.3,86.7,1.359,8.53,3.6,0,Day,Low,1560.6,8.74
M109055,5.1,438.2,72.1,1.772,8.25,0.7,1,Rotational,Low,1235.1,5.37
M109056,14.9,471.1,90.4,3.206,10.03,1.0,1,Day,Medium,1500.1,10.71
M109057,4.1,520.5,70.5,1.04,8.42,2.6,3,Rotational,Low,1301.4,6.86
M109058,6.5,381.3,74.4,2.987,9.95,0.0,3,Day,Low,1367.1,7.47
M109059,9.6,363.8,58.3,5.068,9.95,2.5,2,Rotational,Medium,1208.8,7.28
M109060,10.6,276.5,66.2,4.048,9.4,1.1,1,,Low,1030.9,5.93
M109061,12.1,248.4,67.1,3.454,9.92,2.0,3,Day,Medium,1107.1,6.21
M109062,8.7,405.0,74.8,2.955,10.45,3.0,2,Night,Medium,1346.3,8.22
M109063,11.2,410.9,,2.681,9.35,3.8,0,Rotational,Low,1297.4,4.89
M109064,4.3,327.7,71.9,2.605,8.78,2.7,1,Rotational,High,1214.3,2.77
M109065,10.7,346.0,71.5,3.722,10.73,5.9,2,Rotational,Low,1308.4,6.3
M109066,10.6,549.5,64.7,1.529,9.91,1.6,1,Rotational,Low,1322.6,5.86
M109067,13.1,494.4,63.5,6.9,10.18,1.3,3,Rotational,High,1249.5,12.35
M109068,0.3,312.8,60.6,2.296,10.37,1.5,0,Rotational,Low,1099.8,5.28
M109069,3.4,382.4,79.9,4.388,9.72,1.8,2,Day,Medium,1381.9,7.73
M109070,10.3,454.5,64.7,3.456,8.98,1.4,2,Day,Medium,1285.6,5.79
M109071,0.0,366.8,71.6,1.865,8.57,0.7,1,Night,Low,1158.4,6.32
M109072,9.0,351.3,66.3,6.337,9.37,1.1,3,Rotational,Low,1162.0,8.6
M109073,11.2,391.2,79.7,5.702,10.22,3.7,4,Day,Medium,1427.3,10.3
M109074,4.7,512.7,46.1,1.514,10.29,1.8,0,Rotational,Medium,1263.0,8.16
M109075,5.3,520.4,71.3,3.2,9.72,4.4,1,Rotational,Medium,1365.6,4.77
M109076,2.7,357.5,54.2,3.683,10.03,0.0,1,Day,High,1167.4,2.55
M109077,4.9,459.1,72.3,1.179,7.84,1.7,1,Day,Medium,1259.8,4.41
M109078,5.0,419.5,66.4,1.15,8.8,1.0,2,Night,Low,1358.6,5.37
M109079,4.3,334.3,51.7,2.188,10.51,0.7,2,Day,Medium,989.5,5.14
M109080,4.0,394.7,71.7,1.722,8.25,2.0,1,Night,Medium,1164.9,5.33
M109081,5.9,312.5,70.5,1.97,9.71,2.3,1,Day,Medium,1217.4,3.74
M109082,5.9,518.9,65.5,1.722,9.58,2.7,1,Day,High,1274.4,3.59
M109083,14.5,552.0,66.8,3.123,9.33,5.0,1,Day,High,1405.7,4.41
M109084,5.4,385.1,69.8,2.125,10.52,1.2,1,Rotational,Medium,1251.2,4.59
M109085,8.4,364.8,81.0,5.795,9.84,1.8,0,Rotational,Medium,1425.1,10.83
M109086,4.7,509.6,64.5,3.633,7.7,2.5,4,Day,High,1284.1,3.54
M109087,4.6,523.4,79.1,4.939,10.27,3.5,0,Day,Low,1466.1,10.5
M109088,0.2,325.3,67.6,1.427,8.74,4.1,1,Night,Medium,1205.5,0.65
M109089,0.7,407.4,82.3,2.425,7.45,0.3,0,,High,1321.7,5.42
M109090,2.2,415.0,65.4,3.554,10.61,2.7,3,Rotational,High,1287.2,5.09
M109091,7.7,354.5,60.7,4.164,7.72,0.7,3,Rotational,Low,1080.8,8.97
M109092,11.3,452.8,55.9,2.402,8.97,0.3,0,Day,Medium,1234.1,2.59
M109093,0.0,360.5,67.6,2.584,9.94,2.6,1,Day,Medium,1173.1,2.04
M109094,4.8,374.1,59.3,2.73,9.39,0.0,3,,High,1067.1,4.67
M109095,1.5,411.4,83.4,2.861,8.56,1.5,1,Day,Medium,1453.2,7.89
M109096,5.9,293.4,58.4,9.797,8.01,1.4,1,Night,Low,965.4,14.65
M109097,11.3,245.2,60.4,3.883,8.36,3.8,0,Day,Medium,1041.4,3.81
M109098,5.2,498.1,74.4,3.387,7.88,1.4,2,Rotational,High,,5.36
M109099,6.8,357.1,81.0,1.769,9.31,2.0,2,Night,Medium,1406.4,7.7
M109100,12.8,601.5,76.0,1.79,8.68,1.0,0,Rotational,Low,,8.11
M109101,8.8,587.6,79.6,2.984,7.43,1.0,1,Rotational,High,,6.62
M109102,4.0,376.9,67.1,5.843,9.07,2.0,5,Day,Medium,1235.4,8.95
M109103,7.6,618.8,67.3,3.005,8.54,,1,Day,Low,1374.6,6.13
M109104,3.7,499.7,90.1,3.071,9.9,2.1,0,Day,High,1715.0,8.13
M109105,8.7,365.1,86.6,2.288,10.04,2.6,3,Rotational,Medium,1404.7,8.92
M109106,9.1,200.5,75.9,1.39,11.51,4.9,2,Day,High,1243.1,2.61
M109107,1.5,478.5,80.2,4.131,10.47,1.9,1,Night,Medium,1497.3,7.98
M109108,7.7,422.7,77.4,2.924,7.87,1.4,1,Night,Medium,1269.2,7.82
M109109,6.5,456.7,54.7,4.15,6.24,1.7,1,Day,Medium,1168.3,5.52
M109110,9.2,400.5,67.6,3.587,7.22,1.3,1,Rotational,Low,1196.0,4.83
M109111,10.3,322.8,84.5,2.05,8.75,,1,Day,Low,1407.2,7.65
M109112,8.9,383.7,75.9,3.716,7.09,2.6,2,Night,Low,1219.5,9.28
M109113,5.8,480.1,67.3,1.741,8.58,0.6,0,Day,Low,1270.8,5.67
M109114,10.7,389.9,84.6,3.702,9.55,1.4,4,Day,High,1458.2,7.17
M109115,3.5,389.4,72.1,3.217,8.66,3.9,2,Night,Medium,1352.7,6.98
M109116,1.7,290.9,76.3,7.173,9.92,1.6,0,Day,Medium,1309.6,8.62
M109117,0.0,427.8,72.1,2.152,8.59,3.0,0,Day,Medium,1213.4,3.89
M109118,6.7,325.5,74.0,1.71,8.36,2.3,3,Night,Medium,1294.9,5.66
M109119,3.7,498.1,74.7,2.7,12.06,2.8,2,Rotational,Low,1466.2,6.71
M109120,8.6,357.6,82.3,4.502,9.45,2.0,1,Day,Low,1302.7,8.46
M109121,0.0,394.9,83.7,0.82,9.67,3.4,0,Day,High,1498.9,3.38
M109122,4.4,603.9,63.0,5.144,10.77,0.5,2,Night,Low,1407.9,10.62
M109123,8.9,393.9,71.9,2.991,10.82,0.0,1,Rotational,Low,1403.4,6.48
M109124,2.9,382.6,82.0,1.876,8.95,1.5,1,Night,Low,1401.9,8.82
M109125,8.6,469.8,66.6,2.762,11.07,1.1,2,Day,Low,1373.3,6.7
M109126,4.8,268.3,53.6,2.292,8.83,2.2,1,Day,Medium,1059.2,2.32
M109127,6.9,526.3,58.0,1.799,11.02,0.6,3,Day,High,1272.8,3.35
M109128,9.4,504.5,58.8,1.259,7.65,,0,Rotational,Medium,1299.9,4.32
M109129,10.8,464.6,63.0,4.784,9.04,1.0,1,Day,Medium,1177.1,6.18
M109130,7.4,132.9,59.8,2.51,9.83,3.0,5,Night,Low,974.8,5.67
M109131,3.7,398.0,79.3,2.73,10.04,2.3,1,Night,Low,1498.7,6.86
M109132,5.2,311.8,65.0,5.065,8.23,0.0,2,Rotational,Medium,1192.1,6.11
M109133,9.5,515.5,,3.414,7.03,2.5,3,Day,,1459.8,8.66
M109134,2.9,509.5,55.6,1.522,10.19,1.5,0,Night,High,1362.8,3.77
M109135,6.3,453.0,64.1,4.648,9.19,0.1,3,Night,Medium,1235.4,6.81
M109136,5.5,317.7,69.1,6.972,8.91,0.5,1,Rotational,Medium,1219.6,8.45
M109137,6.6,547.0,76.9,4.27,11.98,3.8,2,,Low,1547.9,8.67
M109138,3.0,397.7,80.6,,9.06,0.0,0,Night,Medium,1395.6,6.93
M109139,0.0,573.5,62.1,1.59,8.72,,0,Night,Low,1405.0,4.92
M109140,9.1,442.6,78.9,2.116,6.8,1.3,2,Day,Medium,1367.4,4.04
M109141,10.9,463.1,49.5,3.496,7.88,3.7,0,Day,High,1060.4,5.6
M109142,0.0,380.9,77.6,6.774,10.81,2.3,0,Rotational,High,1236.8,8.94
M109143,8.5,539.6,53.2,2.271,8.41,1.6,1,Rotational,Medium,1301.0,7.14
M109144,11.3,471.7,72.9,2.4,10.44,1.2,2,Day,Medium,1460.7,6.2
M109145,9.4,542.6,80.4,5.533,7.56,2.2,2,Day,Medium,1514.5,9.05
M109146,5.3,435.1,77.8,2.672,8.2,1.3,2,,Medium,1398.7,7.02
M109147,3.2,416.0,,7.822,8.16,1.0,2,Day,,1069.0,12.96
M109148,7.3,470.6,63.1,3.083,10.22,0.0,3,Night,Medium,1239.7,6.23
M109149,8.0,542.6,75.9,5.953,9.18,1.4,2,Day,Low,1492.5,10.89
M109150,7.4,506.4,75.6,4.02,7.83,1.9,1,Rotational,Low,1407.5,8.22
M109151,6.3,431.7,71.0,4.728,10.57,3.0,0,Rotational,High,1439.4,5.51
M109152,2.7,262.1,43.8,3.039,10.24,4.5,1,Night,Low,923.4,8.94
M109153,8.7,488.9,81.2,3.14,10.01,4.3,1,Day,Medium,1551.3,7.79
M109154,8.9,297.7,83.1,4.094,9.94,1.7,2,Night,Low,1335.6,11.81
M109155,7.8,423.0,69.8,4.948,8.22,0.6,1,Day,Medium,1302.9,7.95
M109156,7.4,410.2,70.5,4.319,11.39,2.4,3,Day,Medium,1291.2,8.02
M109157,13.7,299.5,73.5,1.372,9.35,3.0,1,Night,Medium,1139.3,4.14
M109158,4.5,451.7,84.1,3.777,9.9,0.0,1,Day,Low,1477.3,9.33
M109159,12.1,603.1,70.8,2.391,10.07,0.0,4,Day,Medium,1550.4,6.95
M109160,4.1,393.4,65.9,2.527,8.08,0.2,2,Day,Low,1224.7,4.58
M109161,11.4,485.1,72.2,4.173,12.34,6.6,3,Rotational,Low,1443.4,9.54
M109162,11.9,620.2,67.9,7.76,9.46,0.3,4,Rotational,Medium,1431.0,12.24
M109163,5.8,493.3,68.0,2.956,9.55,1.8,3,Night,Medium,1261.7,4.81
M109164,13.6,365.2,60.8,25.0,8.88,2.0,3,Day,Medium,1750.1,37.88
M109165,8.9,440.1,73.8,1.918,11.22,4.3,1,Day,Medium,1376.9,3.33
M109166,3.5,460.9,80.9,6.146,11.29,1.5,0,Rotational,Medium,1360.7,10.66
M109167,5.5,541.9,79.2,4.118,9.74,1.8,1,Day,,1516.6,5.06
M109168,11.5,523.2,78.5,3.685,7.3,1.0,0,Night,Medium,1481.4,8.62
M109169,10.7,184.6,67.4,6.63,9.25,3.6,2,Rotational,Medium,1220.5,8.76
M109170,2.8,347.2,69.6,2.415,9.4,1.7,0,Day,High,1321.6,3.3
M109171,6.4,414.0,81.1,6.289,8.82,1.1,2,Rotational,Medium,1426.1,10.7
M109172,7.8,333.7,77.5,2.992,8.03,1.0,2,Night,Medium,1266.6,7.51
M109173,5.0,120.0,84.3,2.408,7.17,2.5,2,Night,Low,1156.0,8.1
M109174,16.4,358.3,60.6,1.71,11.71,6.4,2,Day,Medium,1203.6,3.12
M109175,7.9,419.7,60.5,7.335,10.61,0.5,2,Day,High,1197.6,8.31
M109176,6.8,375.4,64.3,5.875,9.55,3.0,6,Day,High,1151.9,11.13
M109177,11.8,335.3,57.6,2.614,8.53,1.0,1,Day,Medium,960.5,4.19
M109178,5.5,423.5,53.5,4.361,10.04,0.0,5,Night,Medium,1178.4,9.92
M109179,11.0,449.2,73.2,3.537,9.81,2.7,2,Night,Medium,1395.0,8.49
M109180,0.3,380.2,72.4,2.783,8.9,1.6,1,Night,Medium,1363.9,4.96
M109181,5.2,536.6,70.7,5.378,10.08,1.3,0,Day,Low,1297.9,10.2
M109182,11.2,424.9,71.9,2.429,10.27,1.9,1,Day,High,1421.0,3.72
M109183,13.3,345.9,51.9,1.11,10.53,0.2,4,Rotational,Medium,1109.1,6.58
M109184,3.9,324.4,62.7,3.781,8.17,0.6,1,Day,High,1197.6,3.95
M109185,3.4,401.9,64.8,3.433,10.15,0.4,5,Day,High,1354.9,5.33
M109186,9.3,514.6,68.5,2.468,11.27,2.0,3,Day,Low,1320.2,6.1
M109187,4.5,350.0,51.9,2.125,9.94,1.5,0,Night,High,1111.6,5.37
M109188,5.9,470.6,57.8,1.522,12.81,1.1,0,Day,Low,1336.2,3.38
M109189,10.5,428.0,63.2,2.769,9.23,1.3,0,Day,Medium,1292.9,4.89
M109190,4.8,589.4,79.6,2.143,6.92,2.9,0,Night,Medium,1596.2,7.08
M109191,0.0,453.2,70.9,5.377,8.23,2.0,3,Day,Low,1312.9,11.37
M109192,1.8,360.7,79.2,4.298,8.5,0.1,0,Day,High,1290.6,6.66
M109193,7.0,482.6,66.7,2.606,10.34,1.7,2,Night,Low,1337.2,6.35
M109194,0.0,485.5,68.0,4.312,10.75,0.8,2,Day,High,1286.9,5.53
M109195,5.8,386.3,73.5,3.146,9.7,0.6,1,Day,Low,1457.0,7.85
M109196,1.4,321.1,66.1,2.902,9.94,3.0,1,Day,Medium,1297.8,3.23
M109197,13.6,465.6,61.1,3.23,12.37,,0,Rotational,Low,1325.0,6.36
M109198,15.7,425.4,51.6,8.05,8.25,0.7,5,Day,High,1118.2,14.52
M109199,2.8,291.1,61.4,4.581,9.39,3.1,0,Day,High,1047.9,3.8
M109200,8.0,441.6,77.2,2.86,8.82,3.6,1,Day,Medium,1350.2,4.74
M109201,3.2,365.9,,5.191,7.74,1.9,1,Day,Medium,1394.4,7.09
M109202,5.8,291.2,59.5,5.098,6.46,3.4,1,Day,High,1041.5,5.59
M109203,14.2,390.1,48.9,3.781,11.44,7.1,1,Day,Medium,1147.1,5.18
M109204,5.1,529.0,78.2,2.817,8.35,1.4,1,Night,High,1459.3,7.27
M109205,5.9,522.7,68.8,2.726,9.12,1.3,3,Rotational,Low,1429.9,7.62
M109206,3.2,500.5,53.2,1.939,10.15,0.1,2,Rotational,Low,1119.2,6.25
M109207,11.6,442.9,35.0,3.634,7.72,3.3,0,Rotational,Medium,960.2,13.73
M109208,0.0,470.6,57.4,2.447,8.25,2.8,0,Day,Medium,1316.0,3.4
M109209,5.2,428.4,62.9,2.669,9.47,0.7,2,Night,Low,1301.4,6.57
M109210,6.8,326.1,55.3,4.536,8.84,1.5,3,Day,Low,977.7,6.85
M109211,4.4,343.0,75.6,7.718,7.59,4.6,2,Day,Low,1274.2,10.04
M109212,10.5,368.4,59.1,4.003,10.41,1.8,2,Night,Low,1157.3,9.03
M109213,11.8,539.1,68.1,3.15,8.8,0.0,3,Day,High,1476.4,5.14
M109214,1.4,511.5,94.1,3.289,9.71,2.2,0,Rotational,High,1647.4,10.62
M109215,15.4,328.2,69.3,5.865,9.59,0.0,4,Night,Low,,11.52
M109216,1.3,424.5,66.7,4.03,10.95,0.0,1,Night,Medium,1453.5,8.97
M109217,12.2,385.8,67.0,3.658,10.03,2.4,3,Rotational,Medium,1296.6,7.8
M109218,7.6,406.8,75.4,3.79,8.21,3.3,2,Day,High,1336.1,6.94
M109219,5.0,374.4,74.0,1.625,11.24,0.4,1,Rotational,High,1439.3,3.03
M109220,5.4,539.5,57.0,4.036,8.79,3.6,0,Day,Low,1233.5,7.64
M109221,6.9,418.4,63.5,2.143,8.28,0.7,0,Day,Medium,1242.0,2.9
M109222,7.8,438.4,60.7,4.044,8.06,2.4,3,Rotational,High,1187.5,3.51
M109223,3.3,439.1,64.9,2.299,5.98,0.2,4,Rotational,High,1162.0,3.5
M109224,6.1,332.6,88.1,4.462,8.59,1.6,2,Night,Medium,1449.3,13.35
M109225,3.9,429.2,74.8,3.075,10.09,0.5,3,Day,Medium,1391.7,6.37
M109226,2.1,510.3,67.1,,7.46,0.5,1,Rotational,Low,1443.4,6.54
M109227,3.7,545.2,81.7,2.871,12.06,2.5,1,Rotational,High,1572.6,5.27
M109228,2.4,322.4,70.1,10.004,6.14,0.9,3,Day,Medium,1083.6,13.46
M109229,5.3,290.9,50.0,1.066,8.33,0.5,0,Day,Medium,968.3,3.6
M109230,8.7,425.3,86.3,3.608,7.27,1.6,1,Night,Medium,1459.3,8.35
M109231,7.5,514.3,66.3,2.003,10.88,2.6,2,Rotational,High,1387.4,4.99
M109232,14.9,450.6,43.2,6.609,10.48,5.9,0,Rotational,Medium,1138.8,13.3
M109233,0.0,477.8,50.4,,9.1,5.4,3,Day,Medium,1109.9,7.49
M109234,8.9,304.4,80.4,3.644,7.37,0.0,3,Night,Medium,1309.9,10.54
M109235,7.0,371.4,50.6,5.253,7.7,2.4,0,Day,Medium,974.2,6.32
M109236,10.3,233.3,82.8,3.752,9.87,4.3,0,Day,High,1194.5,5.39
M109237,9.9,407.9,68.9,3.33,8.49,1.7,2,Day,Medium,1162.5,5.17
M109238,6.3,236.0,75.9,2.461,8.66,1.0,2,Day,Medium,1275.2,4.15
M109239,7.7,533.3,65.2,2.772,9.39,0.0,1,Day,Low,1403.5,7.27
M109240,4.0,552.2,73.8,2.633,8.88,1.8,0,Day,Medium,1492.7,4.64
M109241,9.5,432.0,71.5,3.337,6.88,3.0,1,Night,Low,1255.9,6.72
M109242,0.0,291.4,67.6,1.289,7.5,1.7,1,Day,High,1174.1,1.19
M109243,10.1,451.9,56.3,5.556,7.54,2.4,1,Day,Medium,1111.6,7.27
M109244,6.9,578.0,71.9,8.788,8.41,1.0,6,Rotational,Medium,1399.3,14.51
M109245,5.1,460.4,48.0,2.675,9.64,3.9,1,Night,Medium,1143.8,8.23
M109246,6.1,520.7,78.2,5.974,9.57,0.0,3,Day,Low,1515.2,10.69
M109247,6.4,378.8,70.2,3.105,11.28,0.3,3,Day,Low,1277.3,6.94
M109248,12.2,345.9,73.1,2.457,7.39,0.0,0,Rotational,Medium,1289.3,4.64
M109249,19.9,414.0,39.2,2.743,9.96,4.2,1,Day,Medium,949.3,9.93
M109250,11.9,256.2,55.6,3.465,8.32,1.7,1,Night,Medium,996.2,7.14
M109251,4.7,612.4,62.4,2.315,12.46,0.3,1,Rotational,High,1525.4,6.01
M109252,9.5,431.9,75.4,4.496,9.34,4.7,3,Day,Low,1264.3,9.23
M109253,9.7,493.7,57.6,2.561,8.66,2.6,1,Day,Medium,1224.7,5.91
M109254,3.3,380.8,96.0,1.941,9.91,1.2,1,Night,Medium,1589.2,12.18
M109255,2.0,288.8,65.1,3.287,9.8,3.4,4,,Low,1173.4,4.91
M109256,6.7,541.2,56.8,2.347,8.93,1.3,0,Day,Medium,1299.3,3.86
M109257,10.2,324.5,65.9,2.819,10.39,1.5,1,Day,High,1153.4,3.59
M109258,0.6,449.7,57.5,3.231,11.77,0.0,2,Rotational,Medium,1246.8,8.11
M109259,4.1,457.7,55.0,1.699,10.88,2.0,3,Day,Medium,1288.8,4.57
M109260,9.3,426.3,79.1,6.886,9.28,3.0,4,Rotational,High,1504.5,13.3
M109261,7.2,353.3,73.6,,12.16,0.0,2,Day,,1288.0,7.05
M109262,12.7,407.3,73.7,2.423,10.22,0.0,0,Day,High,1342.3,4.0
M109263,1.4,339.2,82.0,3.289,7.85,0.0,1,Day,Medium,1219.7,6.49
M109264,16.4,488.8,73.4,4.563,9.58,4.3,2,Night,Medium,1419.2,8.48
M109265,0.8,468.6,56.3,3.685,9.17,,0,Night,Low,1229.8,7.55
M109266,0.0,418.2,,8.499,8.69,0.0,6,Night,Medium,1347.7,14.18
M109267,6.8,371.7,55.6,2.947,9.97,1.3,0,Day,Medium,,4.69
M109268,2.5,599.1,62.7,6.016,6.68,0.8,0,Day,Low,1213.3,9.46
M109269,6.8,309.3,67.5,,11.9,3.6,2,Rotational,Medium,1243.5,4.05
M109270,6.7,288.7,,1.84,10.42,6.0,1,Day,Low,1222.8,3.2
M109271,6.2,413.0,48.3,7.708,6.74,1.9,2,Rotational,Low,1135.1,14.38
M109272,3.6,398.1,57.4,2.675,10.4,1.3,1,Rotational,Medium,1201.5,5.14
M109273,8.7,513.3,67.8,1.852,10.16,5.0,2,Rotational,High,1423.6,3.0
M109274,5.7,474.9,61.3,3.242,11.7,2.5,0,Night,Medium,1235.8,5.29
M109275,11.4,422.5,80.4,6.246,12.09,4.4,0,Day,Low,1414.0,10.51
M109276,6.3,462.5,,2.267,12.34,1.9,0,Day,Medium,1647.2,4.68
M109277,3.1,461.0,55.7,3.252,9.08,0.0,1,Rotational,Low,1215.6,6.8
M109278,0.2,598.8,68.7,1.314,10.31,,0,Night,Medium,1484.4,3.37
M109279,6.3,441.5,85.4,2.626,8.78,4.8,3,Day,Low,1453.2,8.13
M109280,1.9,362.1,66.5,5.466,10.97,3.3,5,Rotational,Medium,1281.9,8.59
M109281,1.6,436.9,63.5,2.243,6.26,0.2,1,Night,,1099.4,4.23
M109282,9.1,197.4,77.5,1.758,7.59,1.8,0,Day,Low,1212.9,4.33
M109283,0.0,417.2,65.0,2.252,8.85,1.7,4,Night,Medium,1257.7,6.05
M109284,12.6,512.9,82.0,2.448,9.41,3.0,2,Rotational,Medium,1415.0,7.85
M109285,7.6,471.2,61.5,4.866,9.75,0.0,0,Day,Medium,1298.1,6.96
M109286,6.8,445.4,62.8,4.014,11.41,1.4,2,Day,Medium,1264.4,4.6
M109287,2.9,475.2,76.7,4.421,8.52,2.0,2,Rotational,Medium,1491.4,8.34
M109288,10.1,513.8,,3.368,7.56,2.5,1,Night,Low,1298.7,7.84
M109289,7.0,541.1,69.2,2.435,8.92,1.0,2,Rotational,Low,1393.2,8.25
M109290,4.3,458.0,47.0,2.252,8.59,0.0,1,Day,High,1097.2,5.53
M109291,7.8,393.1,64.1,4.121,10.33,3.2,1,Rotational,Medium,1296.5,6.54
M109292,0.3,223.4,77.5,7.349,11.79,1.2,3,Night,Medium,1371.9,11.43
M109293,0.5,503.1,59.4,2.074,11.65,1.6,0,Night,High,1346.3,3.59
M109294,2.5,463.8,75.7,1.996,11.13,2.6,1,Day,High,1492.3,2.44
M109295,8.4,433.0,70.9,1.882,8.65,0.0,2,Day,Medium,1268.3,1.8
M109296,7.0,361.5,65.8,5.032,9.26,0.0,1,Night,,1205.5,6.08
M109297,11.2,502.0,82.9,3.251,10.14,4.7,0,Rotational,Low,1553.6,9.66
M109298,3.3,398.1,64.3,4.383,8.34,2.7,3,Day,Medium,1200.5,5.95
M109299,9.3,417.1,65.0,2.575,8.48,5.6,2,Rotational,Medium,1288.8,5.26
M109300,6.5,415.2,65.7,4.523,10.06,2.9,1,,Medium,1241.5,7.12
M109301,3.2,458.2,68.9,2.875,7.45,0.0,1,Day,Medium,1280.8,3.99
M109302,8.5,322.4,76.4,1.533,11.14,2.6,2,,Medium,1276.6,4.66
M109303,6.7,467.8,51.8,5.267,8.9,1.1,1,Day,Medium,1211.6,6.9
M109304,4.5,358.7,77.5,3.261,10.31,1.1,0,Night,Low,1375.6,7.07
M109305,7.2,361.7,68.7,2.843,9.81,1.6,3,Rotational,Medium,1324.3,5.55
M109306,6.5,495.2,74.1,3.822,11.38,3.7,0,Night,Medium,1442.5,7.13
M109307,6.4,335.4,94.3,1.613,6.31,1.8,1,Day,Medium,1563.6,9.76
M109308,5.3,495.1,62.4,4.118,11.39,2.1,1,Day,Medium,1373.2,7.49
M109309,1.8,428.6,54.5,2.465,11.36,0.0,1,Night,Low,1254.1,8.72
M109310,7.3,279.9,70.1,3.071,9.92,2.5,1,Night,Medium,1258.3,5.73
M109311,3.8,536.0,71.9,5.869,10.28,1.7,2,Day,Medium,1458.7,8.52
M109312,2.9,446.4,77.6,4.577,10.39,2.3,2,Day,Medium,1439.5,8.82
M109313,6.0,453.5,62.1,3.04,8.15,3.4,0,Rotational,Low,1227.4,5.32
M109314,9.9,505.6,71.0,9.258,9.58,5.7,2,Night,Medium,1873.4,14.54
M109315,7.7,547.4,51.1,0.923,10.84,0.2,1,Day,Medium,1252.3,3.8
M109316,4.9,437.1,53.0,2.201,6.82,1.5,1,Day,Low,1110.1,6.09
M109317,4.7,472.5,63.4,3.609,10.21,2.0,3,Day,Low,1365.0,9.34
M109318,9.5,451.6,66.7,2.266,9.63,1.7,1,Night,,1353.2,7.64
M109319,0.0,390.9,90.7,1.71,10.44,2.4,2,Night,High,1376.0,8.88
M109320,10.2,285.4,49.4,4.221,7.59,1.9,1,Night,Medium,944.7,9.47
M109321,0.0,438.3,71.7,6.38,8.38,0.8,3,Rotational,Low,1273.5,8.89
M109322,1.3,537.2,60.0,2.315,7.41,0.9,2,Night,High,1255.3,5.63
M109323,4.9,469.6,70.5,5.142,7.39,0.0,1,Day,Medium,1371.7,7.47
M109324,15.7,329.3,61.9,4.77,10.75,1.2,2,Rotational,Medium,1326.2,9.01
M109325,13.7,513.3,79.4,2.037,8.62,2.0,3,Night,High,1418.2,7.47
M109326,9.8,393.7,79.3,2.307,8.51,0.4,2,Day,Medium,1318.1,4.96
M109327,8.4,242.2,,8.179,11.14,0.7,3,Night,Medium,1174.2,14.58
M109328,0.0,506.5,83.8,1.899,8.98,1.2,2,Day,Medium,1531.9,6.35
M109329,7.6,339.6,76.4,2.449,10.95,0.0,1,Rotational,High,1285.7,6.15
M109330,4.8,571.4,83.3,8.872,7.93,1.0,2,Rotational,High,1590.0,14.56
M109331,3.7,517.6,67.5,2.498,8.98,0.0,0,Day,Medium,1313.8,3.31
M109332,7.6,400.6,78.5,6.531,8.14,0.8,1,,High,1257.5,9.1
M109333,5.1,459.0,59.5,1.992,10.32,0.1,0,Night,Medium,1200.9,3.99
M109334,10.5,626.0,58.4,3.558,9.19,0.7,1,Rotational,Medium,1425.4,7.91
M109335,0.0,505.0,92.0,5.714,10.6,2.3,1,Day,High,1627.7,11.5
M109336,7.3,440.2,56.1,2.628,9.73,0.3,3,Night,Low,1070.9,9.12
M109337,3.5,665.6,63.2,3.49,6.58,0.0,2,Rotational,High,1422.9,5.16
M109338,5.4,430.0,47.1,4.817,9.1,0.7,3,Night,Medium,1092.2,11.78
M109339,8.2,469.5,58.7,2.115,7.2,1.5,0,Day,Medium,1259.5,3.62
M109340,2.5,340.4,57.1,10.177,10.02,0.0,3,Night,High,1135.6,14.62
M109341,7.7,277.6,60.6,5.578,10.33,1.4,4,Day,Medium,1128.1,8.7
M109342,6.2,395.5,71.3,2.777,10.49,0.0,0,Night,Medium,1312.1,6.67
M109343,4.4,423.3,74.0,2.952,9.32,4.3,0,Day,High,1323.9,3.44
M109344,5.1,448.0,56.9,8.635,7.05,0.0,1,Day,High,1089.7,13.02
M109345,6.4,299.3,59.3,2.78,9.81,2.3,1,Rotational,Medium,1037.9,3.04
M109346,3.9,476.2,79.9,2.622,10.11,1.8,1,Day,Low,1502.4,6.14
M109347,7.0,349.4,86.8,5.889,9.23,1.9,3,Rotational,Medium,1353.1,11.78
M109348,5.9,471.7,81.8,1.648,9.63,1.4,1,Day,Low,1469.1,7.22
M109349,4.6,499.5,49.9,3.193,6.67,0.5,2,Day,Low,1213.2,6.86
M109350,13.4,386.4,81.1,3.463,9.6,0.0,0,Rotational,Medium,1447.0,6.86
M109351,8.7,338.1,88.4,2.335,9.34,0.6,1,Night,Medium,1443.5,9.85
M109352,5.5,551.2,49.3,1.518,7.68,0.9,0,Day,Medium,1205.6,4.83
M109353,7.6,494.2,79.9,3.437,10.29,2.8,3,Rotational,Medium,1463.1,6.25
M109354,2.9,432.9,70.5,4.684,8.76,3.0,0,Day,Medium,1263.7,5.99
M109355,5.3,544.8,64.4,,9.84,1.7,1,Rotational,Low,1430.2,5.83
M109356,5.7,427.1,69.2,1.841,10.23,2.3,1,Day,Medium,1377.8,2.21
M109357,2.0,367.3,72.9,6.222,9.99,2.4,1,Day,High,1202.2,6.98
M109358,8.5,334.9,80.7,4.323,7.49,2.2,1,Rotational,Medium,1294.0,5.13
M109359,5.0,410.8,80.2,2.771,8.92,2.7,1,Day,High,1350.3,3.85
M109360,5.6,485.6,51.4,5.262,12.69,0.5,0,Rotational,Medium,,10.85
M109361,4.7,538.1,60.9,3.747,11.59,1.8,2,Night,High,1322.7,7.32
M109362,18.8,422.0,69.0,8.122,10.75,5.8,3,Day,Medium,1394.7,11.09
M109363,4.3,523.1,85.3,4.628,9.91,2.9,0,Night,High,1493.8,10.02
M109364,0.0,401.8,38.0,1.657,8.02,0.0,0,Day,High,832.1,6.42
M109365,0.6,353.6,61.3,2.388,9.26,1.5,2,Day,Low,1130.2,6.2
M109366,10.0,309.0,51.2,2.446,8.87,2.1,1,Day,High,1127.5,4.11
M109367,12.3,377.0,52.9,3.876,9.37,3.0,2,Day,High,1166.5,5.71
M109368,4.3,312.2,78.8,2.853,7.33,3.0,0,Night,Low,1341.7,7.34
M109369,12.1,590.8,62.1,1.89,10.93,0.0,4,Day,Medium,1493.3,5.74
M109370,10.0,457.3,42.3,4.457,5.5,1.8,4,Day,High,956.6,10.31
M109371,6.2,411.9,,5.474,10.79,0.0,5,Day,Low,1299.3,11.7
M109372,6.0,566.4,90.4,3.154,10.81,0.7,0,Day,Medium,1666.7,10.38
M109373,7.7,309.3,48.1,3.687,12.99,2.0,5,Rotational,Low,1005.5,9.54
M109374,10.5,408.3,73.9,2.047,9.13,2.5,1,Day,Medium,1268.6,3.94
M109375,8.6,590.0,85.2,2.557,8.72,6.1,2,Day,Medium,1643.1,8.61
M109376,4.3,407.8,67.5,2.61,9.68,0.0,1,Night,Low,1241.5,7.97
M109377,6.3,628.0,89.2,4.39,10.34,1.3,3,Night,Low,1720.1,13.34
M109378,14.9,486.8,60.7,3.774,9.36,1.8,1,Day,Low,1215.4,7.38
M109379,8.0,531.0,83.9,2.816,7.73,0.9,1,Day,High,1488.5,5.36
M109380,10.5,533.5,81.3,2.76,10.34,3.1,1,Rotational,Medium,1583.7,7.56
M109381,9.2,420.1,67.6,1.241,9.5,2.5,0,Day,Medium,1191.6,2.0
M109382,8.1,378.5,51.6,7.411,7.99,,2,Night,Low,1054.6,12.07
M109383,7.4,410.2,57.0,1.17,7.06,0.8,0,Night,Medium,1151.3,5.44
M109384,10.6,336.1,42.2,4.1,13.2,5.4,1,Night,Low,1052.6,12.67
M109385,9.9,414.4,74.5,3.383,10.75,2.6,1,Day,Medium,,4.72
M109386,8.1,419.6,73.2,2.907,10.34,2.5,3,Rotational,Medium,1370.7,6.55
M109387,4.2,563.6,68.9,3.307,9.33,2.1,1,Day,Medium,1347.6,4.97
M109388,8.5,470.4,66.7,2.383,10.53,6.0,0,Day,Medium,1343.0,2.79
M109389,6.7,620.8,82.9,4.602,7.92,2.0,3,Day,Low,1528.5,12.18
M109390,5.8,236.4,71.3,1.722,9.8,0.9,1,Rotational,Medium,1127.5,3.8
M109391,17.7,316.6,61.9,3.911,9.86,3.7,5,Rotational,Medium,1262.7,7.33
M109392,0.8,389.8,69.6,2.366,7.96,0.0,2,Rotational,Medium,1315.4,6.88
M109393,10.8,546.9,90.5,2.682,9.34,0.0,2,Day,High,1658.2,9.59
M109394,3.5,410.7,74.8,2.718,8.88,1.2,0,Day,Medium,1362.5,4.21
M109395,7.5,295.2,63.7,3.057,8.35,1.4,1,Night,Medium,1137.5,3.82
M109396,17.3,399.2,67.5,4.268,8.69,1.4,4,Rotational,Medium,1249.9,10.7
M109397,3.2,318.2,73.1,3.261,6.94,0.4,2,Rotational,Low,1177.3,5.82
M109398,4.1,301.5,63.4,5.294,11.09,1.0,1,Day,Low,1146.8,8.96
M109399,6.9,589.9,62.4,5.598,11.84,4.1,1,Rotational,Low,1454.8,8.3
M109400,3.6,390.1,67.9,3.874,8.11,1.3,2,Day,Medium,1160.4,5.33
M109401,10.5,434.7,,4.671,11.16,0.0,2,Day,Medium,1525.1,10.85
M109402,4.9,412.1,76.7,9.138,9.45,2.5,4,Day,High,1446.9,16.32
M109403,9.6,398.6,63.5,1.638,9.48,2.0,1,Night,Medium,1268.0,3.96
M109404,1.7,348.5,77.6,5.686,7.56,0.4,0,Day,Medium,1287.0,9.45
M109405,0.0,393.6,68.1,7.188,8.66,3.6,0,Night,Low,1156.9,9.95
M109406,6.1,448.7,71.8,4.124,10.3,0.3,2,Day,Low,1349.8,8.11
M109407,0.7,540.6,70.8,8.602,8.04,,2,Day,High,1536.9,9.55
M109408,13.1,500.5,44.8,8.06,8.39,1.8,5,Rotational,Low,1119.5,17.86
M109409,0.9,316.4,35.0,2.805,8.74,0.0,1,Rotational,Low,798.5,13.29
M109410,2.8,504.0,70.5,2.915,5.5,0.1,1,Night,,1302.1,7.14
M109411,8.7,460.4,58.6,4.329,9.99,3.5,0,Day,Medium,1268.8,6.44
M109412,4.7,366.9,50.0,2.43,10.46,0.8,0,Rotational,Low,1091.8,6.91
M109413,0.9,435.5,59.0,,10.05,2.3,1,Day,Low,1247.0,16.36
M109414,15.2,468.6,78.2,4.925,10.91,1.1,5,Day,High,1429.8,10.35
M109415,3.0,424.0,,3.398,8.83,1.7,2,Day,High,1426.8,5.72
M109416,6.2,460.8,76.5,1.64,12.22,4.6,1,Day,Medium,1472.6,2.82
M109417,6.2,346.6,73.0,3.766,8.23,0.8,2,Night,Low,1245.4,8.39
M109418,9.8,589.4,57.9,1.835,9.16,1.9,1,Day,Low,1316.9,5.22
M109419,8.8,256.0,76.5,4.855,9.02,0.8,2,Night,High,1314.1,8.21
M109420,3.7,469.1,74.4,0.95,9.78,1.4,1,Rotational,Medium,1390.6,3.58
M109421,5.7,451.2,66.7,6.632,9.14,2.9,2,Day,High,1253.2,7.93
M109422,6.1,474.7,68.6,,9.35,1.0,2,Day,Medium,1390.0,5.68
M109423,10.0,359.8,76.7,1.425,8.48,2.9,2,Night,Medium,,4.19
M109424,2.3,519.4,59.8,3.293,8.84,2.7,0,Night,High,1201.7,4.43
M109425,15.1,410.8,80.0,,6.15,3.9,2,,Medium,1305.3,8.43
M109426,4.0,319.2,74.2,3.215,10.7,4.5,3,Day,High,1284.7,3.0
M109427,7.0,326.9,68.0,6.618,7.97,2.2,3,Day,High,1254.8,8.36
M109428,2.4,430.6,84.8,4.017,8.76,1.7,3,Rotational,Medium,1381.0,8.54
M109429,1.8,284.3,53.8,4.943,7.91,3.2,1,Day,High,978.9,5.72
M109430,3.5,573.0,62.9,2.932,10.35,0.0,1,Day,High,1373.2,3.97
M109431,3.1,509.2,60.5,4.11,8.68,1.0,0,Night,Low,1207.3,7.52
M109432,5.3,575.3,71.9,1.726,5.84,1.3,1,Day,Low,1330.0,4.29
M109433,3.1,566.3,81.0,3.777,9.92,1.3,0,Rotational,Medium,1597.9,8.29
M109434,9.8,390.1,57.2,2.273,8.38,2.4,2,Night,Medium,1234.8,7.61
M109435,3.9,346.1,104.4,6.423,9.46,2.6,3,Rotational,Medium,1634.0,22.35
M109436,3.4,192.4,60.7,3.448,10.75,1.4,1,Rotational,Low,1133.2,6.43
M109437,5.4,385.5,,4.625,8.02,3.1,2,Day,Medium,1093.1,5.92
M109438,11.0,570.1,68.0,3.785,9.42,1.3,1,Night,Medium,1414.7,7.65
M109439,7.9,349.6,68.5,8.192,8.34,0.6,3,Day,Medium,1202.5,9.9
M109440,6.6,402.2,59.3,1.522,10.98,2.3,1,Day,High,1293.2,1.44
M109441,1.3,372.9,79.7,3.136,9.62,1.9,2,Night,High,1512.9,7.01
M109442,2.4,451.9,58.6,2.054,9.47,1.5,2,Rotational,Low,1255.7,4.94
M109443,1.9,529.3,48.5,,7.64,1.9,0,Day,Medium,1137.3,4.53
M109444,12.2,289.2,55.7,1.989,10.63,2.8,0,Rotational,Low,1045.3,4.59
M109445,9.1,305.4,83.9,5.966,10.82,1.5,2,Day,,1371.9,9.3
M109446,3.6,546.4,81.8,3.27,8.35,0.1,0,Day,Low,1437.1,7.5
M109447,4.7,482.3,45.9,2.975,9.73,0.3,2,Rotational,Low,1049.2,8.0
M109448,3.7,398.0,77.0,,10.38,0.4,3,Day,Low,1404.0,9.86
M109449,3.5,565.1,46.2,3.517,12.83,3.1,4,Rotational,Medium,1275.5,9.55
M109450,8.8,304.0,67.7,4.512,10.09,5.2,3,Night,Medium,1169.8,8.11
M109451,5.8,499.2,54.7,3.902,9.5,2.8,3,Rotational,,1308.6,9.18
M109452,15.3,414.2,77.8,4.355,9.27,4.5,4,Night,Medium,1577.8,10.13
M109453,12.0,471.6,74.1,2.652,9.36,2.5,1,Day,Medium,1368.6,5.73
M109454,12.2,217.1,78.8,5.604,10.65,0.0,4,Rotational,Low,1192.5,12.5
M109455,9.7,397.8,64.8,1.811,8.18,2.2,1,Night,Medium,1284.1,6.11
M109456,5.3,482.6,65.9,3.18,10.9,2.2,1,Day,Medium,1298.9,3.84
M109457,9.4,414.6,51.5,5.746,7.19,2.0,3,Day,High,1011.2,8.26
M109458,5.6,526.7,56.7,3.074,10.5,1.6,1,Day,High,1337.7,3.83
M109459,13.5,523.9,78.4,2.677,10.92,2.4,2,Day,Medium,1569.3,6.54
M109460,8.6,338.5,72.0,10.425,10.71,3.4,8,Day,Medium,1289.7,14.66
M109461,8.0,490.0,69.1,6.748,9.91,0.5,4,Rotational,Medium,1375.5,9.72
M109462,7.5,335.6,81.9,3.564,10.09,3.2,4,Rotational,Medium,1483.2,7.77
M109463,14.0,424.6,53.7,2.044,8.9,1.1,1,Day,Medium,1128.9,4.26
M109464,1.3,475.8,75.9,1.2,7.81,3.4,1,Day,Medium,1456.3,2.71
M109465,14.4,349.0,55.0,,9.87,2.7,2,Day,Low,1132.8,6.65
M109466,6.3,486.9,84.3,6.252,9.6,1.2,1,Day,,1617.5,13.65
M109467,1.4,377.0,74.0,4.047,10.89,2.0,1,Night,Low,1296.8,7.42
M109468,4.0,370.6,96.9,4.757,9.29,2.1,1,Day,Low,1670.4,16.19
M109469,0.4,480.1,60.3,3.597,9.74,1.2,0,Day,Low,1233.7,6.82
M109470,9.6,348.9,92.0,2.603,9.93,0.8,3,Day,Medium,1414.0,10.62
M109471,2.8,344.6,90.0,3.6,10.36,1.4,2,Night,Medium,1559.3,10.36
M109472,7.7,508.5,72.7,8.773,10.92,2.1,3,Rotational,Medium,1458.7,15.06
M109473,11.5,429.2,80.9,4.927,8.07,,4,Rotational,High,1338.8,10.47
M109474,4.3,296.4,64.7,4.428,10.55,1.5,1,Day,Low,1166.3,7.3
M109475,5.9,492.7,54.0,3.246,9.23,2.4,2,Day,Low,1104.5,8.07
M109476,1.8,385.4,76.8,4.085,10.46,1.4,2,Day,Medium,1367.8,7.06
M109477,5.4,300.7,57.9,2.313,11.72,1.1,0,Day,Medium,1184.4,3.77
M109478,17.3,206.9,82.4,4.382,6.34,1.9,5,Day,Medium,1263.1,10.49
M109479,10.1,496.8,79.5,3.014,11.32,5.0,2,Night,High,1350.0,6.2
M109480,5.9,346.9,70.6,2.201,9.32,2.7,0,Day,Medium,1215.4,2.88
M109481,4.6,314.3,70.0,4.99,8.22,0.1,0,Rotational,Medium,1220.0,5.4
M109482,6.8,474.3,78.9,1.088,8.84,2.1,0,Day,Low,1463.1,6.2
M109483,7.5,488.5,71.0,2.529,7.95,0.6,0,Rotational,High,1310.7,4.38
M109484,5.3,353.1,63.6,4.512,10.26,0.5,3,Rotational,High,1217.3,4.79
M109485,9.1,497.6,51.3,6.124,7.95,0.0,0,Day,Medium,1135.5,7.23
M109486,3.2,594.7,,4.203,11.31,1.0,1,Night,Medium,1605.7,9.27
M109487,3.2,534.5,72.0,2.373,10.54,1.8,2,Night,Low,1548.6,7.23
M109488,8.5,521.2,98.3,3.237,9.84,1.3,1,Day,Medium,1751.0,13.56
M109489,2.3,446.7,66.9,3.841,6.45,1.5,0,Day,Medium,1166.4,5.03
M109490,9.9,382.3,71.3,7.245,7.52,1.3,2,Night,High,1189.6,11.77
M109491,6.9,415.2,71.6,5.261,9.38,0.5,3,,Low,1363.6,12.18
M109492,0.0,457.5,75.2,5.28,9.46,0.3,2,Day,High,1314.4,8.6
M109493,7.4,313.1,57.4,3.431,10.91,1.4,3,Rotational,High,1148.3,5.34
M109494,0.3,354.6,67.2,1.944,5.5,2.3,0,Rotational,Medium,1172.2,4.27
M109495,9.8,298.6,77.1,1.644,8.36,1.7,1,Night,High,1217.8,4.11
M109496,6.0,440.0,64.3,2.856,10.76,1.6,3,Night,Low,1301.8,7.96
M109497,14.4,427.1,76.7,4.71,8.99,0.3,0,Night,Medium,1431.1,9.62
M109498,11.3,364.5,69.1,2.583,8.8,2.0,3,Day,,1391.8,4.49
M109499,2.8,489.7,72.4,4.42,7.08,1.2,1,Day,Medium,1380.4,5.3
M109500,0.0,331.2,80.7,2.231,11.09,2.8,2,Day,Medium,1391.5,5.69
M109501,4.0,361.4,65.5,2.41,8.77,0.5,2,Day,Medium,1122.7,4.48
M109502,2.1,486.3,52.0,6.713,11.14,0.0,5,Day,Low,1108.5,10.87
M109503,14.3,498.9,65.1,4.872,11.7,5.2,1,Day,High,1370.5,5.64
M109504,7.0,352.4,70.7,9.349,11.48,1.1,0,Day,Medium,1679.0,11.58
M109505,10.7,439.7,44.6,2.192,9.45,0.0,1,Day,Medium,1102.3,9.09
M109506,5.9,353.8,66.8,5.336,8.77,1.3,2,Rotational,Medium,1253.6,8.17
M109507,6.3,403.2,70.2,5.146,8.67,0.0,2,Rotational,High,1301.0,6.74
M109508,6.9,432.2,79.2,4.57,12.45,1.3,3,Day,Medium,1525.5,7.89
M109509,11.4,467.6,55.5,3.038,9.18,1.2,1,Day,Medium,1187.1,6.49
M109510,8.2,447.0,69.0,1.921,11.08,3.9,1,Day,Low,1424.6,4.7
M109511,2.8,443.2,80.4,3.296,10.22,2.0,3,Day,High,1526.5,6.16
M109512,13.5,328.3,61.7,6.711,8.88,2.0,1,Night,Medium,1155.3,10.94
M109513,5.8,453.0,73.9,2.107,9.12,0.6,1,Rotational,Low,1381.0,6.37
M109514,5.2,466.8,85.6,3.4,11.28,0.9,2,Day,Low,1434.1,11.21
M109515,0.0,478.6,47.5,7.522,9.55,2.0,2,Rotational,Medium,1137.4,12.58
M109516,9.5,358.8,71.0,2.852,8.82,5.1,0,Rotational,,1246.2,2.32
M109517,7.4,497.8,80.8,3.115,8.29,2.3,2,Day,Medium,1475.8,6.73
M109518,7.4,308.0,64.1,1.69,9.98,3.0,2,Night,High,1254.6,3.31
M109519,5.4,383.4,83.3,4.534,8.73,0.0,5,Day,High,1390.7,9.39
M109520,4.7,396.6,75.0,2.293,10.39,2.9,2,Night,Medium,1531.6,6.09
M109521,5.5,312.7,87.5,1.526,13.32,0.2,2,Day,Low,1489.3,8.57
M109522,8.9,395.3,74.4,2.061,10.28,,1,Day,Low,1407.4,4.99
M109523,9.6,438.8,88.4,3.685,12.21,1.0,2,Day,High,1583.7,7.7
M109524,6.1,264.8,71.3,1.507,8.43,0.0,1,,Medium,1073.1,2.16
M109525,10.8,386.5,53.0,1.66,10.53,7.4,1,Day,Medium,1144.8,3.9
M109526,6.7,271.4,61.1,4.391,11.38,1.4,1,Rotational,Medium,1091.9,3.73
M109527,5.0,593.5,79.2,3.202,11.57,0.8,1,Day,Medium,1682.0,7.15
M109528,7.8,438.1,79.0,2.102,11.42,2.2,2,Day,Medium,1457.5,5.85
M109529,1.6,430.7,64.6,2.827,9.52,0.8,0,Day,Low,1209.2,5.4
M109530,7.9,439.7,87.8,7.918,10.83,5.0,4,Rotational,Medium,1611.1,16.25
M109531,0.8,471.4,64.1,6.302,7.97,1.2,0,Rotational,Medium,1313.8,8.26
M109532,2.9,503.1,73.1,3.146,11.91,1.7,1,Day,Low,1577.3,5.12
M109533,0.0,287.1,72.8,4.993,8.07,1.5,4,Rotational,Medium,1242.2,7.04
M109534,6.3,531.4,53.4,3.527,11.38,2.1,0,Rotational,Low,1317.6,9.04
M109535,13.4,525.9,66.8,1.367,11.07,0.0,3,Day,,1434.2,6.33
M109536,6.5,414.4,94.2,1.25,11.06,4.6,2,Day,High,1619.3,7.49
M109537,9.6,409.9,57.9,2.107,12.6,1.4,3,Night,Medium,1162.0,5.41
M109538,16.4,156.3,74.9,1.51,11.08,4.2,0,Day,High,1103.5,2.93
M109539,8.6,314.3,55.3,3.803,7.51,3.8,2,Day,Medium,1015.4,4.37
M109540,3.9,464.1,57.7,2.522,10.38,0.8,0,Night,High,1242.8,4.6
M109541,4.5,522.1,52.4,4.107,6.67,0.0,1,Night,High,1094.4,8.02
M109542,7.0,482.0,78.4,4.139,9.36,1.9,3,Day,High,1281.2,7.95
M109543,4.5,413.6,58.4,4.688,8.87,2.2,4,Day,Medium,1177.8,8.41
M109544,4.8,583.7,81.9,2.085,10.46,0.0,2,Day,High,1590.6,6.46
M109545,10.9,505.4,62.2,4.297,8.27,1.2,2,Night,High,1214.4,7.39
M109546,11.1,386.5,69.4,2.059,8.31,1.7,1,Day,Medium,1188.5,4.15
M109547,0.4,605.5,72.5,4.738,10.25,2.8,0,Day,Medium,1493.0,9.48
M109548,3.7,326.8,50.2,6.119,11.26,,4,Day,Low,975.0,15.51
M109549,5.1,294.9,70.2,4.766,9.5,0.0,3,Day,High,1341.3,6.54
M109550,9.4,384.2,71.8,3.039,12.98,0.6,1,Night,High,1392.6,5.09
M109551,11.6,355.5,80.5,4.408,8.99,2.1,1,Day,Medium,1297.5,7.72
M109552,17.8,389.0,57.4,1.542,10.52,5.6,1,Night,High,1292.0,4.46
M109553,5.1,487.8,59.0,1.378,10.01,1.6,1,Day,Medium,1286.0,2.62
M109554,5.3,417.1,75.3,4.193,8.99,0.5,2,Day,Medium,1269.1,7.64
M109555,9.4,419.3,83.5,6.384,11.47,2.6,2,Day,Low,1402.6,12.66
M109556,4.3,425.0,61.5,1.794,8.16,1.8,0,Rotational,Low,1276.4,3.56
M109557,6.4,223.5,54.4,3.345,6.39,3.3,2,Day,Medium,878.5,5.21
M109558,5.3,291.2,64.5,4.135,9.31,,1,Day,Medium,1061.6,4.1
M109559,0.0,387.2,56.9,2.442,9.11,1.3,1,Night,High,1088.7,5.26
M109560,7.5,348.4,72.4,2.802,11.09,4.3,2,Night,Medium,1246.1,5.54
M109561,6.3,400.3,56.1,4.511,7.63,,1,Night,Medium,1165.7,6.44
M109562,12.1,539.4,78.7,3.505,10.29,0.0,3,Night,Medium,1518.7,9.16
M109563,7.0,413.7,70.3,3.512,10.1,2.5,3,Night,Medium,1309.4,7.3
M109564,2.0,307.6,79.0,2.032,9.98,,2,Day,High,1374.0,2.08
M109565,6.0,352.6,41.3,,11.07,0.2,1,Night,Low,953.6,12.33
M109566,0.0,565.4,48.7,2.721,9.46,0.9,2,Day,High,1227.1,5.12
M109567,2.2,550.3,82.2,2.795,9.58,1.9,1,Day,High,1627.1,6.37
M109568,9.5,470.6,60.1,2.533,10.18,0.0,1,Day,Medium,1256.5,6.32
M109569,6.0,287.2,51.9,3.275,9.35,0.2,1,Night,High,951.7,7.24
M109570,10.7,446.1,65.8,2.151,7.47,2.0,2,Rotational,Medium,1154.6,4.74
M109571,0.0,452.6,70.7,3.34,8.88,0.4,2,Rotational,Low,1314.9,8.1
M109572,6.0,422.2,66.3,2.766,9.11,1.4,1,Rotational,Low,1353.0,6.5
M109573,5.1,371.5,,2.083,8.66,0.0,0,Day,Medium,1198.0,3.7
M109574,10.8,389.2,71.7,1.253,9.03,2.2,0,Day,Medium,1288.3,5.0
M109575,9.7,365.6,71.1,5.332,9.77,2.4,2,Day,Low,,9.63
M109576,9.6,322.7,82.8,4.822,9.09,2.0,2,Day,Low,1383.7,9.52
M109577,13.2,536.1,67.8,2.22,10.78,0.7,1,Night,High,1378.6,5.39
M109578,5.5,495.0,67.5,4.668,10.8,1.6,0,Night,Low,1436.5,9.29
M109579,12.3,395.8,76.8,1.989,5.93,0.0,3,Day,Low,1305.7,7.36
M109580,2.8,449.9,,2.847,7.35,1.5,0,Day,Medium,1285.1,4.43
M109581,2.7,453.1,58.1,2.547,5.89,4.5,1,Rotational,Medium,1095.2,4.66
M109582,10.0,619.1,67.0,2.89,9.09,1.9,1,Night,Low,1468.8,7.75
M109583,1.0,494.2,72.8,4.586,9.0,1.9,2,Night,Low,1356.0,9.8
M109584,9.3,491.0,61.5,2.716,9.73,2.6,1,Day,High,1287.3,5.09
M109585,7.4,423.2,,2.802,10.76,0.0,3,Night,High,1405.2,6.18
M109586,11.3,383.1,52.7,4.814,9.44,0.0,1,Day,High,1034.3,7.1
M109587,6.8,537.5,36.3,3.424,8.6,0.5,1,Day,Medium,1190.7,13.3
M109588,7.2,475.4,63.9,2.47,9.49,2.0,3,Night,Medium,1371.1,7.12
M109589,9.0,349.5,69.4,3.745,8.76,3.2,2,Rotational,Low,1208.7,6.85
M109590,4.3,458.6,56.0,5.454,7.28,1.2,0,Rotational,Medium,1114.1,6.93
M109591,4.2,491.2,83.2,5.629,10.94,0.4,2,Day,Medium,1511.5,8.88
M109592,8.9,241.9,56.5,1.712,10.14,4.0,3,,Medium,1171.8,4.14
M109593,6.9,341.6,78.0,1.755,11.67,0.0,0,Night,Medium,1326.9,7.76
M109594,5.4,450.8,72.6,5.471,7.64,2.3,0,Night,High,1258.0,7.45
M109595,6.7,256.4,91.9,2.876,7.08,1.5,3,Rotational,High,1295.6,7.24
M109596,13.4,269.9,73.9,1.105,8.1,0.0,0,Day,Low,1123.1,5.13
M109597,5.2,397.0,52.1,2.305,10.1,6.8,1,Night,Medium,1125.6,5.68
M109598,5.1,461.8,79.6,2.666,10.79,0.6,3,Rotational,Medium,1464.9,7.2
M109599,0.2,465.7,86.7,2.84,9.93,0.0,0,Night,Medium,1494.3,8.16
M109600,6.8,554.5,48.5,4.867,9.72,1.1,4,Day,Medium,1193.9,11.83
M109601,9.6,427.0,75.0,2.086,10.78,5.2,0,Rotational,Medium,1405.9,4.26
M109602,10.3,388.3,77.5,5.3,8.81,0.5,0,Day,Medium,1414.5,9.12
M109603,7.4,308.9,65.7,3.829,11.08,1.3,1,Day,Medium,1146.0,4.9
M109604,10.8,387.3,41.4,1.745,12.48,1.2,0,Day,Medium,1135.3,8.9
M109605,9.9,480.1,64.7,2.83,7.91,0.8,1,Day,High,1354.9,3.96
M109606,11.5,484.0,61.6,4.252,9.12,0.2,1,Night,Low,1317.2,8.58
M109607,10.9,442.5,84.8,3.386,7.42,0.0,2,Rotational,Medium,1527.1,10.1
M109608,13.3,466.5,67.0,4.013,8.05,5.2,4,Night,Medium,1358.4,8.06
M109609,6.3,528.5,63.5,2.475,10.09,0.0,1,Night,Medium,1275.7,5.09
M109610,1.7,426.4,61.5,4.381,6.97,1.0,1,Rotational,Low,1065.0,6.77
M109611,9.7,536.2,71.6,2.72,8.33,2.8,2,Day,Low,1339.5,6.49
M109612,10.1,358.2,68.6,11.859,11.08,1.6,2,Rotational,Low,1316.8,20.4
M109613,13.3,413.8,59.3,1.716,9.84,4.9,0,Night,Medium,1209.4,3.97
M109614,12.1,379.1,70.9,12.0,10.65,4.5,7,Day,Medium,1323.0,20.04
M109615,14.8,487.4,61.9,2.064,7.56,2.0,0,Day,Medium,1291.1,3.75
M109616,9.5,333.8,39.5,6.269,9.6,5.4,3,Rotational,High,862.8,14.62
M109617,7.9,392.6,96.1,13.138,12.33,1.5,4,Night,Low,1819.6,32.88
M109618,1.5,261.9,74.3,2.107,8.51,2.8,1,Night,Medium,1076.6,4.73
M109619,8.2,470.5,70.2,4.481,8.77,0.3,2,Day,Medium,1456.3,6.4
M109620,4.8,526.0,63.1,2.591,10.37,0.0,2,Rotational,Medium,1381.0,5.08
M109621,7.8,497.4,67.2,3.809,8.15,1.5,1,Day,Medium,1372.7,6.66
M109622,7.2,489.1,77.0,3.575,10.58,1.8,3,Day,Medium,1453.8,6.13
M109623,8.9,491.3,61.1,2.788,6.81,2.7,1,Day,High,1279.3,2.01
M109624,6.6,479.5,90.6,8.085,5.86,1.8,0,Rotational,Low,1924.0,18.95
M109625,10.7,472.2,51.8,3.937,9.97,0.0,3,Day,Medium,1221.5,7.27
M109626,0.0,477.7,69.8,2.113,8.03,2.7,0,Rotational,High,1316.8,1.66
M109627,7.8,364.3,68.3,2.153,8.65,2.4,1,Day,High,1246.4,1.7
M109628,11.8,403.0,79.0,5.352,10.81,2.9,2,Night,Medium,1417.5,10.14
M109629,14.5,426.0,57.9,4.113,10.44,6.4,3,Day,Medium,1246.2,4.94
M109630,9.9,391.5,59.1,1.727,7.66,0.0,0,Night,Low,1020.4,5.35
M109631,13.7,286.9,52.7,2.01,10.28,5.3,0,Day,High,996.5,2.71
M109632,7.7,315.0,61.8,1.141,9.05,0.0,0,Rotational,Medium,1166.3,2.72
M109633,7.0,439.5,70.8,5.232,10.13,1.2,3,Day,Medium,1466.0,8.48
M109634,9.1,497.0,48.2,4.685,9.47,2.6,0,Rotational,Low,1117.5,10.85
M109635,7.0,420.8,63.1,1.926,7.24,0.9,3,Rotational,Medium,1229.8,4.4
M109636,3.9,655.0,74.7,4.594,8.43,2.8,1,Day,Low,1581.8,8.42
M109637,4.9,341.8,66.9,8.96,5.88,6.4,1,Rotational,Medium,1139.1,12.18
M109638,2.6,457.8,68.8,1.538,9.78,0.0,2,Night,Medium,1434.5,6.18
M109639,9.1,529.8,51.4,2.441,10.1,4.3,1,Day,High,1212.8,2.36
M109640,7.0,510.6,66.9,1.521,8.44,1.8,0,Day,Medium,1393.9,1.97
M109641,5.6,475.7,68.3,5.335,9.33,1.3,1,Day,Low,1333.4,8.64
M109642,4.7,511.0,66.2,3.164,8.04,2.5,1,Night,Medium,1414.6,6.15
M109643,9.0,424.7,69.7,2.721,11.38,4.4,1,Rotational,Low,,5.58
M109644,10.1,561.3,64.6,3.72,7.57,0.0,1,Day,,1352.8,5.81
M109645,2.5,529.1,63.0,2.513,9.03,2.6,2,Day,Low,1249.0,4.76
M109646,1.8,347.6,56.6,2.716,7.55,0.7,1,Day,High,1024.2,4.54
M109647,10.8,447.3,78.7,3.809,9.85,3.0,2,Night,High,1530.1,6.62
M109648,1.5,288.5,54.5,2.447,11.06,2.7,0,Night,Medium,1054.0,4.75
M109649,9.2,549.4,69.7,2.626,6.39,2.7,1,Day,Medium,1332.4,4.57
M109650,13.5,439.1,87.9,3.07,10.48,2.9,3,Night,Medium,1592.5,11.96
M109651,13.5,534.6,80.1,3.475,11.95,2.1,6,Day,Medium,1533.3,10.1
M109652,10.0,410.7,73.6,4.485,9.69,4.6,3,Night,Medium,1346.6,8.36
M109653,9.8,262.2,70.7,4.444,8.49,0.9,1,Rotational,High,1135.0,5.29
M109654,16.0,644.2,66.6,1.569,9.44,2.5,1,Day,Medium,1500.7,3.63
M109655,0.0,431.1,58.1,6.713,8.68,4.3,2,Night,Medium,1223.9,11.52
M109656,5.1,335.0,76.5,10.282,12.45,1.3,1,Night,High,1920.7,12.03
M109657,10.4,517.4,74.3,2.813,10.75,2.0,2,Day,Low,1355.4,6.03
M109658,5.7,593.0,72.3,2.113,10.85,3.1,2,Day,Medium,1521.5,5.44
M109659,12.0,402.8,76.7,8.976,12.73,1.5,3,Rotational,Low,1409.9,14.11
M109660,6.8,411.6,81.4,10.804,11.52,0.8,2,Day,Medium,1391.9,17.85
M109661,7.5,440.2,66.3,8.441,9.32,4.5,3,Night,Medium,1113.3,14.65
M109662,5.9,325.6,70.1,3.528,9.54,3.4,2,Rotational,Medium,1182.5,6.58
M109663,4.9,361.3,47.1,3.943,13.04,0.5,2,Rotational,Low,1208.5,9.34
M109664,4.8,571.5,92.8,6.997,8.39,3.8,4,Night,Medium,1673.2,17.28
M109665,8.1,408.8,63.4,2.944,9.24,1.9,3,Day,Medium,1281.8,3.98
M109666,3.9,348.8,75.2,4.352,7.98,0.0,2,Day,High,1269.7,5.97
M109667,10.8,381.6,63.4,3.72,6.77,0.1,1,Night,Medium,1229.7,8.55
M109668,9.6,511.2,63.2,8.666,8.18,0.7,4,Rotational,Medium,1307.1,13.71
M109669,11.4,252.0,65.4,6.808,8.21,0.0,2,Day,Medium,1112.9,8.98
M109670,2.5,441.6,54.3,3.099,8.56,4.8,0,Day,High,1141.2,3.4
M109671,0.2,629.3,40.7,7.117,10.42,0.2,0,Day,Medium,1233.3,14.07
M109672,7.0,592.6,80.8,3.314,9.48,2.9,0,Day,Low,1563.4,8.54
M109673,18.6,468.7,74.0,2.527,11.02,0.9,5,Rotational,Low,1485.5,7.29
M109674,12.1,531.9,57.9,2.879,9.73,5.9,2,Day,Medium,1356.8,5.12
M109675,4.8,531.1,73.0,3.574,9.77,0.8,0,Night,Medium,1467.8,7.69
M109676,8.7,409.3,77.1,2.242,9.06,1.1,0,Day,Medium,1406.9,5.42
M109677,9.9,498.6,60.4,2.563,12.42,1.9,3,Day,Medium,1358.5,6.69
M109678,1.5,572.0,72.5,1.613,8.86,0.5,2,Night,High,1488.9,4.26
M109679,12.5,312.6,79.1,2.201,10.88,2.6,1,Rotational,Low,,6.08
M109680,6.3,469.0,52.2,3.733,7.73,1.2,1,Day,Low,1070.0,7.49
M109681,6.6,450.7,73.9,5.591,9.13,0.5,1,Day,Medium,1248.9,9.03
M109682,7.1,428.8,72.0,5.244,12.51,0.0,3,Day,High,1482.6,5.61
M109683,11.6,421.2,88.7,4.116,10.53,0.8,3,Night,High,1528.0,11.9
M109684,4.0,439.7,74.1,1.546,7.4,1.0,1,Day,Medium,1312.9,3.92
M109685,0.2,446.8,63.5,2.159,7.95,1.2,2,Day,Low,1211.3,4.42
M109686,8.3,515.1,64.8,3.008,11.9,1.9,0,Day,Medium,1393.4,5.07
M109687,0.0,460.5,90.3,5.373,9.63,2.3,4,Rotational,High,1608.1,10.83
M109688,5.8,404.9,64.1,2.513,9.09,2.7,0,Day,Medium,1199.8,4.33
M109689,11.7,348.6,74.4,1.804,8.33,1.3,2,Night,Low,1257.1,7.59
M109690,9.3,379.8,65.4,6.849,9.02,4.0,2,Rotational,Medium,1187.6,9.11
M109691,11.2,442.2,79.9,2.299,11.62,1.2,1,Day,Medium,1571.4,4.81
M109692,9.5,360.0,80.4,1.889,8.45,1.6,3,Day,Low,1388.0,7.02
M109693,16.6,500.4,67.8,3.72,8.6,0.0,3,Night,Low,1479.7,10.38
M109694,4.6,456.6,63.5,3.238,10.4,1.6,1,Rotational,Medium,1305.7,4.84
M109695,8.6,517.2,63.3,2.586,7.94,1.2,0,Day,Low,1290.9,3.85
M109696,5.2,365.7,49.0,3.321,8.1,1.3,1,Night,,1063.4,6.21
M109697,10.8,349.4,69.1,2.09,9.51,3.4,1,Day,Medium,1188.6,5.32
M109698,6.8,516.6,68.9,2.571,9.55,0.0,1,Day,Medium,1450.0,5.1
M109699,13.9,431.0,59.0,3.261,8.29,3.2,0,Day,High,1195.2,3.49
M109700,4.9,402.8,47.8,,10.21,1.0,1,Night,Low,1150.9,9.66
M109701,12.6,479.4,70.3,5.352,9.83,4.0,2,Day,High,1341.7,7.73
M109702,9.4,476.2,71.7,1.671,6.54,0.0,1,Night,Low,1295.3,8.26
M109703,6.9,313.3,72.3,2.076,10.67,0.6,2,Rotational,High,1290.8,4.05
M109704,9.2,537.7,57.1,5.474,8.65,4.2,4,Day,Medium,1292.2,9.93
M109705,8.0,385.1,72.4,4.413,10.71,1.2,1,Day,Low,1315.3,7.72
M109706,8.4,564.5,66.0,3.468,12.62,0.0,1,Day,Low,1542.9,6.28
M109707,6.2,306.6,77.5,1.413,9.4,0.6,1,Night,Medium,1304.3,5.26
M109708,4.2,447.0,57.3,2.453,8.53,2.2,2,Rotational,Medium,1221.9,5.31
M109709,5.7,404.2,80.7,2.98,11.57,0.3,1,Day,High,1378.2,5.34
M109710,0.3,252.1,84.6,3.09,8.24,0.2,1,Night,High,1181.4,6.61
M109711,10.4,475.9,69.3,5.875,12.34,3.1,3,Day,High,1385.1,7.26
M109712,2.1,256.5,,8.999,8.8,0.0,4,Night,Low,1212.6,14.56
M109713,6.1,395.2,76.6,4.515,8.56,1.3,2,Day,High,1358.2,5.8
M109714,9.6,513.9,56.7,2.542,13.05,0.7,0,Day,Low,1448.1,7.13
M109715,10.4,374.9,62.7,6.093,10.04,1.2,3,Rotational,Medium,1187.0,9.73
M109716,0.0,343.2,70.0,2.472,11.93,0.1,0,Day,Medium,1318.1,2.19
M109717,6.6,488.0,90.3,0.894,9.46,0.0,3,Rotational,High,1520.2,7.46
M109718,8.8,398.8,54.8,1.778,9.35,7.1,0,Day,High,1210.0,1.46
M109719,7.2,385.6,86.0,1.014,5.5,0.4,1,,Medium,1314.0,5.57
M109720,12.4,528.4,65.9,2.74,11.02,3.3,0,Day,Medium,1462.7,4.02
M109721,3.7,320.8,67.6,3.037,10.08,1.7,2,Day,Medium,1223.8,6.03
M109722,0.0,380.9,81.4,1.497,9.33,3.9,0,Day,Medium,1359.9,3.29
M109723,10.2,493.6,90.2,2.166,10.39,0.6,6,Night,High,1544.9,10.5
M109724,4.9,315.3,72.7,1.627,9.56,3.7,2,Day,Low,1283.7,4.51
M109725,0.0,570.9,80.8,3.116,8.08,1.4,0,Day,Medium,1502.0,5.69
M109726,6.4,401.6,57.9,2.167,10.04,1.1,1,,,1068.0,2.41
M109727,11.9,494.3,62.2,5.501,9.21,4.5,2,Night,Low,1424.2,9.97
M109728,1.9,494.2,53.1,3.614,10.61,1.0,3,Rotational,Medium,1270.4,5.97
M109729,16.3,407.1,75.7,23.235,9.08,5.0,3,Day,High,2061.3,33.1
M109730,3.6,379.3,74.2,2.645,8.8,,1,,Medium,1268.5,6.06
M109731,7.3,416.3,,9.701,8.68,0.4,3,Rotational,High,1225.6,11.33
M109732,2.1,480.6,87.0,3.324,8.17,5.0,0,Day,Medium,1483.6,8.4
M109733,7.2,336.2,90.6,2.549,8.72,0.2,1,Day,High,1504.1,7.94
M109734,6.5,317.7,66.5,11.071,10.15,1.8,3,Day,Medium,1147.5,17.5
M109735,1.0,546.2,60.5,1.331,8.38,1.4,0,Night,Medium,,4.42
M109736,18.3,357.5,80.8,2.518,7.74,0.5,1,Rotational,Medium,1279.9,7.13
M109737,5.0,450.1,81.9,1.444,10.68,0.7,1,Night,Low,1468.8,8.18
M109738,5.0,402.8,72.9,1.324,9.29,2.0,1,Rotational,High,1402.9,3.25
M109739,10.9,406.6,75.8,1.181,10.65,3.0,1,Night,High,1442.9,5.18
M109740,14.3,541.6,74.0,4.519,9.17,0.8,0,Night,Medium,1488.5,7.91
M109741,11.5,412.8,57.1,1.708,8.64,3.9,1,Day,Medium,1193.6,3.55
M109742,2.2,389.7,54.6,2.923,6.89,0.4,2,Night,Medium,1019.5,6.78
M109743,7.9,397.1,67.4,5.186,7.81,1.4,2,Day,,1323.8,7.5
M109744,0.0,377.2,65.8,4.186,8.19,2.9,5,Day,,1183.5,7.71
M109745,10.6,363.0,71.0,4.084,9.92,0.0,1,Night,Low,1341.3,7.95
M109746,0.5,377.5,66.6,6.092,9.34,0.3,1,Rotational,Medium,1352.4,8.35
M109747,3.8,561.4,49.3,7.424,7.96,0.0,2,Night,High,1154.9,11.1
M109748,7.0,480.5,44.8,1.776,5.5,0.0,1,Day,Medium,944.2,8.28
M109749,8.8,390.7,76.1,4.227,10.19,4.2,0,Rotational,Medium,1387.5,5.96
M109750,6.0,503.4,,2.898,10.82,4.1,1,Night,High,1335.4,3.71
M109751,13.1,285.1,65.4,3.085,10.95,1.3,1,Day,Medium,1211.3,5.09
M109752,9.9,536.9,,1.559,8.05,0.7,2,Night,Low,1265.8,7.47
M109753,9.6,530.1,58.0,2.545,11.04,3.2,0,Day,Medium,1307.9,5.86
M109754,2.1,610.1,57.7,2.688,10.35,1.8,0,Day,Medium,1362.7,4.76
M109755,13.8,506.0,79.2,6.788,10.34,0.5,2,Night,Medium,1560.3,13.85
M109756,3.8,457.2,65.4,1.863,8.59,2.9,1,,Medium,1325.2,4.15
M109757,14.0,529.7,,1.007,9.3,3.6,0,Day,Low,1466.8,4.5
M109758,15.1,366.8,76.5,3.31,12.25,2.2,1,Day,Low,1569.3,6.96
M109759,9.1,386.4,71.5,1.771,12.02,1.7,3,Day,High,1443.0,4.29
M109760,11.1,414.5,,3.096,9.43,3.3,1,Night,Medium,1331.3,6.31
M109761,0.0,536.4,68.2,4.62,9.79,2.3,1,Day,Medium,1399.4,6.2
M109762,6.2,347.3,83.0,3.158,6.21,1.6,1,Night,Medium,1411.3,6.32
M109763,11.4,338.2,77.1,2.676,11.31,2.5,0,Night,Medium,,6.7
M109764,10.7,440.1,78.5,3.07,10.62,2.2,1,Night,High,1618.0,7.22
M109765,2.1,481.0,57.7,,10.02,1.3,2,Day,Low,1276.3,10.3
M109766,5.8,360.2,70.9,1.864,8.6,1.1,1,Day,Medium,1297.2,3.63
M109767,0.0,477.0,47.8,4.779,9.6,0.8,4,Rotational,High,1151.2,8.22
M109768,8.7,536.3,83.4,2.009,11.7,2.5,2,Rotational,High,1521.4,6.77
M109769,0.0,522.0,61.1,4.486,10.04,,0,Night,High,1386.7,8.86
M109770,11.5,450.0,62.7,1.535,13.45,3.3,1,Day,Medium,1332.3,2.11
M109771,11.7,412.3,66.7,17.015,10.72,1.7,0,Rotational,High,1502.6,23.88
M109772,5.1,567.5,67.6,3.155,8.12,5.8,0,Day,Medium,1465.9,2.53
M109773,9.1,421.3,65.0,3.484,8.88,2.2,4,Rotational,High,1272.7,7.13
M109774,6.1,499.9,88.0,5.363,8.44,2.0,2,Day,Low,1473.3,12.64
M109775,8.0,586.5,77.5,2.202,10.79,1.6,3,Day,Low,1552.1,8.25
M109776,2.4,491.0,62.3,3.279,11.23,1.2,3,Day,High,1231.1,2.98
M109777,9.5,335.2,49.7,3.864,12.07,3.8,3,Day,Medium,1069.2,7.01
M109778,0.4,314.7,42.9,2.859,9.0,1.8,1,Rotational,Low,947.9,7.32
M109779,0.0,394.7,,4.751,10.2,3.6,0,Rotational,Low,,6.77
M109780,6.5,480.3,53.4,3.915,11.42,0.9,0,Day,Low,1260.0,8.13
M109781,6.2,457.8,71.8,2.484,11.82,0.2,0,Rotational,Low,1414.8,5.23
M109782,8.1,607.6,66.4,6.236,7.65,1.8,2,Day,High,1413.6,9.79
M109783,4.4,457.0,68.2,4.397,10.43,0.4,1,Night,Medium,1303.7,6.85
M109784,14.5,392.2,57.6,2.179,7.71,3.8,3,Day,,1078.2,3.26
M109785,7.6,323.7,69.7,2.168,8.6,2.7,0,Day,Low,1163.3,3.24
M109786,7.9,520.3,52.4,2.975,7.54,1.3,0,Day,Medium,1372.9,7.23
M109787,7.8,419.5,67.0,4.153,8.57,5.1,1,Night,Medium,1312.0,4.5
M109788,11.0,292.0,77.1,1.098,7.33,2.0,2,Rotational,High,1343.5,3.79
M109789,9.3,421.9,64.0,2.225,7.73,2.5,0,Rotational,Low,1176.2,5.02
M109790,8.8,335.4,72.9,2.487,8.14,0.0,1,Rotational,Medium,1180.6,6.51
M109791,9.9,383.8,46.3,1.618,9.95,0.1,0,Rotational,Low,985.1,7.41
M109792,0.0,420.5,45.4,1.992,9.55,1.8,0,Day,High,1026.3,4.52
M109793,0.0,343.1,71.6,3.556,7.03,1.7,0,Day,Medium,1158.6,3.71
M109794,6.7,378.6,79.5,2.6,13.61,2.9,3,Night,Low,1446.2,8.68
M109795,6.2,356.7,65.4,2.704,8.77,3.6,1,Night,Low,1173.3,6.71
M109796,9.3,359.0,91.6,1.666,7.51,1.6,1,Day,Low,1450.8,9.82
M109797,7.1,334.3,52.1,2.984,10.37,1.3,5,Day,Low,1124.7,6.92
M109798,9.3,379.0,60.5,1.565,9.49,0.0,2,Night,Medium,1226.3,4.98
M109799,2.0,344.0,,6.886,8.28,3.0,1,Rotational,High,1382.6,8.46
M109800,7.0,469.9,73.1,7.938,10.09,0.6,3,Day,,1393.0,12.74
M109801,1.6,437.1,61.6,2.621,8.49,2.4,1,Day,Low,1337.7,6.44
M109802,8.5,521.6,56.3,1.894,9.06,2.4,0,Rotational,Low,1320.1,5.51
M109803,0.0,580.4,74.8,5.09,11.7,2.5,1,Day,Medium,1626.0,7.48
M109804,8.4,477.6,69.5,4.465,9.69,0.7,1,Day,High,1388.6,5.91
M109805,1.1,458.2,64.2,8.477,10.42,1.1,4,Day,Low,1321.9,14.13
M109806,5.5,482.9,73.5,9.685,8.72,0.5,5,Night,Medium,1500.9,17.49
M109807,10.6,459.7,66.5,1.205,9.73,1.6,3,Rotational,High,1452.3,2.42
M109808,7.9,424.3,66.5,5.926,8.34,0.0,1,Day,Medium,1268.1,6.13
M109809,0.4,417.5,66.1,2.971,8.28,2.0,1,Day,Medium,1234.8,4.2
M109810,4.3,333.2,59.0,4.369,8.88,2.1,0,Day,Medium,1093.9,4.27
M109811,1.0,491.3,57.8,4.898,8.46,4.5,0,Night,Medium,1251.9,6.5
M109812,0.2,417.3,62.2,4.797,11.06,1.1,2,Day,Medium,1204.4,6.02
M109813,7.5,543.2,68.4,5.475,10.37,0.0,2,Night,Low,1325.5,8.96
M109814,9.2,497.8,47.4,2.509,6.06,1.6,1,Day,High,1051.6,5.56
M109815,8.8,366.8,78.4,2.062,12.09,3.4,2,Rotational,High,1385.9,4.21
M109816,9.4,526.0,68.2,6.01,10.46,2.0,1,Day,Low,,8.99
M109817,7.0,202.3,56.3,2.147,11.22,0.5,2,Night,Medium,1037.8,4.25
M109818,5.9,584.1,85.8,8.421,9.24,3.4,3,Night,Medium,1671.2,19.07
M109819,2.7,306.2,68.5,2.266,7.26,4.2,1,Night,High,1168.2,4.13
M109820,5.2,462.1,53.3,,7.51,1.5,2,Day,Medium,1183.1,7.16
M109821,1.7,456.3,85.3,3.019,12.06,1.3,2,Day,Low,1555.4,8.06
M109822,3.6,515.5,82.9,1.536,7.06,3.4,2,Rotational,Medium,1484.3,6.85
M109823,7.4,392.1,58.0,1.539,7.33,3.4,2,Day,Medium,1191.1,5.17
M109824,6.5,237.6,64.4,5.238,8.85,1.7,3,Day,Medium,1021.4,6.95
M109825,19.3,392.2,63.0,1.405,7.42,5.1,0,Night,Medium,1179.2,4.31
M109826,1.6,401.4,47.2,11.703,10.3,0.2,3,Night,High,1103.6,18.89
M109827,6.5,245.8,71.6,3.167,10.42,0.1,1,Rotational,Low,1176.4,6.28
M109828,1.3,423.9,77.3,1.984,10.12,5.5,3,Rotational,Medium,1417.8,6.7
M109829,5.4,328.6,75.2,4.096,8.58,3.3,2,Day,Medium,1316.0,4.32
M109830,5.6,475.2,,0.97,9.93,2.7,1,Rotational,Medium,1310.4,3.16
M109831,10.4,399.1,78.4,2.81,12.18,2.9,0,Night,High,1503.5,6.34
M109832,5.2,586.7,55.5,2.996,7.35,0.9,1,Rotational,Medium,1311.8,5.9
M109833,6.2,398.2,,1.763,11.18,3.3,1,,Low,1407.5,8.71
M109834,5.3,456.6,59.5,2.421,10.71,3.2,3,Rotational,Medium,1219.1,5.45
M109835,1.4,401.9,60.7,7.121,9.34,1.5,3,Day,Medium,1250.0,11.02
M109836,4.4,282.0,61.7,3.639,9.75,0.3,1,Day,Medium,1214.8,4.3
M109837,5.5,402.6,60.9,4.054,10.04,2.4,0,Day,Medium,1237.8,4.57
M109838,7.3,484.0,65.9,2.24,8.04,2.6,1,Day,High,1298.5,2.88
M109839,9.2,471.2,65.5,1.713,7.05,5.6,1,Day,High,1246.5,1.74
M109840,6.1,395.1,69.4,2.943,10.86,2.2,3,Day,High,1368.2,4.09
M109841,6.0,296.2,59.0,0.972,7.63,2.8,1,Rotational,Medium,999.3,3.26
M109842,0.1,474.8,69.8,,7.86,0.0,2,Night,Medium,1356.0,5.66
M109843,9.2,455.7,56.0,1.775,8.73,1.0,0,Day,High,1167.3,2.68
M109844,4.2,491.7,76.1,1.198,9.93,0.0,0,Day,Medium,1359.2,3.08
M109845,10.0,396.7,95.1,16.065,8.75,0.8,0,Day,Medium,1761.9,30.08
M109846,12.3,276.8,67.9,3.11,8.41,0.0,0,Day,Low,1113.7,4.39
M109847,6.2,465.4,60.9,2.436,10.93,2.1,1,Day,High,1244.2,3.45
M109848,2.9,419.2,71.4,4.644,9.0,3.0,1,Day,Medium,1427.0,5.68
M109849,6.9,538.3,58.2,1.459,8.3,4.2,1,Day,Low,1254.6,4.27
M109850,8.4,422.4,68.4,1.696,10.09,1.6,0,Day,,1248.9,1.59
M109851,5.7,416.1,66.3,5.805,9.59,1.2,0,Day,High,1346.8,6.29
M109852,4.7,455.5,96.9,10.389,9.54,3.8,4,Day,Medium,,22.08
M109853,9.3,369.3,54.5,4.674,10.17,1.5,2,Night,Medium,1041.3,8.46
M109854,9.0,365.2,38.7,4.203,9.29,1.3,0,Night,Low,1037.4,13.87
M109855,5.6,411.7,61.0,2.482,10.77,3.0,1,Day,High,1215.3,2.34
M109856,0.4,341.8,49.1,2.511,7.36,0.0,0,Day,Medium,1035.0,5.44
M109857,8.8,400.5,60.0,3.72,11.36,0.0,0,Rotational,Medium,1343.2,6.92
M109858,3.9,584.9,53.7,6.596,8.13,2.5,2,Rotational,Medium,1169.3,10.86
M109859,7.9,508.6,58.1,4.109,7.05,0.0,2,Night,High,1164.2,7.47
M109860,7.6,446.2,56.3,5.36,8.32,4.3,0,Night,High,1168.2,5.26
M109861,0.0,551.9,78.6,2.1,8.98,4.7,2,Day,Medium,1579.3,5.38
M109862,7.3,349.9,67.5,4.52,8.4,1.5,3,Rotational,Low,1237.0,6.41
M109863,9.1,631.7,79.8,2.373,8.05,4.9,3,Day,Medium,1582.7,6.92
M109864,9.5,380.9,68.4,3.561,11.02,1.7,1,Day,Medium,1335.1,4.63
M109865,7.5,590.3,78.2,4.517,8.19,2.7,3,Day,Low,1477.2,9.5
M109866,0.0,589.9,64.7,2.546,6.11,1.6,0,Day,Low,1369.8,4.16
M109867,12.1,271.0,85.5,1.997,8.97,4.7,2,Day,Medium,1313.0,5.59
M109868,8.6,544.7,73.2,3.98,12.57,1.2,1,Day,Low,1574.3,5.61
M109869,2.2,395.9,59.4,3.104,7.9,0.0,1,Day,High,1113.9,4.6
M109870,3.8,371.7,,,8.15,0.9,0,Day,Low,1287.8,6.16
M109871,7.9,464.6,68.3,4.612,8.89,0.0,2,Day,Medium,1273.5,6.54
M109872,9.7,334.3,65.8,6.383,11.82,3.5,2,Night,Medium,1267.7,6.84
M109873,5.0,462.7,69.1,4.626,8.96,3.8,4,Day,High,1315.1,5.42
M109874,10.3,340.0,76.3,4.332,7.97,0.1,1,Rotational,High,1240.6,5.41
M109875,0.0,435.1,44.7,2.585,10.04,0.1,2,Day,Low,1093.4,6.7
M109876,2.8,533.5,64.1,2.792,9.93,0.6,0,Night,Low,1262.0,7.24
M109877,0.0,452.9,75.5,4.167,10.23,1.1,1,Day,Medium,1481.3,5.71
M109878,3.4,389.4,70.7,2.769,7.91,2.1,1,Day,High,1189.1,5.2
M109879,13.0,466.0,55.6,4.159,8.65,1.7,0,Day,Low,1155.2,7.5
M109880,15.2,300.4,42.0,2.208,11.19,4.7,4,Day,Medium,928.2,7.94
M109881,7.9,348.7,86.7,8.712,10.11,0.0,2,Night,Medium,1321.6,19.13
M109882,4.4,383.4,65.9,3.658,10.71,2.1,4,Night,High,1323.8,5.78
M109883,6.1,486.9,84.7,3.54,9.42,0.1,1,Night,Medium,1524.1,10.03
M109884,8.9,454.5,76.7,2.608,11.08,3.0,2,Day,High,1456.7,5.59
M109885,0.7,465.5,59.3,8.641,9.94,1.9,4,Night,Medium,1375.3,13.91
M109886,4.7,417.7,40.5,1.774,8.71,0.5,3,Day,Medium,960.9,8.45
M109887,12.7,353.0,62.9,2.336,10.62,2.9,2,Rotational,Medium,1106.1,5.8
M109888,2.8,546.5,67.6,5.088,8.19,1.1,1,Day,Medium,1400.6,8.01
M109889,4.0,360.7,73.0,3.743,11.82,0.7,2,Rotational,Low,1387.2,9.76
M109890,7.1,455.6,55.8,2.488,11.01,4.9,2,Rotational,Low,1106.5,7.29
M109891,8.1,410.5,70.0,2.524,9.06,2.1,1,Rotational,High,1199.8,3.81
M109892,4.5,467.9,70.0,2.871,9.22,0.5,2,Rotational,Medium,1386.5,5.81
M109893,7.3,368.5,78.8,3.494,9.7,1.5,2,Day,Low,1352.6,7.74
M109894,9.4,509.5,64.6,7.22,9.24,0.4,1,Rotational,Low,1384.8,10.77
M109895,14.8,537.2,72.9,4.493,11.48,4.0,3,Day,High,1503.9,6.94
M109896,6.5,504.3,71.2,5.538,8.69,2.1,3,Day,High,1400.3,8.88
M109897,6.8,433.4,77.6,2.672,7.25,0.9,3,Rotational,Medium,1374.4,7.9
M109898,13.1,383.0,59.0,4.297,9.11,,2,Day,High,1168.0,4.81
M109899,4.8,659.9,35.0,1.526,10.63,0.2,0,Day,Low,1192.3,11.69
M109900,1.7,335.7,65.4,3.637,11.02,2.7,1,Rotational,High,1189.2,4.77
M109901,8.0,494.9,65.5,3.522,9.67,2.0,3,Rotational,Medium,1400.3,5.85
M109902,11.3,448.3,55.3,8.254,8.55,1.3,2,Day,Medium,1286.4,11.06
M109903,8.4,414.7,51.4,7.234,9.43,3.8,1,Rotational,Low,1175.9,11.32
M109904,6.6,435.7,61.7,2.918,8.52,3.8,3,Night,Low,1177.5,7.21
M109905,1.2,376.6,66.7,2.207,6.04,0.9,0,Night,,1094.0,6.53
M109906,6.8,456.3,69.0,2.237,8.22,0.0,2,Rotational,Medium,1222.7,5.24
M109907,11.9,446.9,42.9,2.865,10.27,4.2,1,Day,Low,1080.1,8.91
M109908,2.1,647.6,48.7,6.365,9.09,0.7,2,Day,Medium,1302.4,12.95
M109909,6.0,511.0,80.4,4.086,9.04,1.5,3,Rotational,High,1462.8,7.46
M109910,5.5,463.9,65.9,4.302,11.16,0.0,1,Night,High,1414.8,5.7
M109911,4.2,468.9,68.0,4.981,8.05,1.7,3,Rotational,High,1291.3,6.69
M109912,8.0,576.4,53.3,2.02,8.2,3.0,1,Night,High,1253.8,5.24
M109913,8.8,337.5,68.0,2.329,10.0,2.2,0,Day,Medium,1178.8,3.35
M109914,8.7,404.5,63.9,4.306,8.43,2.9,0,Day,Medium,1258.3,7.26
M109915,3.1,257.9,61.2,2.249,8.42,1.9,0,Rotational,High,1030.7,1.32
M109916,0.4,467.5,,1.548,11.82,0.0,2,Day,Medium,1082.8,4.6
M109917,8.0,492.1,58.4,1.932,7.89,1.9,1,Rotational,Medium,1284.9,5.29
M109918,5.0,335.4,89.7,5.625,8.4,2.8,1,Rotational,High,1330.6,12.1
M109919,14.4,542.0,64.2,2.754,10.16,2.3,0,Day,High,1307.4,5.27
M109920,14.5,358.9,76.7,3.717,9.43,1.3,3,Rotational,Medium,1239.7,8.92
M109921,15.0,390.9,65.8,1.981,7.44,4.9,2,Day,Medium,,3.25
M109922,3.2,430.2,64.6,,12.18,2.4,0,Day,High,1269.7,3.59
M109923,9.3,555.5,61.0,2.901,8.31,1.4,1,Rotational,Medium,1330.4,5.08
M109924,10.5,347.1,82.8,4.15,9.13,2.1,2,Day,High,1356.2,7.19
M109925,10.0,444.8,72.1,2.614,10.16,3.9,1,Day,High,1391.3,3.81
M109926,5.6,485.9,59.3,4.272,12.74,0.8,0,Day,Low,1438.4,7.12
M109927,12.1,468.3,63.7,2.551,8.89,0.0,0,Rotational,Low,1356.8,6.17
M109928,7.0,471.5,79.8,3.189,8.12,1.0,5,Day,Low,1422.4,9.97
M109929,7.5,484.7,36.8,2.898,10.25,2.7,0,Day,High,1192.2,10.13
M109930,0.8,372.8,71.4,3.364,12.63,0.4,1,Day,Medium,1346.6,5.43
M109931,9.6,563.5,73.9,,9.7,2.5,3,Day,Medium,1417.0,8.26
M109932,6.0,410.6,59.8,2.592,9.07,2.6,0,Day,Medium,1113.2,3.76
M109933,8.9,399.3,69.7,3.127,10.09,2.1,1,,Medium,1340.3,3.71
M109934,7.9,534.5,73.5,3.645,6.39,2.2,2,Day,High,1303.1,4.9
M109935,7.7,366.4,54.5,4.28,8.58,1.4,0,Night,Medium,1113.1,7.3
M109936,6.8,447.2,77.3,3.196,6.76,0.8,2,Day,Low,1391.0,7.72
M109937,10.1,358.6,71.3,,8.96,1.7,0,Night,Medium,1272.5,5.74
M109938,6.2,634.1,66.3,3.467,8.73,0.0,0,Night,Low,1454.6,8.52
M109939,1.2,616.2,69.2,4.642,5.54,1.8,0,Day,High,1389.6,4.34
M109940,9.3,410.6,75.8,1.705,9.77,,2,Night,Medium,1346.9,6.48
M109941,3.8,464.2,93.5,1.715,10.43,2.8,0,Night,Medium,1681.7,10.88
M109942,1.7,420.4,,2.384,9.21,0.0,0,Day,Medium,1389.1,4.5
M109943,2.9,390.4,76.9,3.016,7.21,0.0,3,Night,Medium,1243.4,9.87
M109944,8.1,430.2,70.1,1.107,11.4,,0,Rotational,Low,1233.4,5.88
M109945,6.6,416.5,88.9,4.424,12.35,0.6,3,Night,High,1670.0,12.42
M109946,0.0,290.7,51.9,3.031,10.1,0.3,1,Rotational,Medium,1087.1,5.62
M109947,5.5,442.4,48.9,1.025,8.97,2.8,2,Night,High,1169.3,5.97
M109948,11.7,416.4,69.7,1.903,8.99,0.9,2,Rotational,Low,1218.9,4.12
M109949,5.2,446.5,75.3,2.857,10.15,2.7,0,Day,Medium,1347.9,3.36
M109950,6.3,413.4,39.7,1.369,9.64,0.0,1,Rotational,Medium,1048.9,9.88
M109951,11.2,389.4,68.0,5.394,10.15,0.4,0,Day,Medium,1266.1,6.5
M109952,10.2,494.4,66.0,3.645,10.17,3.5,1,Day,Medium,1349.7,4.66
M109953,11.1,465.3,76.2,4.66,8.39,3.9,2,Night,Medium,1468.9,10.16
M109954,0.0,538.7,72.7,1.985,8.27,0.0,3,Day,High,1423.8,4.14
M109955,13.9,462.1,48.1,4.078,9.08,2.5,2,Day,Low,1136.9,9.82
M109956,9.5,403.2,,2.386,10.2,3.2,1,Day,Medium,1236.0,4.52
M109957,16.8,472.4,59.1,3.015,7.16,5.9,2,Rotational,Low,1137.1,7.73
M109958,3.9,251.6,76.1,3.961,9.16,0.0,2,Day,Low,1232.9,8.95
M109959,0.0,598.8,72.1,3.206,9.45,1.5,1,Day,Low,1613.0,5.23
M109960,7.0,443.3,61.2,4.974,8.77,1.3,1,Day,Low,1300.2,8.52
M109961,5.9,605.7,69.6,3.559,11.6,0.2,2,Day,Medium,1506.7,7.74
M109962,9.6,346.1,56.4,2.634,11.35,1.4,2,Rotational,Medium,1170.9,3.62
M109963,11.3,325.0,90.5,5.06,10.12,3.9,4,Night,High,1406.9,13.6
M109964,6.7,451.1,74.3,5.623,12.16,2.4,1,Night,High,1444.9,8.32
M109965,6.0,450.8,76.6,3.469,10.82,3.0,3,Rotational,Low,1410.7,6.99
M109966,9.1,448.8,83.1,6.476,9.7,2.9,2,Night,Low,1468.4,13.65
M109967,6.0,435.8,79.2,2.951,8.78,1.2,2,Rotational,High,1455.9,7.8
M109968,5.6,366.6,68.3,3.114,8.91,1.6,1,Day,Medium,1187.8,2.58
M109969,11.1,293.7,66.0,3.327,10.07,1.3,2,Night,Medium,1246.0,7.11
M109970,12.0,444.1,82.2,,8.94,0.0,2,Rotational,Medium,1549.9,7.56
M109971,11.3,311.0,68.3,2.843,7.22,3.2,0,Day,High,1052.6,4.22
M109972,6.3,303.0,59.8,2.322,8.93,2.6,0,Day,,1103.2,4.09
M109973,0.0,387.6,89.6,2.02,11.04,3.0,1,Rotational,High,1530.2,6.49
M109974,6.4,456.6,57.7,3.509,5.64,0.8,2,Day,Medium,1169.1,5.81
M109975,4.0,589.0,48.9,,11.6,2.1,5,Rotational,Medium,1316.1,13.4
M109976,6.5,503.2,78.9,4.988,10.36,0.8,0,Night,Low,1495.5,12.15
M109977,4.3,541.8,60.0,4.031,9.15,2.1,3,Night,Medium,1418.4,8.68
M109978,6.9,475.6,72.8,6.2,9.93,3.6,2,Night,Medium,1485.6,8.39
M109979,2.8,451.2,88.0,3.352,10.94,0.0,1,Rotational,Medium,1541.6,8.96
M109980,1.9,633.0,52.9,2.025,9.55,1.4,0,Night,Low,1347.6,7.65
M109981,11.9,307.6,67.5,2.788,10.92,0.9,3,Day,High,1261.3,3.36
M109982,3.1,384.9,84.3,3.221,10.78,1.6,1,Rotational,High,1383.3,6.96
M109983,7.0,391.5,75.5,2.57,9.76,1.3,1,Night,Medium,1400.5,5.18
M109984,10.8,496.0,66.0,4.504,7.83,4.4,1,Rotational,Medium,1211.7,5.66
M109985,10.7,336.8,94.3,5.3,9.35,2.5,5,Rotational,Medium,1533.4,13.98
M109986,10.2,484.9,67.0,1.396,6.44,2.7,0,Day,Medium,1243.1,3.29
M109987,8.2,469.3,72.4,3.087,10.17,2.6,3,Night,Medium,1338.7,7.95
M109988,9.9,489.1,86.1,0.778,8.87,0.5,0,Rotational,High,1540.7,6.03
M109989,12.5,487.6,78.8,3.172,8.58,1.0,0,Day,Low,1452.6,6.16
M109990,8.7,550.8,,3.154,10.48,0.0,2,Rotational,Medium,1471.6,9.19
M109991,0.0,415.8,58.1,8.07,7.59,4.8,0,Night,Low,1035.0,11.99
M109992,4.9,465.1,,6.946,9.67,1.1,3,Rotational,Medium,1464.2,14.35
M109993,9.8,357.4,69.9,5.292,8.99,1.1,4,Night,Medium,1132.7,9.53
M109994,4.5,338.0,59.8,2.055,9.23,1.5,0,Day,High,1101.9,1.09
M109995,13.5,570.0,70.4,1.996,9.93,2.5,2,Rotational,High,1515.1,4.59
M109996,6.7,351.0,70.1,1.919,12.24,0.0,0,Day,Low,1349.7,3.93
M109997,7.3,474.5,88.5,7.123,10.1,1.8,5,Rotational,Low,1532.0,16.22
M109998,11.5,465.1,72.2,2.106,11.54,0.5,1,Day,Low,1404.0,5.39
M109999,6.3,519.9,59.4,2.738,11.59,0.0,0,Day,Medium,1379.8,4.35
